season,competition_id,date,home_team_id,away_team_id,home_goals,away_goals,home_shots_on_target,away_shots_on_target,closing_home_odds,closing_draw_odds,closing_away_odds,home_elo,away_elo,home_rolling_goal_difference,away_rolling_goal_difference,home_rolling_goal_difference_at_home,away_rolling_goal_difference_at_away,h2h_rolling_goal_difference,home_rolling_shots_on_target,away_rolling_shots_on_target,home_manager_h2h_avg_goals,home_manager_h2h_avg_shots,home_manager_h2h_avg_shots_on_target,home_manager_h2h_avg_corners,home_manager_h2h_avg_fouls,home_manager_h2h_avg_yellow_cards,home_manager_h2h_avg_red_cards,away_manager_h2h_avg_goals,away_manager_h2h_avg_shots,away_manager_h2h_avg_shots_on_target,away_manager_h2h_avg_corners,away_manager_h2h_avg_fouls,away_manager_h2h_avg_yellow_cards,away_manager_h2h_avg_red_cards,full_time_result,home_win,draw,away_win,h2h_home_wins,h2h_draws,h2h_away_wins
2017-2018,x-00005,2017-08-11,t-00002,t-00032,4.0,3.0,10.0,3.0,1.49,4.73,7.25,1848.28649902,1716.99487305,0,0,0,0,0.0,0,0,0.0,0.0,0.0,0.0,0.0,0.0,0.0,0.0,0.0,0.0,0.0,0.0,0.0,0.0,H,1,0,0,0.0,0.0,0.0
2017-2018,x-00005,2017-08-12,t-00012,t-00035,0.0,2.0,2.0,4.0,11.75,6.15,1.29,1583.79980469,1866.80700684,0,0,0,0,0.0,0,0,0.0,0.0,0.0,0.0,0.0,0.0,0.0,0.0,0.0,0.0,0.0,0.0,0.0,0.0,A,0,0,1,0.0,0.0,0.0
2017-2018,x-00005,2017-08-12,t-00067,t-00033,3.0,3.0,4.0,5.0,6.88,4.27,1.56,1603.66809082,1837.41552734,0,0,0,0,0.0,0,0,0.0,0.0,0.0,0.0,0.0,0.0,0.0,0.0,0.0,0.0,0.0,0.0,0.0,0.0,D,0,1,0,0.0,0.0,0.0
2017-2018,x-00005,2017-08-12,t-00025,t-00060,1.0,0.0,4.0,1.0,1.82,3.49,5.42,1751.50134277,1662.61376953,0,0,0,0,0.0,0,0,0.0,0.0,0.0,0.0,0.0,0.0,0.0,0.0,0.0,0.0,0.0,0.0,0.0,0.0,H,1,0,0,0.0,0.0,0.0
2017-2018,x-00005,2017-08-12,t-00068,t-00009,1.0,0.0,6.0,2.0,2.65,3.21,3.02,1645.13134766,1653.75756836,0,0,0,0,0.0,0,0,0.0,0.0,0.0,0.0,0.0,0.0,0.0,0.0,0.0,0.0,0.0,0.0,0.0,0.0,H,1,0,0,0.0,0.0,0.0
2017-2018,x-00005,2017-08-12,t-00022,t-00028,0.0,3.0,4.0,6.0,1.79,3.56,5.51,1642.86242676,1475.79931641,0,0,0,0,0.0,0,0,0.0,0.0,0.0,0.0,0.0,0.0,0.0,0.0,0.0,0.0,0.0,0.0,0.0,0.0,A,0,0,1,0.0,0.0,0.0
2017-2018,x-00005,2017-08-12,t-00057,t-00062,0.0,0.0,2.0,0.0,1.56,4.25,6.85,1692.06628418,1649.37011719,0,0,0,0,0.0,0,0,0.0,0.0,0.0,0.0,0.0,0.0,0.0,0.0,0.0,0.0,0.0,0.0,0.0,0.0,D,0,1,0,0.0,0.0,0.0
2017-2018,x-00005,2017-08-12,t-00018,t-00014,2.0,3.0,6.0,5.0,1.33,5.4,12.25,1909.3996582,1628.98840332,0,0,0,0,0.0,0,0,0.0,0.0,0.0,0.0,0.0,0.0,0.0,0.0,0.0,0.0,0.0,0.0,0.0,0.0,A,0,0,1,0.0,0.0,0.0
2017-2018,x-00005,2017-08-13,t-00036,t-00069,4.0,0.0,6.0,1.0,1.31,5.79,12.01,1857.80200195,1672.55529785,0,0,0,0,0.0,0,0,0.0,0.0,0.0,0.0,0.0,0.0,0.0,0.0,0.0,0.0,0.0,0.0,0.0,0.0,H,1,0,0,0.0,0.0,0.0
2017-2018,x-00005,2017-08-13,t-00040,t-00064,0.0,2.0,3.0,6.0,4.82,3.9,1.8,1623.17907715,1887.51184082,0,0,0,0,0.0,0,0,0.0,0.0,0.0,0.0,0.0,0.0,0.0,0.0,0.0,0.0,0.0,0.0,0.0,0.0,A,0,0,1,0.0,0.0,0.0
2017-2018,x-00005,2017-08-19,t-00062,t-00036,0.0,4.0,1.0,8.0,11.55,5.25,1.34,1656.47155762,1866.90808105,0,4,0,0,0.0,0,6,0.0,4.0,0.0,0.0,13.0,1.0,0.0,4.0,22.0,6.0,11.0,19.0,2.0,0.0,A,0,0,1,0.0,0.0,0.0
2017-2018,x-00005,2017-08-19,t-00060,t-00002,1.0,0.0,4.0,6.0,4.37,3.92,1.86,1662.23205566,1855.38903809,-1,1,0,0,0.0,1,10,0.0,9.0,1.0,7.0,10.0,1.0,0.0,4.0,27.0,10.0,9.0,9.0,0.0,0.0,H,1,0,0,0.0,0.0,0.0
2017-2018,x-00005,2017-08-19,t-00057,t-00069,3.0,2.0,5.0,8.0,1.7,4.02,5.45,1692.53527832,1671.01965332,0,-4,0,-4,0.0,2,1,0.0,29.0,2.0,13.0,10.0,2.0,0.0,0.0,9.0,1.0,1.0,7.0,2.0,0.0,H,1,0,0,0.0,0.0,0.0
2017-2018,x-00005,2017-08-19,t-00009,t-00067,0.0,2.0,2.0,7.0,2.1,3.52,3.84,1651.28466797,1611.68066406,-1,0,0,0,0.0,2,4,0.0,9.0,2.0,2.0,3.0,1.0,0.0,3.0,9.0,4.0,3.0,14.0,0.0,0.0,A,0,0,1,0.0,0.0,0.0
2017-2018,x-00005,2017-08-19,t-00032,t-00012,2.0,0.0,4.0,2.0,1.76,3.73,5.45,1717.46289062,1582.86523438,-1,-2,0,0,0.0,3,2,3.0,6.0,3.0,4.0,12.0,1.0,0.0,0.0,6.0,2.0,3.0,6.0,0.0,0.0,H,1,0,0,0.0,0.0,0.0
2017-2018,x-00005,2017-08-19,t-00014,t-00068,0.0,1.0,0.0,1.0,2.75,3.01,3.09,1648.39099121,1655.17468262,1,1,0,0,0.0,5,6,3.0,10.0,5.0,5.0,11.0,3.0,0.0,1.0,16.0,6.0,8.0,15.0,3.0,0.0,A,0,0,1,0.0,0.0,0.0
2017-2018,x-00005,2017-08-19,t-00033,t-00022,1.0,0.0,13.0,1.0,1.39,5.31,9.0,1844.75695801,1622.65844727,0,-3,0,0,0.0,5,4,3.0,14.0,5.0,3.0,8.0,3.0,0.0,0.0,14.0,4.0,12.0,7.0,1.0,0.0,H,1,0,0,0.0,0.0,0.0
2017-2018,x-00005,2017-08-20,t-00028,t-00040,1.0,0.0,3.0,5.0,2.83,3.21,2.81,1503.57373047,1621.89611816,3,-2,0,0,0.0,6,3,3.0,8.0,6.0,9.0,19.0,3.0,0.0,0.0,6.0,3.0,5.0,6.0,1.0,1.0,H,1,0,0,0.0,0.0,0.0
2017-2018,x-00005,2017-08-20,t-00064,t-00018,1.0,2.0,6.0,2.0,2.16,3.36,3.84,1896.36523438,1897.56750488,2,-1,0,0,0.0,6,6,2.0,18.0,6.0,7.0,10.0,2.0,0.0,2.0,19.0,6.0,8.0,16.0,3.0,2.0,A,0,0,1,0.0,0.0,0.0
2017-2018,x-00005,2017-08-21,t-00035,t-00025,1.0,1.0,6.0,2.0,1.3,6.15,11.1,1875.31213379,1762.9395752,2,1,0,0,0.0,4,4,2.0,14.0,4.0,10.0,9.0,2.0,0.0,1.0,9.0,4.0,6.0,13.0,1.0,0.0,D,0,1,0,0.0,0.0,0.0
2017-2018,x-00005,2017-08-26,t-00067,t-00012,0.0,0.0,0.0,2.0,2.23,3.23,3.81,1629.09118652,1579.88122559,2,-4,0,-2,0.0,11,4,2.5,14.0,5.5,4.0,14.0,1.5,0.0,0.0,5.5,2.0,2.5,8.0,0.0,0.0,D,0,1,0,0.0,0.0,0.0
2017-2018,x-00005,2017-08-26,t-00028,t-00057,0.0,0.0,6.0,3.0,4.21,3.48,2.02,1514.66381836,1700.11328125,4,1,1,0,0.0,9,7,2.0,7.5,4.5,8.0,16.0,3.0,0.0,1.5,21.5,3.5,10.0,14.0,1.5,0.0,D,0,1,0,0.0,0.0,0.0
2017-2018,x-00005,2017-08-26,t-00040,t-00069,3.0,0.0,8.0,3.0,2.36,3.45,3.26,1614.51269531,1667.14819336,-3,-5,-2,-5,0.0,8,9,0.0,9.5,4.0,4.0,8.0,2.5,0.5,1.0,12.5,4.5,1.5,8.5,1.5,0.5,H,1,0,0,0.0,0.0,0.0
2017-2018,x-00005,2017-08-26,t-00022,t-00062,0.0,2.0,3.0,3.0,2.12,3.3,4.09,1622.42285156,1648.74316406,-4,-4,-3,0,0.0,5,1,0.0,9.0,2.5,7.0,10.0,2.0,0.0,0.0,5.0,0.5,1.5,12.5,1.0,0.0,A,0,0,1,0.0,0.0,0.0
2017-2018,x-00005,2017-08-26,t-00036,t-00032,2.0,0.0,7.0,4.0,1.33,5.6,11.25,1878.34301758,1724.15344238,8,1,4,-1,0.0,14,7,4.0,19.5,7.0,8.0,15.0,1.5,0.0,2.5,10.0,3.5,5.0,10.0,1.0,0.0,H,1,0,0,0.0,0.0,0.0
2017-2018,x-00005,2017-08-26,t-00009,t-00035,1.0,2.0,3.0,8.0,12.0,6.75,1.27,1637.58068848,1872.29858398,-3,2,-2,2,0.0,4,10,0.0,7.5,2.0,5.0,4.5,1.0,0.0,1.5,16.5,5.0,8.5,8.0,1.5,0.5,A,0,0,1,0.0,0.0,0.0
2017-2018,x-00005,2017-08-27,t-00033,t-00002,4.0,0.0,10.0,0.0,2.21,3.67,3.25,1853.34472656,1846.18505859,1,0,1,-1,0.0,18,16,2.0,18.5,9.0,3.5,10.0,2.0,0.0,2.0,22.5,8.0,9.0,10.0,0.0,0.0,H,1,0,0,0.0,0.0,0.0
2017-2018,x-00005,2017-08-27,t-00018,t-00025,2.0,0.0,7.0,0.0,1.53,4.35,7.4,1909.0279541,1770.53967285,0,1,-1,0,0.0,8,6,2.0,14.0,4.0,5.5,18.5,3.0,1.0,1.0,8.0,3.0,3.5,11.0,1.5,0.5,H,1,0,0,0.0,0.0,0.0
2017-2018,x-00005,2017-08-27,t-00064,t-00014,1.0,1.0,5.0,3.0,1.22,7.25,16.0,1888.61120605,1640.47839355,1,0,-1,1,0.0,12,5,1.5,18.0,6.0,10.5,12.0,2.5,0.0,1.5,15.0,2.5,5.0,11.0,2.0,0.0,D,0,1,0,0.0,0.0,0.0
2017-2018,x-00005,2017-08-27,t-00068,t-00060,1.0,1.0,2.0,2.0,2.66,3.15,3.06,1666.79394531,1675.14245605,2,0,1,-1,0.0,7,5,1.0,12.0,3.5,6.5,13.0,1.5,0.5,0.5,10.0,2.5,4.5,8.0,0.5,0.0,D,0,1,0,0.0,0.0,0.0
2017-2018,x-00005,2017-09-09,t-00002,t-00009,3.0,0.0,9.0,2.0,1.31,6.4,10.0,1834.60693359,1633.59631348,-4,-4,1,-1,0.0,16,7,1.3333333333333333,17.666666666666668,5.333333333333333,7.0,9.666666666666666,1.3333333333333333,0.0,0.3333333333333333,8.0,2.3333333333333335,4.0,7.333333333333333,2.3333333333333335,0.0,H,1,0,0,0.0,0.0,0.0
2017-2018,x-00005,2017-09-09,t-00025,t-00064,0.0,3.0,1.0,6.0,3.98,3.55,2.05,1765.89831543,1881.32067871,-1,1,1,2,0.0,6,17,0.6666666666666666,7.666666666666667,2.0,3.3333333333333335,9.666666666666666,1.6666666666666667,0.3333333333333333,1.3333333333333333,21.333333333333332,5.666666666666667,10.333333333333334,11.0,1.6666666666666667,0.0,A,0,0,1,0.0,0.0,0.0
2017-2018,x-00005,2017-09-09,t-00060,t-00036,2.0,2.0,5.0,8.0,7.4,4.45,1.51,1677.00537109,1882.75256348,0,10,1,4,0.0,7,21,0.6666666666666666,12.0,2.3333333333333335,4.333333333333333,8.333333333333334,1.0,0.0,3.3333333333333335,20.333333333333332,7.0,8.333333333333334,12.666666666666666,1.3333333333333333,0.0,D,0,1,0,0.0,0.0,0.0
2017-2018,x-00005,2017-09-09,t-00012,t-00068,3.0,1.0,6.0,3.0,2.71,3.05,3.09,1583.24194336,1664.93103027,-4,2,-2,1,0.0,6,9,0.0,9.0,2.0,5.333333333333333,11.333333333333334,0.3333333333333333,0.0,1.0,11.333333333333334,3.0,7.666666666666667,12.0,1.6666666666666667,0.3333333333333333,H,1,0,0,0.0,0.0,0.0
2017-2018,x-00005,2017-09-09,t-00057,t-00067,0.0,2.0,1.0,3.0,1.69,3.99,5.58,1696.96643066,1625.73046875,1,2,1,2,0.0,10,11,1.0,16.333333333333332,3.3333333333333335,8.0,12.666666666666666,1.3333333333333333,0.0,1.6666666666666667,12.0,3.6666666666666665,3.6666666666666665,11.666666666666666,1.0,0.3333333333333333,A,0,0,1,0.0,0.0,0.0
2017-2018,x-00005,2017-09-09,t-00032,t-00018,1.0,2.0,2.0,6.0,5.0,3.83,1.79,1719.74377441,1913.66943359,-1,2,2,1,0.0,11,15,1.6666666666666667,10.333333333333334,3.6666666666666665,4.333333333333333,9.0,1.3333333333333333,0.0,2.0,15.333333333333334,5.0,5.666666666666667,16.333333333333332,2.6666666666666665,0.6666666666666666,A,0,0,1,0.0,0.0,0.0
2017-2018,x-00005,2017-09-09,t-00035,t-00033,5.0,0.0,7.0,3.0,1.89,3.98,4.14,1876.28283691,1864.92285156,3,5,0,0,0.0,18,28,1.6666666666666667,17.333333333333332,6.0,7.333333333333333,10.0,2.3333333333333335,0.6666666666666666,2.6666666666666665,18.333333333333332,9.333333333333334,3.6666666666666665,8.666666666666666,2.0,0.0,H,1,0,0,0.0,0.0,0.0
2017-2018,x-00005,2017-09-10,t-00014,t-00022,1.0,0.0,2.0,5.0,2.2,3.36,3.73,1647.7689209,1609.44763184,0,-6,-1,-1,0.0,8,8,1.3333333333333333,14.333333333333334,2.6666666666666665,5.666666666666667,10.333333333333334,1.3333333333333333,0.0,0.0,11.333333333333334,2.6666666666666665,5.0,9.666666666666666,2.6666666666666665,0.0,H,1,0,0,0.0,0.0,0.0
2017-2018,x-00005,2017-09-10,t-00062,t-00040,0.0,1.0,4.0,8.0,2.52,3.26,3.16,1661.71838379,1627.33105469,-2,0,-4,-1,0.0,4,16,0.6666666666666666,5.666666666666667,1.3333333333333333,1.3333333333333333,10.333333333333334,1.0,0.0,1.0,11.666666666666666,5.333333333333333,5.0,11.0,2.0,0.3333333333333333,A,0,0,1,0.0,0.0,0.0
2017-2018,x-00005,2017-09-11,t-00069,t-00028,2.0,0.0,3.0,2.0,2.08,3.36,4.14,1654.32995605,1517.81066895,-8,4,0,3,0.0,12,15,0.6666666666666666,11.0,4.0,2.6666666666666665,9.333333333333334,2.0,0.3333333333333333,1.3333333333333333,10.333333333333334,5.0,7.0,14.0,2.0,0.0,H,1,0,0,0.0,0.0,0.0
2017-2018,x-00005,2017-09-15,t-00009,t-00012,2.0,1.0,3.0,2.0,2.17,3.41,3.76,1631.95153809,1597.34692383,-7,-2,-3,-2,0.0,9,12,0.25,7.75,2.25,3.75,8.0,2.0,0.0,0.75,9.75,3.0,4.5,10.75,0.75,0.0,H,1,0,0,0.0,0.0,0.0
2017-2018,x-00005,2017-09-16,t-00064,t-00062,0.0,0.0,8.0,0.0,1.21,7.95,14.25,1902.21179199,1652.92211914,4,-3,-1,2,0.0,23,8,1.75,19.75,5.75,8.5,11.75,1.5,0.0,0.5,6.75,2.0,2.75,10.5,1.25,0.0,D,0,1,0,0.0,0.0,0.0
2017-2018,x-00005,2017-09-16,t-00033,t-00014,1.0,1.0,9.0,4.0,1.26,6.6,13.0,1850.93786621,1655.42419434,0,1,5,1,0.0,31,10,2.0,16.25,7.75,3.5,8.75,2.0,0.25,1.25,11.75,2.5,5.0,9.5,1.25,0.0,D,0,1,0,0.0,0.0,0.0
2017-2018,x-00005,2017-09-16,t-00040,t-00060,2.0,1.0,3.0,4.0,2.17,3.45,3.71,1640.66308594,1682.85095215,1,0,1,-1,0.0,24,12,1.0,12.75,6.0,5.0,12.0,2.25,0.25,1.0,11.5,3.0,4.5,8.75,0.75,0.0,H,1,0,0,0.0,0.0,0.0
2017-2018,x-00005,2017-09-16,t-00067,t-00035,0.0,6.0,1.0,10.0,9.35,6.1,1.33,1644.87561035,1899.48706055,4,8,0,3,0.0,14,25,1.75,12.0,3.5,3.75,11.5,0.75,0.25,2.5,16.25,6.25,7.5,10.0,2.25,0.5,A,0,0,1,0.0,0.0,0.0
2017-2018,x-00005,2017-09-16,t-00028,t-00032,1.0,1.0,3.0,1.0,3.62,3.39,2.23,1515.37243652,1717.0234375,2,-2,1,-3,0.0,17,13,1.0,10.25,4.25,6.0,14.0,2.0,0.0,1.5,9.75,3.25,3.75,9.5,1.25,0.0,D,0,1,0,0.0,0.0,0.0
2017-2018,x-00005,2017-09-16,t-00022,t-00057,0.0,1.0,3.0,4.0,2.89,3.26,2.72,1606.328125,1682.35705566,-7,-1,-5,0,0.0,13,11,0.0,0.0,0.0,0.0,0.0,0.0,0.0,0.0,0.0,0.0,0.0,0.0,0.0,0.0,A,0,0,1,0.0,0.0,0.0
2017-2018,x-00005,2017-09-16,t-00068,t-00069,0.0,0.0,1.0,1.0,2.34,3.27,3.49,1655.36193848,1661.30395508,0,-6,1,-8,0.0,12,15,1.0,11.5,3.0,7.25,10.0,1.25,0.25,1.0,13.0,3.75,4.5,9.75,1.75,0.25,D,0,1,0,0.0,0.0,0.0
2017-2018,x-00005,2017-09-17,t-00036,t-00025,4.0,0.0,7.0,3.0,1.35,5.33,10.31,1884.01403809,1744.37561035,10,-4,6,-2,0.0,29,7,3.0,19.75,7.25,9.0,12.0,1.0,0.0,0.5,8.75,1.75,4.25,10.75,2.0,0.25,H,1,0,0,0.0,0.0,0.0
2017-2018,x-00005,2017-09-17,t-00018,t-00002,0.0,0.0,4.0,2.0,1.77,3.99,4.88,1922.43981934,1843.91369629,3,-1,1,-5,0.0,21,25,2.0,15.5,5.25,6.5,14.25,2.0,0.5,1.75,17.5,6.25,7.75,10.75,1.0,0.0,D,0,1,0,0.0,0.0,0.0
2017-2018,x-00005,2017-09-23,t-00025,t-00009,2.0,1.0,4.0,4.0,1.74,3.85,5.37,1737.57702637,1637.31445312,-8,-6,-2,-4,0.0,10,12,0.4,8.4,2.0,3.6,11.4,1.8,0.2,0.6,9.2,2.4,4.2,7.4,1.6,0.0,H,1,0,0,0.0,0.0,0.0
2017-2018,x-00005,2017-09-23,t-00032,t-00033,2.0,3.0,7.0,6.0,4.4,4.18,1.81,1713.51245117,1844.43139648,-2,0,1,-5,0.0,14,40,1.4,9.8,2.8,3.8,8.8,1.2,0.0,1.8,20.0,8.0,5.2,8.4,1.8,0.2,A,0,0,1,0.0,0.0,0.0
2017-2018,x-00005,2017-09-23,t-00014,t-00028,0.0,0.0,3.0,2.0,2.41,3.16,3.46,1661.93066406,1518.88342285,1,2,0,1,0.0,14,20,1.2,10.4,2.8,4.4,9.4,1.4,0.0,1.0,11.2,4.0,6.4,12.4,1.8,0.0,D,0,1,0,0.0,0.0,0.0
2017-2018,x-00005,2017-09-23,t-00035,t-00022,5.0,0.0,9.0,0.0,1.13,11.0,21.0,1908.66113281,1598.23327637,14,-8,5,-2,0.0,35,16,3.2,18.6,7.0,8.2,9.2,1.8,0.4,0.0,14.0,3.0,5.0,14.0,5.0,0.0,H,1,0,0,0.0,0.0,0.0
2017-2018,x-00005,2017-09-23,t-00057,t-00036,0.0,1.0,4.0,4.0,4.77,3.74,1.84,1690.45202637,1890.81262207,0,14,-1,4,0.0,15,36,0.8,14.2,3.0,7.2,11.8,1.0,0.0,3.2,19.0,7.2,8.0,12.6,1.0,0.0,A,0,0,1,0.0,0.0,0.0
2017-2018,x-00005,2017-09-23,t-00062,t-00067,1.0,2.0,3.0,4.0,2.42,3.24,3.35,1660.23364258,1635.70153809,-3,-2,-5,4,0.0,8,15,0.4,6.2,1.6,2.4,10.2,1.6,0.0,1.4,11.0,3.0,3.6,10.8,1.0,0.2,A,0,0,1,0.0,0.0,0.0
2017-2018,x-00005,2017-09-23,t-00060,t-00018,0.0,4.0,2.0,4.0,6.65,4.6,1.53,1675.66796875,1918.35241699,-1,3,1,2,0.0,16,25,1.0,11.8,3.2,4.6,9.2,0.8,0.0,1.6,15.0,5.0,6.2,13.6,1.8,0.6,A,0,0,1,0.0,0.0,0.0
2017-2018,x-00005,2017-09-23,t-00069,t-00064,2.0,3.0,4.0,5.0,5.85,4.37,1.61,1663.24499512,1894.90026855,-6,4,2,5,0.0,16,31,0.8,12.2,3.2,4.2,9.2,1.8,0.2,1.4,21.0,6.2,9.0,11.6,1.4,0.0,A,0,0,1,0.0,0.0,0.0
2017-2018,x-00005,2017-09-24,t-00012,t-00040,1.0,0.0,3.0,5.0,2.89,3.15,2.8,1591.98400879,1647.84606934,-3,2,0,0,0.0,14,27,0.8,9.6,2.8,4.4,11.0,0.6,0.0,1.2,13.0,5.4,5.4,12.2,2.4,0.2,H,1,0,0,0.0,0.0,0.0
2017-2018,x-00005,2017-09-25,t-00002,t-00068,2.0,0.0,6.0,3.0,1.34,5.56,10.78,1848.00109863,1653.42102051,-1,0,4,-1,0.0,27,13,1.4,16.2,5.4,6.4,11.6,1.4,0.0,0.8,10.4,2.6,6.2,11.0,1.4,0.2,H,1,0,0,0.0,0.0,0.0
2017-2018,x-00005,2017-09-30,t-00069,t-00062,1.0,0.0,4.0,1.0,1.84,3.64,4.94,1667.86523438,1658.41247559,-3,-4,1,2,0.0,19,11,1.0,11.833333333333334,3.3333333333333335,4.166666666666667,9.333333333333334,2.1666666666666665,0.16666666666666666,0.5,6.833333333333333,1.8333333333333333,2.8333333333333335,10.0,1.5,0.0,H,1,0,0,0.0,0.0,0.0
2017-2018,x-00005,2017-09-30,t-00028,t-00064,0.0,4.0,1.0,7.0,9.0,4.92,1.42,1533.14758301,1914.37438965,-1,3,1,6,0.0,16,30,0.8333333333333334,10.833333333333334,3.6666666666666665,6.0,12.5,1.8333333333333333,0.0,1.6666666666666667,20.0,6.0,8.0,13.0,1.5,0.16666666666666666,A,0,0,1,0.0,0.0,0.0
2017-2018,x-00005,2017-09-30,t-00068,t-00067,2.0,2.0,4.0,3.0,2.17,3.32,3.87,1658.54589844,1655.02307129,-3,-1,1,5,0.0,10,15,0.6666666666666666,9.833333333333334,2.6666666666666665,5.833333333333333,12.0,1.8333333333333333,0.16666666666666666,1.5,10.5,3.1666666666666665,3.6666666666666665,11.666666666666666,1.3333333333333333,0.16666666666666666,D,0,1,0,0.0,0.0,0.0
2017-2018,x-00005,2017-09-30,t-00018,t-00035,0.0,1.0,2.0,6.0,2.77,3.48,2.69,1946.88122559,1924.16845703,8,17,1,9,0.0,23,40,2.0,13.666666666666666,4.833333333333333,5.166666666666667,13.666666666666666,1.8333333333333333,0.5,3.5,19.666666666666668,7.333333333333333,8.166666666666666,8.666666666666666,2.0,0.3333333333333333,A,0,0,1,0.0,0.0,0.0
2017-2018,x-00005,2017-09-30,t-00036,t-00022,4.0,0.0,7.0,1.0,1.2,7.8,17.0,1916.453125,1604.11450195,11,-10,10,-7,0.0,34,12,2.8333333333333335,17.333333333333332,6.666666666666667,7.333333333333333,12.0,1.5,0.0,0.0,9.5,1.5,3.5,10.5,3.0,0.0,H,1,0,0,0.0,0.0,0.0
2017-2018,x-00005,2017-09-30,t-00009,t-00032,0.0,0.0,4.0,1.0,2.64,3.55,2.78,1642.11474609,1715.84204102,-6,-2,-2,-3,0.0,14,18,0.6666666666666666,9.0,2.6666666666666665,4.5,8.0,1.5,0.0,1.5,10.166666666666666,3.5,3.6666666666666665,9.5,1.5,0.0,D,0,1,0,0.0,0.0,0.0
2017-2018,x-00005,2017-09-30,t-00060,t-00057,2.0,1.0,6.0,3.0,2.95,3.32,2.63,1676.45239258,1694.16711426,-4,-1,-3,1,0.0,17,17,0.8333333333333334,12.0,3.0,4.666666666666667,8.5,1.0,0.0,0.6666666666666666,14.166666666666666,3.1666666666666665,7.333333333333333,11.833333333333334,1.0,0.0,H,1,0,0,0.0,0.0,0.0
2017-2018,x-00005,2017-10-01,t-00025,t-00014,0.0,1.0,4.0,2.0,1.71,3.77,5.75,1742.50146484,1665.16687012,-8,0,-1,1,0.0,10,12,0.6666666666666666,9.0,2.3333333333333335,3.6666666666666665,11.5,2.0,0.16666666666666666,1.0,9.5,2.8333333333333335,4.166666666666667,9.333333333333334,1.6666666666666667,0.0,A,0,0,1,0.0,0.0,0.0
2017-2018,x-00005,2017-10-01,t-00002,t-00012,2.0,0.0,12.0,1.0,1.26,6.65,13.5,1863.25927734,1608.4855957,0,0,6,-3,0.0,23,15,1.5,16.166666666666668,5.5,6.5,11.0,1.3333333333333333,0.0,0.8333333333333334,9.166666666666666,2.8333333333333335,4.0,10.166666666666666,0.8333333333333334,0.0,H,1,0,0,0.0,0.0,0.0
2017-2018,x-00005,2017-10-01,t-00040,t-00033,1.0,1.0,5.0,2.0,5.02,4.14,1.72,1648.84484863,1856.85229492,3,1,2,-4,0.0,29,41,1.0,13.666666666666666,5.333333333333333,5.833333333333333,11.5,2.1666666666666665,0.16666666666666666,2.0,20.5,7.666666666666667,5.333333333333333,9.333333333333334,2.0,0.16666666666666666,D,0,1,0,0.0,0.0,0.0
2017-2018,x-00005,2017-10-14,t-00033,t-00036,0.0,0.0,5.0,1.0,2.75,3.29,2.82,1852.93933105,1919.18676758,0,11,5,5,0.0,30,33,1.8571428571428572,20.0,6.857142857142857,5.285714285714286,8.857142857142858,1.8571428571428572,0.14285714285714285,3.0,17.428571428571427,6.714285714285714,7.142857142857143,11.142857142857142,1.2857142857142858,0.0,D,0,1,0,0.0,0.0,0.0
2017-2018,x-00005,2017-10-14,t-00064,t-00009,1.0,0.0,6.0,1.0,1.27,7.25,11.5,1918.12854004,1642.28857422,8,-4,-1,-5,0.0,31,16,2.0,19.142857142857142,6.142857142857143,7.857142857142857,11.714285714285714,1.4285714285714286,0.14285714285714285,0.5714285714285714,10.428571428571429,2.857142857142857,4.857142857142857,7.714285714285714,1.4285714285714286,0.0,H,1,0,0,0.0,0.0,0.0
2017-2018,x-00005,2017-10-14,t-00062,t-00028,2.0,0.0,3.0,2.0,2.09,3.32,4.16,1652.40942383,1529.39343262,-1,-6,-6,1,0.0,11,14,0.42857142857142855,6.714285714285714,1.7142857142857142,2.5714285714285716,10.428571428571429,1.5714285714285714,0.0,0.7142857142857143,10.142857142857142,3.2857142857142856,5.714285714285714,11.714285714285714,1.7142857142857142,0.0,H,1,0,0,0.0,0.0,0.0
2017-2018,x-00005,2017-10-14,t-00014,t-00069,1.0,1.0,5.0,6.0,3.08,3.3,2.51,1676.95959473,1673.8684082,2,-1,0,-8,0.0,14,15,1.0,8.857142857142858,2.7142857142857144,4.0,9.0,1.7142857142857142,0.0,1.0,11.428571428571429,3.4285714285714284,3.857142857142857,10.142857142857142,2.2857142857142856,0.14285714285714285,D,0,1,0,0.0,0.0,0.0
2017-2018,x-00005,2017-10-14,t-00067,t-00002,2.0,1.0,2.0,6.0,5.0,4.2,1.72,1657.04443359,1865.87731934,-3,3,-6,-5,0.0,11,29,1.5714285714285714,11.142857142857142,3.142857142857143,4.0,11.571428571428571,1.1428571428571428,0.14285714285714285,1.5714285714285714,17.428571428571427,6.428571428571429,6.428571428571429,10.428571428571429,1.1428571428571428,0.0,H,1,0,0,0.0,0.0,0.0
2017-2018,x-00005,2017-10-14,t-00035,t-00060,7.0,2.0,11.0,1.0,1.14,10.5,20.0,1934.30456543,1683.28527832,18,-4,10,-2,0.0,40,19,3.142857142857143,19.285714285714285,7.142857142857143,8.142857142857142,9.285714285714286,2.0,0.2857142857142857,1.0,12.714285714285714,3.4285714285714284,4.714285714285714,8.857142857142858,1.0,0.0,H,1,0,0,0.0,0.0,0.0
2017-2018,x-00005,2017-10-14,t-00022,t-00018,2.0,1.0,5.0,5.0,7.65,4.62,1.49,1601.38085938,1936.74511719,-13,6,-6,6,0.0,12,23,0.0,8.333333333333334,1.3333333333333333,4.0,10.0,2.0,0.0,1.7142857142857142,12.285714285714286,4.428571428571429,5.0,12.857142857142858,1.5714285714285714,0.42857142857142855,H,1,0,0,0.0,0.0,0.0
2017-2018,x-00005,2017-10-15,t-00057,t-00040,2.0,2.0,2.0,5.0,1.86,3.57,4.92,1687.33422852,1652.75769043,-3,4,-2,-1,0.0,15,29,0.7142857142857143,15.142857142857142,3.142857142857143,7.142857142857143,11.571428571428571,1.1428571428571428,0.0,1.0,12.857142857142858,5.285714285714286,5.142857142857143,11.428571428571429,2.0,0.14285714285714285,D,0,1,0,0.0,0.0,0.0
2017-2018,x-00005,2017-10-15,t-00012,t-00025,1.0,1.0,3.0,6.0,3.24,3.15,2.57,1605.86755371,1730.7088623,0,-9,1,-6,0.0,14,12,0.7142857142857143,9.142857142857142,2.5714285714285716,4.142857142857143,9.857142857142858,1.0,0.0,0.5714285714285714,11.0,2.5714285714285716,4.428571428571429,11.857142857142858,2.0,0.14285714285714285,D,0,1,0,0.0,0.0,0.0
2017-2018,x-00005,2017-10-16,t-00032,t-00068,1.0,1.0,3.0,1.0,2.0,3.38,4.45,1715.66821289,1656.52453613,-4,-4,0,-3,0.0,15,13,1.2857142857142858,9.857142857142858,3.142857142857143,3.857142857142857,9.571428571428571,1.2857142857142858,0.0,0.8571428571428571,9.714285714285714,2.857142857142857,6.0,12.0,2.0,0.14285714285714285,D,0,1,0,0.0,0.0,0.0
2017-2018,x-00005,2017-10-20,t-00069,t-00012,0.0,3.0,2.0,5.0,1.79,3.57,5.54,1679.11450195,1610.75756836,2,0,2,-5,0.0,18,15,1.0,11.0,3.75,3.875,10.625,2.25,0.25,0.75,9.5,2.625,4.5,10.125,1.375,0.0,A,0,0,1,0.0,0.0,0.0
2017-2018,x-00005,2017-10-21,t-00057,t-00068,1.0,0.0,6.0,2.0,1.9,3.31,5.19,1687.73510742,1663.36975098,-3,-4,-2,-3,0.0,14,12,0.875,14.75,3.0,6.625,11.5,1.125,0.0,0.875,9.125,2.625,5.375,11.25,2.0,0.125,H,1,0,0,0.0,0.0,0.0
2017-2018,x-00005,2017-10-21,t-00028,t-00036,2.0,1.0,3.0,3.0,9.75,4.9,1.4,1527.359375,1928.4005127,-8,9,-3,5,0.0,10,27,0.625,9.75,3.125,5.375,12.25,2.125,0.0,2.625,16.0,6.0,6.625,11.375,1.375,0.0,H,1,0,0,0.0,0.0,0.0
2017-2018,x-00005,2017-10-21,t-00062,t-00032,1.0,2.0,4.0,6.0,2.89,3.27,2.71,1661.0456543,1715.4251709,-1,-2,-4,-3,0.0,11,14,0.0,0.0,0.0,0.0,0.0,0.0,0.0,0.0,0.0,0.0,0.0,0.0,0.0,0.0,A,0,0,1,0.0,0.0,0.0
2017-2018,x-00005,2017-10-21,t-00040,t-00022,1.0,0.0,3.0,0.0,1.88,3.65,4.64,1658.95898438,1618.96032715,1,-10,2,-11,0.0,26,14,1.125,13.625,5.25,5.5,11.5,2.0,0.125,0.5,9.75,2.25,4.25,9.25,2.0,0.0,H,1,0,0,0.0,0.0,0.0
2017-2018,x-00005,2017-10-21,t-00035,t-00014,3.0,0.0,10.0,0.0,1.12,11.5,24.0,1946.69970703,1678.31567383,22,2,15,2,0.0,43,16,3.625,19.375,7.625,7.75,8.75,1.75,0.25,1.0,10.25,3.0,4.375,9.25,1.75,0.0,H,1,0,0,0.0,0.0,0.0
2017-2018,x-00005,2017-10-21,t-00060,t-00009,1.0,2.0,2.0,3.0,2.16,3.55,3.62,1682.40942383,1643.98986816,-9,-4,-2,-6,0.0,18,14,1.125,11.75,3.125,4.125,8.75,1.0,0.0,0.5,9.75,2.625,4.875,7.625,1.625,0.0,A,0,0,1,0.0,0.0,0.0
2017-2018,x-00005,2017-10-21,t-00018,t-00067,4.0,2.0,8.0,5.0,1.37,5.35,9.6,1921.11352539,1671.93115234,3,-2,0,5,0.0,21,13,1.625,12.625,4.5,5.375,12.0,1.5,0.375,1.625,11.125,3.0,3.75,11.125,1.125,0.125,H,1,0,0,0.0,0.0,0.0
2017-2018,x-00005,2017-10-22,t-00025,t-00002,2.0,5.0,3.0,14.0,4.7,3.88,1.82,1721.37316895,1861.13305664,-7,6,-2,-6,0.0,18,35,0.625,11.25,3.0,4.0,11.625,1.875,0.125,1.5,16.375,6.375,6.25,10.375,1.0,0.0,A,0,0,1,0.0,0.0,0.0
2017-2018,x-00005,2017-10-22,t-00064,t-00033,4.0,1.0,6.0,7.0,2.24,3.62,3.36,1929.18395996,1861.41162109,9,-4,0,-4,0.0,32,25,1.875,19.0,6.125,8.0,11.375,1.375,0.125,1.625,19.875,6.625,5.5,8.625,1.625,0.125,H,1,0,0,0.0,0.0,0.0
2017-2018,x-00005,2017-10-28,t-00002,t-00062,2.0,1.0,5.0,2.0,1.2,8.3,15.0,1871.81762695,1652.68115234,6,-1,8,1,0.0,40,11,1.8888888888888888,17.88888888888889,7.222222222222222,6.333333333333333,10.777777777777779,1.0,0.0,0.6666666666666666,8.11111111111111,2.111111111111111,3.3333333333333335,10.11111111111111,1.3333333333333333,0.0,H,1,0,0,0.0,0.0,0.0
2017-2018,x-00005,2017-10-28,t-00022,t-00069,2.0,2.0,9.0,2.0,2.56,3.19,3.16,1613.51123047,1658.96679688,-10,-3,-5,-8,0.0,9,17,0.4,9.8,1.8,4.4,10.2,2.0,0.0,0.8888888888888888,11.555555555555555,3.5555555555555554,4.555555555555555,10.0,2.111111111111111,0.2222222222222222,D,0,1,0,0.0,0.0,0.0
2017-2018,x-00005,2017-10-28,t-00033,t-00028,3.0,0.0,8.0,0.0,1.25,6.7,14.0,1853.30004883,1543.08972168,-2,-5,5,-1,0.0,29,11,1.5555555555555556,19.0,6.666666666666667,5.444444444444445,8.555555555555555,1.5555555555555556,0.1111111111111111,0.7777777777777778,9.222222222222221,3.111111111111111,5.222222222222222,12.0,2.3333333333333335,0.0,H,1,0,0,0.0,0.0,0.0
2017-2018,x-00005,2017-10-28,t-00036,t-00064,1.0,0.0,3.0,4.0,2.1,3.43,3.96,1912.67004395,1937.29553223,8,9,14,10,0.0,22,32,2.4444444444444446,15.222222222222221,5.666666666666667,6.666666666666667,11.444444444444445,1.4444444444444444,0.0,2.111111111111111,18.444444444444443,6.111111111111111,7.444444444444445,10.333333333333334,1.2222222222222223,0.1111111111111111,H,1,0,0,0.0,0.0,0.0
2017-2018,x-00005,2017-10-28,t-00068,t-00035,2.0,3.0,4.0,5.0,11.0,6.4,1.29,1657.45690918,1949.65979004,-3,20,1,10,0.0,11,46,0.7777777777777778,8.88888888888889,2.5555555555555554,5.111111111111111,10.88888888888889,1.8888888888888888,0.1111111111111111,3.5555555555555554,18.88888888888889,7.888888888888889,7.333333333333333,8.88888888888889,1.7777777777777777,0.2222222222222222,A,0,0,1,0.0,0.0,0.0
2017-2018,x-00005,2017-10-28,t-00067,t-00060,0.0,1.0,0.0,2.0,2.02,3.57,4.07,1669.32800293,1671.49621582,-6,-10,-5,-7,0.0,15,15,1.6666666666666667,11.666666666666666,3.2222222222222223,4.0,11.666666666666666,1.3333333333333333,0.1111111111111111,1.1111111111111112,11.555555555555555,3.0,4.555555555555555,9.666666666666666,0.8888888888888888,0.0,A,0,0,1,0.0,0.0,0.0
2017-2018,x-00005,2017-10-28,t-00009,t-00018,0.0,1.0,1.0,5.0,6.2,4.4,1.58,1654.90319824,1923.7166748,0,4,-2,5,0.0,15,23,0.6666666666666666,9.444444444444445,2.6666666666666665,4.666666666666667,7.888888888888889,1.5555555555555556,0.0,1.8888888888888888,12.777777777777779,4.888888888888889,5.444444444444445,12.11111111111111,1.5555555555555556,0.3333333333333333,A,0,0,1,0.0,0.0,0.0
2017-2018,x-00005,2017-10-29,t-00012,t-00057,1.0,1.0,2.0,1.0,3.42,3.29,2.36,1630.90527344,1693.64794922,1,0,1,0,0.0,14,19,1.0,9.222222222222221,2.888888888888889,4.333333333333333,10.444444444444445,1.2222222222222223,0.0,0.8888888888888888,15.333333333333334,3.3333333333333335,6.777777777777778,11.333333333333334,1.0,0.0,D,0,1,0,0.0,0.0,0.0
2017-2018,x-00005,2017-10-29,t-00032,t-00025,2.0,0.0,3.0,2.0,2.08,3.45,4.0,1723.78967285,1710.68859863,0,-7,0,-6,0.0,18,20,0.0,0.0,0.0,0.0,0.0,0.0,0.0,0.0,0.0,0.0,0.0,0.0,0.0,0.0,H,1,0,0,0.0,0.0,0.0
2017-2018,x-00005,2017-10-30,t-00014,t-00040,1.0,0.0,5.0,5.0,3.22,3.13,2.56,1675.35559082,1664.40820312,-2,1,0,-1,0.0,14,21,0.8888888888888888,9.777777777777779,2.6666666666666665,4.444444444444445,8.88888888888889,1.8888888888888888,0.0,1.1111111111111112,12.88888888888889,5.0,5.222222222222222,11.555555555555555,2.2222222222222223,0.1111111111111111,H,1,0,0,0.0,0.0,0.0
2017-2018,x-00005,2017-11-04,t-00069,t-00033,1.0,4.0,1.0,7.0,6.29,4.68,1.54,1659.70935059,1856.77160645,-3,1,-1,-7,0.0,18,28,1.0,11.0,3.4,4.3,10.5,2.1,0.2,1.7,18.7,6.8,5.8,8.7,1.4,0.1,A,0,0,1,0.0,0.0,0.0
2017-2018,x-00005,2017-11-04,t-00062,t-00012,0.0,1.0,2.0,2.0,2.72,2.99,3.14,1650.58422852,1630.99804688,-2,2,-5,-2,0.0,13,14,0.7,7.7,2.1,3.2,10.0,1.2,0.0,1.0,9.0,2.8,4.1,10.3,1.4,0.0,A,0,0,1,0.0,0.0,0.0
2017-2018,x-00005,2017-11-04,t-00060,t-00032,2.0,2.0,7.0,4.0,2.65,3.26,2.97,1681.04650879,1732.43786621,-8,2,-3,-2,0.0,13,20,1.1,11.0,2.9,4.2,9.6,1.2,0.0,2.0,9.0,3.0,3.0,6.0,0.0,0.0,D,0,1,0,0.0,0.0,0.0
2017-2018,x-00005,2017-11-04,t-00040,t-00009,0.0,1.0,4.0,6.0,1.83,3.63,5.0,1658.2199707,1651.64807129,-1,-2,3,-5,0.0,23,13,1.0,12.8,5.0,5.0,11.4,2.0,0.1,0.6,9.2,2.5,4.7,7.6,1.6,0.0,A,0,0,1,0.0,0.0,0.0
2017-2018,x-00005,2017-11-04,t-00028,t-00068,1.0,0.0,3.0,3.0,2.99,2.92,2.91,1540.88049316,1654.48864746,-8,-4,-2,-4,0.0,8,14,0.7,8.4,2.8,4.9,11.6,2.2,0.0,0.9,8.6,2.7,4.7,10.8,1.9,0.1,H,1,0,0,0.0,0.0,0.0
2017-2018,x-00005,2017-11-04,t-00057,t-00014,0.0,1.0,3.0,1.0,1.67,3.7,6.58,1693.72680664,1681.71533203,-1,-1,-1,-1,0.0,16,15,0.9,14.4,3.1,6.8,11.2,1.0,0.0,0.9,10.0,2.9,4.5,8.9,2.0,0.0,A,0,0,1,0.0,0.0,0.0
2017-2018,x-00005,2017-11-05,t-00064,t-00022,1.0,0.0,2.0,3.0,1.34,5.5,10.6,1941.8972168,1612.94018555,8,-9,3,-12,0.0,28,15,1.9,17.9,5.9,7.0,10.7,1.1,0.1,0.6666666666666666,11.333333333333334,3.0,5.5,11.5,1.8333333333333333,0.0,H,1,0,0,0.0,0.0,0.0
2017-2018,x-00005,2017-11-05,t-00025,t-00067,3.0,2.0,5.0,3.0,2.27,3.3,3.61,1693.88891602,1659.94909668,-5,-1,-5,3,0.0,19,14,0.0,16.0,2.0,10.0,10.0,2.0,0.0,1.5,11.8,2.9,4.4,11.5,1.6,0.1,H,1,0,0,0.0,0.0,0.0
2017-2018,x-00005,2017-11-05,t-00035,t-00002,3.0,1.0,5.0,3.0,1.41,5.65,7.5,1965.66638184,1865.81201172,15,7,18,-3,0.0,41,43,3.5,18.5,7.6,6.8,8.7,1.9,0.2,1.9,17.8,7.0,6.2,10.6,0.9,0.0,H,1,0,0,0.0,0.0,0.0
2017-2018,x-00005,2017-11-05,t-00018,t-00036,1.0,0.0,8.0,2.0,2.62,3.1,3.16,1915.40393066,1922.8692627,5,5,2,4,0.0,24,18,1.8,13.3,4.9,5.4,11.4,1.4,0.3,2.3,14.8,5.4,6.6,11.5,1.4,0.0,H,1,0,0,0.0,0.0,0.0
2017-2018,x-00005,2017-11-18,t-00068,t-00018,0.0,4.0,2.0,7.0,6.92,4.36,1.55,1644.92285156,1922.09631348,-3,2,0,6,0.0,14,28,0.8181818181818182,8.636363636363637,2.727272727272727,4.7272727272727275,11.181818181818182,2.090909090909091,0.09090909090909091,1.7272727272727273,13.727272727272727,5.181818181818182,5.2727272727272725,11.818181818181818,1.3636363636363635,0.2727272727272727,A,0,0,1,0.0,0.0,0.0
2017-2018,x-00005,2017-11-18,t-00014,t-00062,2.0,0.0,7.0,1.0,2.41,2.98,3.71,1691.63964844,1640.5637207,0,-2,1,0,0.0,13,12,0.9090909090909091,9.545454545454545,2.727272727272727,4.181818181818182,8.454545454545455,1.8181818181818181,0.0,0.6363636363636364,8.090909090909092,2.090909090909091,3.6363636363636362,10.272727272727273,1.2727272727272727,0.0,H,1,0,0,0.0,0.0,0.0
2017-2018,x-00005,2017-11-18,t-00022,t-00025,2.0,2.0,7.0,5.0,2.24,3.25,3.75,1611.6887207,1699.57531738,-5,-5,-5,-8,0.0,18,20,0.5714285714285714,11.285714285714286,3.0,6.0,10.857142857142858,1.8571428571428572,0.0,1.5,13.0,3.5,6.0,12.0,1.0,0.0,D,0,1,0,0.0,0.0,0.0
2017-2018,x-00005,2017-11-18,t-00036,t-00040,4.0,1.0,7.0,5.0,1.27,6.0,15.0,1916.17687988,1648.74523926,3,-1,15,-2,0.0,16,22,2.090909090909091,14.363636363636363,5.090909090909091,6.636363636363637,12.272727272727273,1.5454545454545454,0.0,0.9090909090909091,13.090909090909092,4.909090909090909,5.545454545454546,11.363636363636363,2.0,0.09090909090909091,H,1,0,0,0.0,0.0,0.0
2017-2018,x-00005,2017-11-18,t-00002,t-00064,2.0,0.0,5.0,4.0,2.49,3.5,3.0,1860.01977539,1943.14880371,3,8,9,9,0.0,40,25,1.8181818181818181,16.727272727272727,6.636363636363637,6.090909090909091,11.0,1.3636363636363635,0.0,1.8181818181818181,17.363636363636363,5.545454545454546,7.2727272727272725,10.272727272727273,1.0,0.09090909090909091,H,1,0,0,0.0,0.0,0.0
2017-2018,x-00005,2017-11-18,t-00032,t-00035,0.0,2.0,0.0,4.0,8.26,5.65,1.38,1732.66845703,1971.45861816,3,12,2,11,0.0,17,37,2.0,11.5,3.5,6.5,7.0,0.0,0.0,3.4545454545454546,17.636363636363637,7.363636363636363,6.636363636363637,9.272727272727273,1.8181818181818181,0.18181818181818182,A,0,0,1,0.0,0.0,0.0
2017-2018,x-00005,2017-11-18,t-00033,t-00057,3.0,0.0,8.0,0.0,1.42,5.07,8.47,1864.64465332,1683.80236816,3,-1,8,0,0.0,29,15,1.9090909090909092,18.363636363636363,6.818181818181818,5.545454545454546,9.090909090909092,1.2727272727272727,0.09090909090909091,0.8181818181818182,14.272727272727273,3.090909090909091,7.0,10.545454545454545,0.9090909090909091,0.0,H,1,0,0,0.0,0.0,0.0
2017-2018,x-00005,2017-11-18,t-00009,t-00028,4.0,0.0,5.0,3.0,1.81,3.66,5.16,1661.12268066,1550.44641113,0,-7,-3,-4,0.0,15,9,0.6363636363636364,9.818181818181818,2.8181818181818183,5.090909090909091,8.0,1.6363636363636365,0.0,0.7272727272727273,8.272727272727273,2.8181818181818183,4.7272727272727275,11.272727272727273,2.090909090909091,0.09090909090909091,H,1,0,0,0.0,0.0,0.0
2017-2018,x-00005,2017-11-19,t-00067,t-00069,2.0,0.0,7.0,6.0,2.32,3.26,3.54,1654.26281738,1651.83630371,-3,-5,-6,-4,0.0,13,15,0.0,0.0,0.0,0.0,0.0,0.0,0.0,0.0,0.0,0.0,0.0,0.0,0.0,0.0,H,1,0,0,0.0,0.0,0.0
2017-2018,x-00005,2017-11-20,t-00012,t-00060,2.0,2.0,3.0,6.0,2.41,3.19,3.42,1641.01855469,1680.81604004,2,-4,1,-6,0.0,13,18,1.0,8.636363636363637,2.727272727272727,4.363636363636363,10.454545454545455,1.3636363636363635,0.0,1.1818181818181819,11.0,3.272727272727273,4.181818181818182,9.818181818181818,1.0909090909090908,0.0,D,0,1,0,0.0,0.0,0.0
2017-2018,x-00005,2017-11-24,t-00069,t-00032,1.0,1.0,4.0,2.0,2.89,3.27,2.71,1631.83740234,1716.36010742,-8,1,-4,-1,0.0,17,16,0.0,10.0,6.0,1.0,10.0,4.0,0.0,1.3333333333333333,8.333333333333334,2.3333333333333335,4.666666666666667,7.333333333333333,0.3333333333333333,0.0,D,0,1,0,0.0,0.0,0.0
2017-2018,x-00005,2017-11-25,t-00064,t-00068,1.0,1.0,5.0,2.0,1.26,6.6,13.65,1926.29541016,1627.45007324,2,-7,5,-6,0.0,22,12,0.0,0.0,0.0,0.0,0.0,0.0,0.0,0.0,0.0,0.0,0.0,0.0,0.0,0.0,D,0,1,0,0.0,0.0,0.0
2017-2018,x-00005,2017-11-25,t-00062,t-00009,0.0,0.0,1.0,5.0,3.01,3.3,2.6,1621.78833008,1658.19067383,-3,4,-2,-3,0.0,12,16,0.5833333333333334,8.5,2.0,3.8333333333333335,10.416666666666666,1.25,0.0,0.9166666666666666,9.916666666666666,3.0,5.333333333333333,8.416666666666666,1.75,0.08333333333333333,D,0,1,0,0.0,0.0,0.0
2017-2018,x-00005,2017-11-25,t-00033,t-00018,1.0,1.0,4.0,3.0,2.21,3.59,3.45,1858.88842773,1921.39379883,6,7,10,9,0.0,35,33,2.0,18.583333333333332,6.916666666666667,5.916666666666667,9.583333333333334,1.25,0.08333333333333333,1.9166666666666667,13.5,5.333333333333333,5.166666666666667,11.833333333333334,1.5,0.25,D,0,1,0,0.0,0.0,0.0
2017-2018,x-00005,2017-11-25,t-00036,t-00012,1.0,0.0,4.0,2.0,1.2,7.45,19.0,1895.66467285,1629.3190918,2,4,14,1,0.0,16,15,2.25,14.5,5.25,7.0,12.083333333333334,1.5,0.0,1.0833333333333333,8.666666666666666,2.75,4.5,10.666666666666666,1.3333333333333333,0.0,H,1,0,0,0.0,0.0,0.0
2017-2018,x-00005,2017-11-25,t-00022,t-00060,2.0,1.0,5.0,3.0,1.95,3.63,4.29,1601.42431641,1670.44372559,-1,-5,-2,-5,0.0,24,18,0.75,11.875,3.5,6.375,10.625,1.875,0.0,1.25,11.166666666666666,3.5,4.416666666666667,9.416666666666666,1.0,0.0,H,1,0,0,0.0,0.0,0.0
2017-2018,x-00005,2017-11-25,t-00040,t-00067,0.0,3.0,2.0,4.0,2.4,3.37,3.26,1634.52539062,1652.18981934,-4,-1,4,0,0.0,22,17,0.9166666666666666,13.0,4.916666666666667,5.416666666666667,11.166666666666666,1.9166666666666667,0.08333333333333333,1.5833333333333333,12.166666666666666,3.25,4.333333333333333,11.666666666666666,1.5833333333333333,0.08333333333333333,A,0,0,1,0.0,0.0,0.0
2017-2018,x-00005,2017-11-26,t-00057,t-00025,4.0,1.0,5.0,2.0,1.81,3.72,5.0,1667.859375,1667.70800781,-3,-4,-3,-8,0.0,12,21,0.75,13.5,2.8333333333333335,6.583333333333333,10.416666666666666,0.9166666666666666,0.0,1.6666666666666667,11.333333333333334,4.0,5.333333333333333,16.666666666666668,1.6666666666666667,0.0,H,1,0,0,0.0,0.0,0.0
2017-2018,x-00005,2017-11-26,t-00014,t-00002,0.0,1.0,2.0,2.0,6.25,4.2,1.61,1688.34326172,1848.10131836,1,3,4,-4,0.0,18,33,1.0,10.083333333333334,3.0833333333333335,4.5,8.75,1.75,0.0,1.8333333333333333,16.5,6.5,6.166666666666667,11.0,1.5833333333333333,0.0,A,0,0,1,0.0,0.0,0.0
2017-2018,x-00005,2017-11-26,t-00028,t-00035,1.0,2.0,0.0,5.0,17.0,8.3,1.19,1531.30664062,1966.21264648,-7,13,-2,11,0.0,11,35,0.6666666666666666,9.25,2.8333333333333335,5.25,11.166666666666666,2.0833333333333335,0.08333333333333333,3.3333333333333335,17.166666666666668,7.083333333333333,6.666666666666667,9.333333333333334,1.75,0.16666666666666666,A,0,0,1,0.0,0.0,0.0
2017-2018,x-00005,2017-11-28,t-00012,t-00022,0.0,0.0,4.0,4.0,2.77,3.1,2.97,1627.48620605,1609.66638184,3,-1,3,-12,0.0,14,24,1.0,8.615384615384615,2.6923076923076925,4.153846153846154,10.538461538461538,1.3846153846153846,0.0,0.8888888888888888,11.666666666666666,3.6666666666666665,6.222222222222222,10.444444444444445,1.7777777777777777,0.0,D,0,1,0,0.0,0.0,0.0
2017-2018,x-00005,2017-11-28,t-00067,t-00036,2.0,4.0,3.0,7.0,5.25,3.75,1.78,1668.04968262,1897.49755859,1,3,-4,-1,0.0,19,19,1.6923076923076923,12.153846153846153,3.3076923076923075,4.230769230769231,11.76923076923077,1.6153846153846154,0.07692307692307693,2.1538461538461537,14.538461538461538,5.153846153846154,6.846153846153846,11.846153846153847,1.3846153846153846,0.0,A,0,0,1,0.0,0.0,0.0
2017-2018,x-00005,2017-11-28,t-00068,t-00040,2.0,2.0,4.0,4.0,2.47,3.1,3.41,1635.23791504,1618.66552734,-7,-7,-5,-4,0.0,13,19,1.0,5.0,2.0,0.0,13.0,4.0,0.0,0.8461538461538461,12.923076923076923,4.6923076923076925,5.461538461538462,10.923076923076923,1.8461538461538463,0.07692307692307693,D,0,1,0,0.0,0.0,0.0
2017-2018,x-00005,2017-11-28,t-00032,t-00064,2.0,1.0,4.0,6.0,5.05,3.7,1.81,1715.7479248,1918.50769043,1,1,-2,5,0.0,15,21,1.25,8.0,2.25,4.75,8.5,0.5,0.0,1.6153846153846154,17.615384615384617,5.384615384615385,7.076923076923077,10.692307692307692,1.0,0.07692307692307693,H,1,0,0,0.0,0.0,0.0
2017-2018,x-00005,2017-11-29,t-00060,t-00033,0.0,3.0,1.0,7.0,6.21,4.58,1.56,1662.20178223,1858.86633301,-1,6,-4,-4,0.0,20,34,1.2307692307692308,11.0,3.4615384615384617,4.230769230769231,9.076923076923077,1.0,0.0,1.9230769230769231,18.384615384615383,6.6923076923076925,6.0,9.615384615384615,1.1538461538461537,0.07692307692307693,A,0,0,1,0.0,0.0,0.0
2017-2018,x-00005,2017-11-29,t-00002,t-00028,5.0,0.0,7.0,2.0,1.18,8.3,18.5,1853.65710449,1530.02258301,5,-6,10,-11,0.0,29,9,1.7692307692307692,16.53846153846154,6.153846153846154,6.076923076923077,11.23076923076923,1.4615384615384615,0.0,0.6923076923076923,8.846153846153847,2.6153846153846154,5.076923076923077,11.076923076923077,2.076923076923077,0.15384615384615385,H,1,0,0,0.0,0.0,0.0
2017-2018,x-00005,2017-11-29,t-00035,t-00057,2.0,1.0,12.0,2.0,1.25,6.7,13.57,1967.49658203,1679.23095703,9,0,20,-3,0.0,29,15,3.230769230769231,16.923076923076923,6.923076923076923,6.6923076923076925,9.384615384615385,1.8461538461538463,0.15384615384615385,1.0,13.76923076923077,3.0,6.615384615384615,10.076923076923077,0.8461538461538461,0.0,H,1,0,0,0.0,0.0,0.0
2017-2018,x-00005,2017-11-29,t-00009,t-00014,1.0,2.0,2.0,4.0,2.21,3.22,3.88,1658.96252441,1682.78747559,5,0,3,-1,0.0,20,15,0.8461538461538461,9.846153846153847,3.1538461538461537,5.3076923076923075,8.23076923076923,1.7692307692307692,0.07692307692307693,0.9230769230769231,9.923076923076923,3.0,4.538461538461538,8.692307692307692,1.7692307692307692,0.0,A,0,0,1,0.0,0.0,0.0
2017-2018,x-00005,2017-11-29,t-00025,t-00069,4.0,0.0,5.0,3.0,2.6,3.24,3.06,1656.33642578,1632.44970703,-7,-8,-5,-5,0.0,17,15,1.5,9.75,3.5,4.5,15.75,1.25,0.0,0.5,9.0,5.0,3.0,9.5,2.5,0.0,H,1,0,0,0.0,0.0,0.0
2017-2018,x-00005,2017-11-29,t-00018,t-00062,1.0,0.0,10.0,0.0,1.21,7.55,17.0,1921.41589355,1621.01647949,8,-5,4,-2,0.0,31,10,1.8461538461538463,13.307692307692308,5.153846153846154,5.384615384615385,11.461538461538462,1.3846153846153846,0.23076923076923078,0.5384615384615384,8.615384615384615,1.9230769230769231,3.8461538461538463,11.0,1.4615384615384615,0.0,H,1,0,0,0.0,0.0,0.0
2017-2018,x-00005,2017-12-02,t-00012,t-00033,1.0,5.0,2.0,6.0,7.25,4.39,1.53,1625.31933594,1866.78369141,0,12,1,4,0.0,13,34,0.9285714285714286,8.714285714285714,2.7857142857142856,4.571428571428571,10.714285714285714,1.4285714285714286,0.0,2.0,18.071428571428573,6.714285714285714,6.214285714285714,9.642857142857142,1.4285714285714286,0.07142857142857142,A,0,0,1,0.0,0.0,0.0
2017-2018,x-00005,2017-12-02,t-00025,t-00028,2.0,0.0,4.0,3.0,1.86,3.52,5.01,1668.00927734,1527.08752441,0,-12,2,-14,0.0,19,8,0.0,0.0,0.0,0.0,0.0,0.0,0.0,0.0,0.0,0.0,0.0,0.0,0.0,0.0,H,1,0,0,0.0,0.0,0.0
2017-2018,x-00005,2017-12-02,t-00002,t-00036,1.0,3.0,15.0,4.0,2.32,3.43,3.36,1856.59204102,1903.2166748,7,6,12,1,0.0,22,23,2.0,16.857142857142858,6.214285714285714,6.142857142857143,11.142857142857142,1.3571428571428572,0.0,2.2857142857142856,14.571428571428571,5.285714285714286,6.714285714285714,11.714285714285714,1.3571428571428572,0.0,A,0,0,1,0.0,0.0,0.0
2017-2018,x-00005,2017-12-02,t-00067,t-00064,1.0,1.0,2.0,2.0,5.26,4.44,1.65,1662.33056641,1906.75134277,1,-3,-6,1,0.0,17,21,1.7142857142857142,12.142857142857142,3.2857142857142856,4.285714285714286,11.785714285714286,1.6428571428571428,0.07142857142857142,1.5714285714285714,17.642857142857142,5.428571428571429,7.214285714285714,10.642857142857142,1.0714285714285714,0.07142857142857142,D,0,1,0,0.0,0.0,0.0
2017-2018,x-00005,2017-12-02,t-00060,t-00062,2.0,1.0,3.0,3.0,1.81,3.68,5.13,1654.28442383,1619.51867676,-3,-5,-7,-5,0.0,19,6,1.1428571428571428,10.928571428571429,3.2857142857142856,4.285714285714286,9.0,1.0,0.0,0.5,8.142857142857142,1.7857142857142858,3.642857142857143,10.714285714285714,1.3571428571428572,0.0,H,1,0,0,0.0,0.0,0.0
2017-2018,x-00005,2017-12-02,t-00032,t-00014,1.0,0.0,3.0,4.0,2.1,3.27,4.2,1727.50427246,1691.81176758,1,4,0,0,0.0,13,19,1.4,7.8,2.6,4.6,8.2,0.6,0.0,1.0,9.928571428571429,3.0714285714285716,4.642857142857143,8.857142857142858,1.7142857142857142,0.0,H,1,0,0,0.0,0.0,0.0
2017-2018,x-00005,2017-12-02,t-00018,t-00040,3.0,1.0,9.0,2.0,1.24,6.65,16.5,1922.91369629,1620.79821777,7,-8,3,-5,0.0,33,20,1.7857142857142858,13.857142857142858,5.5,6.071428571428571,11.357142857142858,1.3571428571428572,0.21428571428571427,0.9285714285714286,13.0,4.642857142857143,5.5,11.0,1.7142857142857142,0.07142857142857142,H,1,0,0,0.0,0.0,0.0
2017-2018,x-00005,2017-12-02,t-00068,t-00022,0.0,0.0,6.0,2.0,2.73,3.1,3.02,1633.10510254,1611.83325195,-6,0,-5,-11,0.0,15,28,0.0,0.0,0.0,0.0,0.0,0.0,0.0,0.0,0.0,0.0,0.0,0.0,0.0,0.0,D,0,1,0,0.0,0.0,0.0
2017-2018,x-00005,2017-12-03,t-00009,t-00057,1.0,1.0,5.0,4.0,3.62,3.29,2.27,1649.93823242,1677.63366699,3,-2,3,-4,0.0,19,11,0.8571428571428571,9.857142857142858,3.0714285714285716,5.214285714285714,8.285714285714286,1.6428571428571428,0.07142857142857142,1.0,13.285714285714286,2.9285714285714284,6.5,10.142857142857142,0.8571428571428571,0.0,D,0,1,0,0.0,0.0,0.0
2017-2018,x-00005,2017-12-03,t-00035,t-00069,2.0,1.0,8.0,4.0,1.11,12.5,26.0,1969.09387207,1620.77685547,7,-9,16,-6,0.0,31,16,3.142857142857143,17.571428571428573,7.285714285714286,6.642857142857143,9.571428571428571,1.7857142857142858,0.14285714285714285,0.3333333333333333,8.333333333333334,4.333333333333333,4.0,8.333333333333334,2.0,0.0,H,1,0,0,0.0,0.0,0.0
2017-2018,x-00005,2017-12-09,t-00069,t-00018,1.0,0.0,2.0,2.0,7.55,4.68,1.48,1622.88793945,1925.8203125,-10,8,-6,8,0.0,18,37,0.5,8.0,4.25,4.0,8.0,2.0,0.0,1.8666666666666667,14.466666666666667,5.733333333333333,6.4,11.133333333333333,1.2666666666666666,0.2,H,1,0,0,0.0,0.0,0.0
2017-2018,x-00005,2017-12-09,t-00040,t-00032,2.0,3.0,4.0,5.0,2.61,3.27,3.02,1621.87634277,1736.49157715,-9,0,-2,1,0.0,17,13,0.9333333333333333,12.666666666666666,4.466666666666667,5.4,11.133333333333333,1.6666666666666667,0.06666666666666667,1.3333333333333333,9.166666666666666,2.6666666666666665,5.5,7.333333333333333,0.5,0.0,A,0,0,1,0.0,0.0,0.0
2017-2018,x-00005,2017-12-09,t-00062,t-00068,1.0,0.0,3.0,1.0,2.84,2.96,3.03,1616.90234375,1633.99694824,-5,-5,-1,-4,0.0,7,17,0.5333333333333333,8.266666666666667,1.8666666666666667,3.8,10.666666666666666,1.2666666666666666,0.0,0.0,20.0,6.0,3.0,11.0,3.0,0.0,H,1,0,0,0.0,0.0,0.0
2017-2018,x-00005,2017-12-09,t-00022,t-00009,2.0,2.0,8.0,5.0,1.97,3.62,4.23,1617.27087402,1652.10571289,0,4,1,0,0.0,21,23,0.7272727272727273,11.363636363636363,3.5454545454545454,6.181818181818182,10.181818181818182,1.5454545454545454,0.0,0.8666666666666667,10.266666666666667,3.2,5.2,8.133333333333333,1.6666666666666667,0.06666666666666667,D,0,1,0,0.0,0.0,0.0
2017-2018,x-00005,2017-12-09,t-00064,t-00060,5.0,1.0,11.0,3.0,1.28,6.45,11.7,1907.37231445,1663.23010254,-2,-3,5,-6,0.0,19,20,1.5333333333333334,17.0,5.2,6.866666666666666,10.466666666666667,1.0666666666666667,0.13333333333333333,1.2,10.866666666666667,3.2666666666666666,4.133333333333334,9.2,1.0666666666666667,0.0,H,1,0,0,0.0,0.0,0.0
2017-2018,x-00005,2017-12-09,t-00014,t-00067,1.0,0.0,5.0,2.0,2.85,3.23,2.78,1689.15380859,1670.375,2,2,2,1,0.0,18,19,0.9333333333333333,10.2,3.1333333333333333,4.8,9.0,1.7333333333333334,0.0,1.6666666666666667,11.733333333333333,3.2,4.466666666666667,12.066666666666666,1.8,0.06666666666666667,H,1,0,0,0.0,0.0,0.0
2017-2018,x-00005,2017-12-09,t-00028,t-00012,2.0,0.0,6.0,2.0,2.73,2.91,3.22,1525.30090332,1620.95739746,-11,-4,-3,0,0.0,11,13,0.6,8.466666666666667,2.6,4.866666666666666,11.0,1.9333333333333333,0.13333333333333333,0.9333333333333333,8.533333333333333,2.7333333333333334,4.4,10.533333333333333,1.4,0.0,H,1,0,0,0.0,0.0,0.0
2017-2018,x-00005,2017-12-10,t-00033,t-00025,1.0,1.0,3.0,2.0,1.37,5.25,9.95,1883.80725098,1686.53588867,13,4,6,-9,0.0,32,21,2.2,17.666666666666668,6.666666666666667,5.933333333333334,9.466666666666667,1.3333333333333333,0.06666666666666667,2.0,6.0,4.0,2.0,12.0,2.0,0.0,D,0,1,0,0.0,0.0,0.0
2017-2018,x-00005,2017-12-10,t-00036,t-00035,1.0,2.0,5.0,7.0,3.42,3.57,2.23,1920.68237305,1962.3026123,7,7,13,11,0.0,24,34,2.3333333333333335,14.133333333333333,5.2,6.333333333333333,11.6,1.4,0.06666666666666667,3.066666666666667,18.0,7.333333333333333,6.866666666666666,9.266666666666667,1.8,0.13333333333333333,A,0,0,1,0.0,0.0,0.0
2017-2018,x-00005,2017-12-10,t-00057,t-00002,1.0,1.0,3.0,6.0,4.2,3.8,1.93,1681.7956543,1849.77124023,-2,4,2,1,0.0,14,32,1.0,13.4,3.0,6.333333333333333,10.266666666666667,0.8666666666666667,0.0,1.9333333333333333,17.933333333333334,6.8,6.533333333333333,11.133333333333333,1.4666666666666666,0.0,D,0,1,0,0.0,0.0,0.0
2017-2018,x-00005,2017-12-12,t-00022,t-00067,2.0,1.0,4.0,2.0,2.27,3.53,3.39,1616.50500488,1664.31591797,1,2,2,-1,0.0,26,18,0.8333333333333334,12.416666666666666,3.9166666666666665,6.166666666666667,10.5,1.8333333333333333,0.0,1.5625,11.6875,3.125,4.5,12.0625,1.6875,0.125,H,1,0,0,0.0,0.0,0.0
2017-2018,x-00005,2017-12-12,t-00028,t-00018,1.0,3.0,2.0,5.0,9.21,4.48,1.45,1538.1796875,1912.10571289,-10,6,-1,3,0.0,14,31,0.6875,9.125,2.8125,5.0625,10.6875,1.8125,0.125,1.75,14.75,5.5,6.1875,11.0625,1.25,0.1875,A,0,0,1,0.0,0.0,0.0
2017-2018,x-00005,2017-12-12,t-00014,t-00060,1.0,0.0,2.0,7.0,2.4,3.23,3.4,1695.21289062,1659.24072266,2,-7,3,-9,0.0,22,16,0.9375,10.0625,3.25,4.6875,9.0625,1.6875,0.0,1.1875,10.4375,3.25,4.25,9.1875,1.0,0.0,H,1,0,0,0.0,0.0,0.0
2017-2018,x-00005,2017-12-13,t-00062,t-00035,0.0,4.0,3.0,10.0,13.0,7.15,1.24,1623.84350586,1970.79797363,-3,6,1,6,0.0,8,36,0.5625,8.875,1.9375,3.9375,10.5,1.3125,0.0,3.0,17.75,7.3125,6.9375,9.3125,1.8125,0.125,A,0,0,1,0.0,0.0,0.0
2017-2018,x-00005,2017-12-13,t-00057,t-00032,1.0,4.0,4.0,11.0,1.94,3.49,4.56,1684.70617676,1743.18139648,-1,1,3,2,0.0,14,14,1.0,12.9375,3.0,6.1875,10.375,0.9375,0.0,1.5714285714285714,9.714285714285714,3.0,5.428571428571429,7.571428571428571,0.5714285714285714,0.0,A,0,0,1,0.0,0.0,0.0
2017-2018,x-00005,2017-12-13,t-00040,t-00025,0.0,1.0,4.0,4.0,2.19,3.32,3.81,1615.18664551,1692.89660645,-9,3,-4,-5,0.0,17,18,1.0,12.5,4.4375,5.4375,11.0625,1.6875,0.0625,1.5,4.5,3.0,1.5,11.5,2.5,0.0,A,0,0,1,0.0,0.0,0.0
2017-2018,x-00005,2017-12-13,t-00036,t-00009,1.0,0.0,2.0,7.0,1.3,6.2,11.05,1912.18713379,1652.87158203,7,3,8,1,0.0,27,22,2.25,13.75,5.1875,6.0625,11.875,1.5625,0.0625,0.9375,10.3125,3.3125,5.0625,8.5,1.6875,0.0625,H,1,0,0,0.0,0.0,0.0
2017-2018,x-00005,2017-12-13,t-00064,t-00012,2.0,0.0,8.0,4.0,1.22,7.2,16.5,1911.36169434,1608.07873535,1,-7,9,-1,0.0,28,13,1.75,17.1875,5.5625,7.1875,10.5625,1.0625,0.125,0.875,8.4375,2.6875,4.1875,10.5,1.3125,0.0,H,1,0,0,0.0,0.0,0.0
2017-2018,x-00005,2017-12-13,t-00069,t-00002,0.0,0.0,0.0,3.0,5.45,4.26,1.66,1636.60253906,1846.86071777,-6,6,-4,1,0.0,19,35,0.6,7.4,3.8,4.0,8.4,2.8,0.0,1.875,17.5,6.75,6.4375,11.0625,1.5,0.0,D,0,1,0,0.0,0.0,0.0
2017-2018,x-00005,2017-12-13,t-00033,t-00068,0.0,0.0,5.0,1.0,1.21,7.8,15.75,1877.44665527,1627.05578613,10,-5,6,-3,0.0,28,15,2.125,18.0,6.4375,6.3125,9.375,1.3125,0.0625,0.0,13.5,3.5,3.0,14.5,4.0,0.0,D,0,1,0,0.0,0.0,0.0
2017-2018,x-00005,2017-12-16,t-00012,t-00014,0.0,0.0,2.0,6.0,2.5,2.89,3.64,1606.01599121,1700.94689941,-9,1,-4,-1,0.0,14,17,0.8235294117647058,8.352941176470589,2.764705882352941,4.0588235294117645,10.470588235294118,1.2941176470588236,0.0,0.9411764705882353,10.058823529411764,3.176470588235294,4.764705882352941,8.882352941176471,1.588235294117647,0.0,D,0,1,0,0.0,0.0,0.0
2017-2018,x-00005,2017-12-16,t-00032,t-00022,0.0,3.0,2.0,6.0,1.77,3.85,5.1,1757.47668457,1624.04956055,6,2,2,-6,0.0,25,23,1.875,10.5,4.0,5.875,7.75,0.5,0.0,0.9230769230769231,12.538461538461538,3.923076923076923,6.0,10.76923076923077,1.8461538461538463,0.0,A,0,0,1,0.0,0.0,0.0
2017-2018,x-00005,2017-12-16,t-00035,t-00064,4.0,1.0,11.0,2.0,1.64,4.41,5.41,1975.2253418,1913.42431641,8,5,12,0,0.0,42,32,3.0588235294117645,18.058823529411764,7.470588235294118,6.823529411764706,9.117647058823529,1.7058823529411764,0.11764705882352941,1.7647058823529411,17.647058823529413,5.705882352941177,7.352941176470588,10.235294117647058,1.0588235294117647,0.11764705882352941,H,1,0,0,0.0,0.0,0.0
2017-2018,x-00005,2017-12-16,t-00067,t-00028,1.0,4.0,3.0,9.0,1.73,3.83,5.5,1656.7713623,1535.49133301,-1,-8,0,-16,0.0,13,13,1.5294117647058822,11.411764705882353,3.0588235294117645,4.588235294117647,12.411764705882353,1.6470588235294117,0.17647058823529413,0.7058823529411765,9.0,2.764705882352941,4.823529411764706,10.705882352941176,1.7058823529411764,0.11764705882352941,A,0,0,1,0.0,0.0,0.0
2017-2018,x-00005,2017-12-16,t-00002,t-00040,1.0,0.0,5.0,2.0,1.26,6.9,12.45,1842.8762207,1607.63623047,4,-7,8,-6,0.0,33,16,1.7647058823529411,17.764705882352942,6.529411764705882,6.470588235294118,10.941176470588236,1.411764705882353,0.0,0.9411764705882353,12.705882352941176,4.411764705882353,5.352941176470588,11.0,1.6470588235294117,0.11764705882352941,H,1,0,0,0.0,0.0,0.0
2017-2018,x-00005,2017-12-16,t-00018,t-00057,1.0,0.0,8.0,2.0,1.4,5.09,9.0,1914.79406738,1670.41101074,4,-1,5,-5,0.0,29,18,1.8235294117647058,14.588235294117647,5.470588235294118,6.0,10.647058823529411,1.1764705882352942,0.17647058823529413,1.0,12.882352941176471,3.0588235294117645,6.352941176470588,10.529411764705882,0.9411764705882353,0.0,H,1,0,0,0.0,0.0,0.0
2017-2018,x-00005,2017-12-16,t-00060,t-00069,0.0,3.0,0.0,7.0,2.46,3.26,3.26,1653.50671387,1640.58703613,-8,-4,-2,-7,0.0,17,13,1.1176470588235294,10.647058823529411,3.4705882352941178,4.235294117647059,9.470588235294118,0.9411764705882353,0.0,0.5,7.166666666666667,3.1666666666666665,3.5,8.5,2.5,0.0,A,0,0,1,0.0,0.0,0.0
2017-2018,x-00005,2017-12-17,t-00009,t-00033,0.0,4.0,2.0,7.0,7.35,5.25,1.44,1651.03051758,1870.26391602,-2,7,2,7,0.0,24,25,0.8823529411764706,10.529411764705882,3.5294117647058822,5.294117647058823,8.705882352941176,1.7058823529411764,0.058823529411764705,2.0,17.764705882352942,6.352941176470588,6.235294117647059,9.764705882352942,1.2941176470588236,0.058823529411764705,A,0,0,1,0.0,0.0,0.0
2017-2018,x-00005,2017-12-17,t-00068,t-00036,1.0,2.0,5.0,3.0,6.0,3.75,1.7,1634.23852539,1914.02819824,-1,5,-5,2,0.0,14,22,0.0,11.0,2.6666666666666665,4.333333333333333,11.666666666666666,2.6666666666666665,0.0,2.176470588235294,13.470588235294118,5.0,5.9411764705882355,12.0,1.5294117647058822,0.058823529411764705,A,0,0,1,0.0,0.0,0.0
2017-2018,x-00005,2017-12-18,t-00025,t-00062,3.0,1.0,7.0,3.0,1.8,3.52,5.53,1700.44689941,1619.4161377,4,-5,3,-6,0.0,17,10,1.3333333333333333,5.333333333333333,3.3333333333333335,1.3333333333333333,11.333333333333334,2.3333333333333335,0.0,0.5294117647058824,8.764705882352942,2.0,3.823529411764706,10.588235294117647,1.2352941176470589,0.0,H,1,0,0,0.0,0.0,0.0
2017-2018,x-00005,2017-12-22,t-00002,t-00033,3.0,3.0,4.0,9.0,2.68,3.69,2.66,1844.9597168,1878.38903809,4,11,7,11,0.0,36,28,0.0,8.0,0.0,3.0,9.0,4.0,0.0,4.0,18.0,10.0,4.0,6.0,2.0,0.0,D,0,1,0,0.0,0.0,0.0
2017-2018,x-00005,2017-12-23,t-00069,t-00040,2.0,3.0,6.0,4.0,1.97,3.48,4.43,1657.47595215,1605.55273438,-1,-5,-5,-7,0.0,16,16,0.8571428571428571,8.142857142857142,3.7142857142857144,4.285714285714286,9.142857142857142,2.2857142857142856,0.0,0.8888888888888888,12.555555555555555,4.277777777777778,5.333333333333333,10.88888888888889,1.6111111111111112,0.1111111111111111,A,0,0,1,0.0,0.0,0.0
2017-2018,x-00005,2017-12-23,t-00035,t-00009,4.0,0.0,5.0,1.0,1.09,15.0,27.0,1983.91271973,1642.90539551,10,-6,10,1,0.0,48,21,2.0,19.0,8.0,5.0,14.0,4.0,1.0,1.0,9.0,3.0,2.0,13.0,5.0,0.0,H,1,0,0,0.0,0.0,0.0
2017-2018,x-00005,2017-12-23,t-00012,t-00067,1.0,0.0,3.0,1.0,2.71,3.2,2.95,1606.984375,1635.17492676,-8,-7,-4,-2,0.0,14,12,0.0,16.0,2.0,11.0,18.0,1.0,0.0,0.0,8.0,0.0,3.0,7.0,0.0,1.0,H,1,0,0,0.0,0.0,0.0
2017-2018,x-00005,2017-12-23,t-00062,t-00022,1.0,1.0,2.0,5.0,3.4,3.32,2.35,1612.73925781,1645.91503906,-7,4,-5,1,0.0,12,24,0.0,0.0,0.0,0.0,0.0,0.0,0.0,0.0,0.0,0.0,0.0,0.0,0.0,0.0,D,0,1,0,0.0,0.0,0.0
2017-2018,x-00005,2017-12-23,t-00060,t-00068,3.0,1.0,5.0,7.0,2.37,3.17,3.53,1636.61779785,1630.95983887,-10,-2,-6,-3,0.0,14,17,1.0555555555555556,11.0,3.2777777777777777,4.388888888888889,9.61111111111111,1.0,0.0,0.25,11.25,3.25,4.75,12.25,2.25,0.0,H,1,0,0,0.0,0.0,0.0
2017-2018,x-00005,2017-12-23,t-00014,t-00064,0.0,3.0,2.0,8.0,6.8,4.29,1.56,1699.97851562,1904.73693848,2,2,4,-7,0.0,21,29,1.0,13.0,3.0,7.0,9.0,0.0,0.0,1.0,28.0,5.0,10.0,9.0,0.0,0.0,A,0,0,1,0.0,0.0,0.0
2017-2018,x-00005,2017-12-23,t-00032,t-00036,2.0,2.0,3.0,6.0,4.27,3.67,1.95,1735.61108398,1917.30688477,3,5,-1,3,0.0,25,21,1.6666666666666667,10.555555555555555,3.7777777777777777,5.888888888888889,8.222222222222221,0.6666666666666666,0.1111111111111111,2.1666666666666665,13.166666666666666,4.888888888888889,5.777777777777778,11.722222222222221,1.6111111111111112,0.05555555555555555,D,0,1,0,0.0,0.0,0.0
2017-2018,x-00005,2017-12-23,t-00025,t-00018,0.0,0.0,0.0,8.0,7.16,4.13,1.56,1707.1237793,1916.81176758,9,5,6,6,0.0,22,34,1.75,7.0,4.25,2.5,11.5,2.25,0.0,1.7777777777777777,15.11111111111111,5.611111111111111,6.111111111111111,10.5,1.1666666666666667,0.16666666666666666,D,0,1,0,0.0,0.0,0.0
2017-2018,x-00005,2017-12-23,t-00057,t-00028,1.0,1.0,6.0,3.0,1.67,3.9,6.1,1668.39318848,1557.08764648,-5,-4,0,-11,0.0,15,22,0.0,6.0,3.0,4.0,10.0,1.0,0.0,0.0,16.0,6.0,5.0,10.0,0.0,0.0,D,0,1,0,0.0,0.0,0.0
2017-2018,x-00005,2017-12-26,t-00033,t-00062,5.0,0.0,9.0,4.0,1.14,10.5,21.0,1879.15136719,1611.99072266,8,-6,6,-7,0.0,30,14,2.1578947368421053,17.736842105263158,6.526315789473684,6.157894736842105,9.842105263157896,1.2105263157894737,0.05263157894736842,1.0,7.0,2.0,6.0,13.0,2.0,0.0,H,1,0,0,0.0,0.0,0.0
2017-2018,x-00005,2017-12-26,t-00036,t-00014,2.0,2.0,6.0,2.0,1.26,6.3,14.5,1913.92126465,1691.96289062,3,-2,5,-2,0.0,20,19,2.1578947368421053,13.473684210526315,4.947368421052632,5.7894736842105265,11.526315789473685,1.631578947368421,0.05263157894736842,0.8421052631578947,9.842105263157896,3.263157894736842,4.578947368421052,9.157894736842104,1.5789473684210527,0.0,D,0,1,0,0.0,0.0,0.0
2017-2018,x-00005,2017-12-26,t-00028,t-00060,1.0,1.0,8.0,7.0,2.35,3.23,3.51,1561.63659668,1645.7791748,1,-5,1,-5,0.0,23,18,0.8947368421052632,9.368421052631579,3.1052631578947367,4.7368421052631575,10.947368421052632,1.631578947368421,0.15789473684210525,1.1578947368421053,10.894736842105264,3.3684210526315788,4.2105263157894735,9.578947368421053,1.0,0.0,D,0,1,0,0.0,0.0,0.0
2017-2018,x-00005,2017-12-26,t-00064,t-00057,5.0,2.0,7.0,6.0,1.33,5.8,10.2,1912.75268555,1663.84436035,6,-4,10,-5,0.0,31,19,1.7894736842105263,17.105263157894736,5.631578947368421,6.842105263157895,10.736842105263158,1.263157894736842,0.10526315789473684,0.9473684210526315,12.473684210526315,3.1578947368421053,6.368421052631579,11.105263157894736,1.105263157894737,0.0,H,1,0,0,0.0,0.0,0.0
2017-2018,x-00005,2017-12-26,t-00067,t-00032,2.0,1.0,1.0,5.0,2.7,3.46,2.78,1628.02355957,1738.99682617,-6,2,-4,5,0.0,10,24,1.4210526315789473,11.578947368421053,2.9473684210526314,4.7368421052631575,12.31578947368421,1.5789473684210527,0.21052631578947367,1.7,10.6,3.7,5.7,9.3,0.8,0.2,H,1,0,0,0.0,0.0,0.0
2017-2018,x-00005,2017-12-26,t-00068,t-00025,0.0,0.0,3.0,3.0,2.25,3.16,3.85,1621.79846191,1711.20239258,-4,5,-6,-4,0.0,20,17,0.4,12.4,4.0,6.0,12.0,1.8,0.0,1.4,6.6,3.4,2.4,10.8,2.4,0.0,D,0,1,0,0.0,0.0,0.0
2017-2018,x-00005,2017-12-26,t-00009,t-00069,3.0,3.0,10.0,5.0,2.56,3.22,3.13,1640.65197754,1646.39111328,-9,2,-2,-4,0.0,20,19,0.7894736842105263,10.0,3.3157894736842106,5.157894736842105,8.421052631578947,1.631578947368421,0.05263157894736842,1.0,9.5,4.0,4.5,9.125,2.125,0.0,D,0,1,0,0.0,0.0,0.0
2017-2018,x-00005,2017-12-26,t-00018,t-00012,2.0,0.0,8.0,1.0,1.17,8.4,21.5,1912.7331543,1614.13586426,4,-7,7,-1,0.0,32,13,1.6842105263157894,15.631578947368421,5.7368421052631575,6.157894736842105,10.157894736842104,1.105263157894737,0.15789473684210525,0.7894736842105263,8.842105263157896,2.736842105263158,4.368421052631579,10.473684210526315,1.368421052631579,0.0,H,1,0,0,0.0,0.0,0.0
2017-2018,x-00005,2017-12-27,t-00040,t-00035,0.0,1.0,2.0,6.0,13.0,7.25,1.24,1616.63769531,1986.16625977,-4,13,-5,9,0.0,16,41,1.0,12.473684210526315,4.2631578947368425,5.2105263157894735,10.947368421052632,1.5789473684210527,0.10526315789473684,3.1578947368421053,17.94736842105263,7.526315789473684,6.578947368421052,9.263157894736842,1.631578947368421,0.10526315789473684,A,0,0,1,0.0,0.0,0.0
2017-2018,x-00005,2017-12-28,t-00022,t-00002,2.0,3.0,2.0,9.0,4.82,4.33,1.72,1646.66369629,1844.1973877,4,-1,2,2,0.0,25,33,1.0666666666666667,12.6,4.133333333333334,5.666666666666667,10.933333333333334,1.9333333333333333,0.0,1.7894736842105263,17.68421052631579,6.315789473684211,6.526315789473684,10.947368421052632,1.4210526315789473,0.0,A,0,0,1,0.0,0.0,0.0
2017-2018,x-00005,2017-12-30,t-00040,t-00012,0.0,0.0,2.0,3.0,2.16,3.22,4.05,1614.78674316,1611.95422363,-3,-5,-7,-6,0.0,16,12,0.0,17.0,5.0,8.0,8.0,1.0,0.0,1.0,7.0,3.0,2.0,6.0,2.0,0.0,D,0,1,0,0.0,0.0,0.0
2017-2018,x-00005,2017-12-30,t-00033,t-00032,2.0,1.0,6.0,1.0,1.27,7.1,11.0,1883.07641602,1729.76391602,9,0,8,3,0.0,33,26,2.3,17.95,6.65,6.05,9.6,1.15,0.05,1.6363636363636365,10.636363636363637,3.8181818181818183,5.909090909090909,9.636363636363637,1.0,0.18181818181818182,H,1,0,0,0.0,0.0,0.0
2017-2018,x-00005,2017-12-30,t-00018,t-00060,5.0,0.0,12.0,1.0,1.15,9.75,21.0,1914.91479492,1645.07714844,4,-6,7,-6,0.0,31,22,4.0,7.0,4.0,0.0,14.0,2.0,0.0,0.0,13.0,2.0,5.0,5.0,2.0,0.0,H,1,0,0,0.0,0.0,0.0
2017-2018,x-00005,2017-12-30,t-00067,t-00062,1.0,2.0,4.0,4.0,1.85,3.57,5.01,1637.25646973,1608.06555176,-5,-10,-2,-11,0.0,9,15,0.0,0.0,0.0,0.0,0.0,0.0,0.0,0.0,0.0,0.0,0.0,0.0,0.0,0.0,A,0,0,1,0.0,0.0,0.0
2017-2018,x-00005,2017-12-30,t-00036,t-00057,0.0,0.0,3.0,3.0,1.36,5.3,10.5,1907.22143555,1660.38647461,1,-7,4,-8,0.0,22,21,1.0,9.0,4.0,4.0,9.0,4.0,0.0,0.0,14.0,4.0,8.0,12.0,1.0,0.0,D,0,1,0,0.0,0.0,0.0
2017-2018,x-00005,2017-12-30,t-00028,t-00014,0.0,0.0,1.0,4.0,2.44,3.03,3.58,1562.33850098,1698.66271973,3,-1,0,1,0.0,28,17,0.0,9.0,2.0,4.0,13.0,2.0,0.0,0.0,5.0,3.0,3.0,9.0,3.0,0.0,D,0,1,0,0.0,0.0,0.0
2017-2018,x-00005,2017-12-30,t-00009,t-00025,2.0,1.0,7.0,1.0,2.36,3.13,3.6,1639.11083984,1710.34997559,-9,3,-1,-2,0.0,25,16,0.9,10.8,3.65,5.25,8.6,1.7,0.05,1.1666666666666667,6.666666666666667,3.3333333333333335,2.3333333333333335,11.166666666666666,2.0,0.0,H,1,0,0,0.0,0.0,0.0
2017-2018,x-00005,2017-12-31,t-00068,t-00002,1.0,1.0,3.0,4.0,5.7,4.19,1.65,1622.65087891,1848.84460449,-4,2,-5,0,0.0,17,27,0.3333333333333333,13.166666666666666,3.8333333333333335,6.666666666666667,12.333333333333334,1.8333333333333333,0.0,1.85,17.6,6.45,6.4,10.75,1.4,0.0,D,0,1,0,0.0,0.0,0.0
2017-2018,x-00005,2017-12-31,t-00022,t-00035,0.0,0.0,1.0,4.0,10.85,5.8,1.32,1642.01647949,1988.01708984,3,13,1,9,0.0,25,39,0.0,5.0,0.0,2.0,7.0,1.0,0.0,5.0,25.0,9.0,8.0,6.0,3.0,0.0,D,0,1,0,0.0,0.0,0.0
2017-2018,x-00005,2018-01-01,t-00014,t-00033,1.0,2.0,4.0,5.0,6.6,3.8,1.65,1696.47338867,1886.24658203,-2,10,0,14,0.0,16,36,1.0,5.0,4.0,2.0,9.0,2.0,0.0,1.0,35.0,9.0,12.0,7.0,1.0,0.0,A,0,0,1,0.0,0.0,0.0
2017-2018,x-00005,2018-01-01,t-00025,t-00036,0.0,2.0,0.0,6.0,5.6,3.89,1.71,1702.05639648,1900.15576172,2,2,9,4,0.0,15,20,1.1428571428571428,6.571428571428571,3.0,2.5714285714285716,11.428571428571429,1.7142857142857142,0.0,2.0476190476190474,14.0,4.904761904761905,6.285714285714286,11.476190476190476,1.7142857142857142,0.047619047619047616,A,0,0,1,0.0,0.0,0.0
2017-2018,x-00005,2018-01-01,t-00012,t-00009,2.0,2.0,6.0,8.0,2.47,3.05,3.48,1613.71557617,1647.40441895,-3,-8,-3,-4,0.0,13,27,1.0,9.0,2.0,4.0,12.0,0.0,0.0,2.0,15.0,3.0,6.0,5.0,0.0,0.0,D,0,1,0,0.0,0.0,0.0
2017-2018,x-00005,2018-01-01,t-00032,t-00028,3.0,0.0,5.0,1.0,1.83,3.52,5.23,1726.59375,1564.52783203,-2,1,-3,-8,0.0,22,23,1.5833333333333333,10.333333333333334,3.5833333333333335,5.5,9.083333333333334,1.0833333333333333,0.16666666666666666,0.8571428571428571,9.476190476190476,3.238095238095238,4.904761904761905,11.0,1.6666666666666667,0.14285714285714285,H,1,0,0,0.0,0.0,0.0
2017-2018,x-00005,2018-01-01,t-00060,t-00040,0.0,1.0,4.0,6.0,2.31,3.28,3.54,1641.16223145,1613.0255127,-7,-2,-3,-5,0.0,20,14,1.0,13.0,4.0,5.0,11.0,1.0,0.0,2.0,14.0,3.0,7.0,13.0,3.0,0.0,A,0,0,1,0.0,0.0,0.0
2017-2018,x-00005,2018-01-02,t-00057,t-00022,1.0,2.0,3.0,4.0,2.07,3.37,4.16,1667.45214844,1648.82971191,-7,3,-1,2,0.0,21,18,1.0,13.0,4.0,5.0,13.0,1.0,0.0,0.0,14.0,3.0,5.0,14.0,5.0,0.0,A,0,0,1,0.0,0.0,0.0
2017-2018,x-00005,2018-01-02,t-00062,t-00064,0.0,2.0,1.0,5.0,8.02,4.51,1.48,1618.33435059,1916.21044922,-10,9,-4,-3,0.0,16,36,2.0,9.0,4.0,8.0,13.0,2.0,0.0,1.95,17.05,5.7,6.65,10.6,1.2,0.1,A,0,0,1,0.0,0.0,0.0
2017-2018,x-00005,2018-01-02,t-00069,t-00068,2.0,1.0,5.0,3.0,2.19,3.21,3.98,1647.93225098,1627.16723633,3,-3,-3,-4,0.0,20,19,1.2222222222222223,9.555555555555555,4.111111111111111,4.444444444444445,9.666666666666666,2.3333333333333335,0.0,0.42857142857142855,13.285714285714286,3.7142857142857144,6.428571428571429,12.571428571428571,2.0,0.0,H,1,0,0,0.0,0.0,0.0
2017-2018,x-00005,2018-01-02,t-00035,t-00067,3.0,1.0,7.0,4.0,1.13,10.8,21.5,1981.20385742,1626.9876709,12,-5,11,-1,0.0,36,11,6.0,28.0,10.0,11.0,6.0,0.0,0.0,0.0,7.0,1.0,3.0,8.0,2.0,0.0,H,1,0,0,0.0,0.0,0.0
2017-2018,x-00005,2018-01-03,t-00002,t-00018,2.0,2.0,6.0,6.0,3.32,3.42,2.34,1844.32824707,1918.82971191,2,10,6,5,0.0,25,41,0.0,11.0,2.0,1.0,15.0,3.0,0.0,0.0,13.0,4.0,5.0,11.0,1.0,1.0,D,0,1,0,0.0,0.0,0.0
2017-2018,x-00005,2018-01-04,t-00064,t-00069,1.0,1.0,8.0,1.0,1.29,6.1,12.2,1920.13647461,1654.04016113,7,3,10,-4,0.0,30,23,1.9523809523809523,16.80952380952381,5.666666666666667,6.571428571428571,10.523809523809524,1.2380952380952381,0.09523809523809523,1.3,9.9,4.2,4.3,9.9,2.4,0.0,D,0,1,0,0.0,0.0,0.0
2017-2018,x-00005,2018-01-13,t-00067,t-00057,2.0,2.0,4.0,4.0,2.79,3.35,2.75,1625.47900391,1657.52697754,-6,-5,-5,-5,0.0,13,20,2.0,12.0,3.0,4.0,11.0,0.0,0.0,0.0,9.0,1.0,7.0,8.0,0.0,0.0,D,0,1,0,0.0,0.0,0.0
2017-2018,x-00005,2018-01-13,t-00040,t-00062,1.0,1.0,4.0,5.0,1.76,3.75,5.4,1623.24377441,1614.4083252,0,-8,-6,-8,0.0,16,14,0.9090909090909091,12.181818181818182,4.136363636363637,5.0,10.954545454545455,1.5454545454545454,0.09090909090909091,1.0,8.5,2.5,7.0,12.5,2.0,0.0,D,0,1,0,0.0,0.0,0.0
2017-2018,x-00005,2018-01-13,t-00018,t-00032,0.0,0.0,7.0,1.0,1.3,5.72,13.0,1918.27575684,1732.09008789,8,-2,11,2,0.0,42,16,1.8636363636363635,16.454545454545453,6.136363636363637,6.590909090909091,9.863636363636363,1.0909090909090908,0.13636363636363635,1.6923076923076923,10.384615384615385,3.6923076923076925,5.384615384615385,8.923076923076923,1.0769230769230769,0.15384615384615385,D,0,1,0,0.0,0.0,0.0
2017-2018,x-00005,2018-01-13,t-00064,t-00025,4.0,0.0,10.0,0.0,1.28,6.12,12.61,1912.85400391,1695.4395752,5,-1,9,-3,0.0,30,11,1.9090909090909092,17.454545454545453,5.7727272727272725,6.590909090909091,10.5,1.1818181818181819,0.09090909090909091,1.0,7.25,2.625,3.0,11.375,1.75,0.0,H,1,0,0,0.0,0.0,0.0
2017-2018,x-00005,2018-01-13,t-00028,t-00069,1.0,4.0,2.0,6.0,2.94,3.11,2.79,1559.03137207,1661.32263184,0,3,-1,-2,0.0,22,24,0.8181818181818182,9.318181818181818,3.1363636363636362,4.7272727272727275,10.909090909090908,1.6363636363636365,0.13636363636363635,1.2727272727272727,9.272727272727273,3.909090909090909,4.0,9.545454545454545,2.3636363636363638,0.0,A,0,0,1,0.0,0.0,0.0
2017-2018,x-00005,2018-01-13,t-00022,t-00014,1.0,0.0,2.0,2.0,2.18,3.22,3.98,1658.75488281,1691.63500977,3,-4,1,0,0.0,18,18,1.1111111111111112,12.555555555555555,3.8333333333333335,5.777777777777778,11.166666666666666,1.9444444444444444,0.0,0.8636363636363636,9.727272727272727,3.272727272727273,4.363636363636363,9.363636363636363,1.7272727272727273,0.0,H,1,0,0,0.0,0.0,0.0
2017-2018,x-00005,2018-01-13,t-00068,t-00012,2.0,0.0,4.0,1.0,2.17,3.14,4.15,1621.05932617,1613.01904297,-4,-1,-1,-7,0.0,21,15,0.5,12.875,3.625,6.125,12.5,2.0,0.0,0.7727272727272727,9.136363636363637,2.8181818181818183,4.318181818181818,10.454545454545455,1.4090909090909092,0.0,H,1,0,0,0.0,0.0,0.0
2017-2018,x-00005,2018-01-14,t-00009,t-00002,2.0,1.0,5.0,3.0,3.81,3.61,2.08,1648.10095215,1844.88220215,-7,2,-4,2,0.0,28,28,0.0,7.0,2.0,3.0,10.0,1.0,0.0,3.0,17.0,9.0,10.0,14.0,0.0,0.0,H,1,0,0,0.0,0.0,0.0
2017-2018,x-00005,2018-01-14,t-00033,t-00035,4.0,3.0,7.0,4.0,3.22,3.62,2.31,1891.08496094,1982.71252441,11,10,6,7,0.0,36,33,0.0,10.0,3.0,3.0,9.0,2.0,1.0,5.0,13.0,7.0,8.0,10.0,2.0,0.0,H,1,0,0,0.0,0.0,0.0
2017-2018,x-00005,2018-01-15,t-00036,t-00060,3.0,0.0,9.0,5.0,1.22,7.2,15.8,1906.77258301,1630.94384766,3,-7,1,-11,0.0,24,17,0.0,0.0,0.0,0.0,0.0,0.0,0.0,0.0,0.0,0.0,0.0,0.0,0.0,0.0,H,1,0,0,0.0,0.0,0.0
2017-2018,x-00005,2018-01-20,t-00012,t-00018,0.0,4.0,3.0,10.0,7.0,3.85,1.62,1603.62023926,1912.27502441,-3,7,-3,1,0.0,14,41,0.0,8.0,1.0,1.0,8.0,1.0,0.0,2.0,25.0,8.0,13.0,8.0,0.0,0.0,A,0,0,1,0.0,0.0,0.0
2017-2018,x-00005,2018-01-20,t-00032,t-00067,2.0,0.0,5.0,3.0,1.76,3.91,5.05,1738.09082031,1624.82861328,1,-3,2,-2,0.0,15,14,1.0,11.0,5.0,8.0,13.0,3.0,0.0,2.0,11.0,1.0,8.0,7.0,3.0,0.0,H,1,0,0,0.0,0.0,0.0
2017-2018,x-00005,2018-01-20,t-00014,t-00036,0.0,1.0,2.0,2.0,7.5,4.05,1.56,1684.05175781,1909.85107422,-5,5,-3,7,0.0,14,30,2.0,3.0,2.0,2.0,14.0,7.0,0.0,2.0,23.0,6.0,12.0,10.0,3.0,0.0,A,0,0,1,0.0,0.0,0.0
2017-2018,x-00005,2018-01-20,t-00060,t-00028,2.0,0.0,6.0,3.0,2.04,3.47,4.12,1627.86535645,1547.20166016,-7,-6,-4,-7,0.0,22,15,0.0,11.0,5.0,1.0,10.0,1.0,0.0,0.8260869565217391,9.26086956521739,3.0869565217391304,4.826086956521739,10.73913043478261,1.608695652173913,0.13043478260869565,H,1,0,0,0.0,0.0,0.0
2017-2018,x-00005,2018-01-20,t-00025,t-00068,1.0,1.0,4.0,5.0,2.59,2.97,3.37,1690.67541504,1630.45800781,-7,-1,6,-4,0.0,4,20,0.0,7.0,3.0,2.0,13.0,0.0,0.0,0.0,17.0,3.0,10.0,14.0,2.0,0.0,D,0,1,0,0.0,0.0,0.0
2017-2018,x-00005,2018-01-20,t-00002,t-00022,4.0,1.0,10.0,5.0,1.44,4.97,7.85,1833.29675293,1666.33813477,0,1,4,4,0.0,26,14,3.0,16.0,9.0,4.0,7.0,1.0,0.0,2.0,16.0,2.0,5.0,12.0,0.0,0.0,H,1,0,0,0.0,0.0,0.0
2017-2018,x-00005,2018-01-20,t-00035,t-00040,3.0,1.0,9.0,4.0,1.12,11.0,28.5,1973.83520508,1621.43591309,6,1,11,-1,0.0,26,18,1.0,22.0,6.0,8.0,6.0,0.0,0.0,0.0,6.0,2.0,3.0,11.0,1.0,0.0,H,1,0,0,0.0,0.0,0.0
2017-2018,x-00005,2018-01-20,t-00069,t-00009,1.0,1.0,4.0,3.0,2.37,3.37,3.32,1673.15234375,1659.68640137,3,-2,1,-5,0.0,23,31,3.0,10.0,5.0,4.0,14.0,4.0,0.0,3.0,26.0,10.0,7.0,12.0,3.0,0.0,D,0,1,0,0.0,0.0,0.0
2017-2018,x-00005,2018-01-21,t-00057,t-00064,1.0,1.0,4.0,2.0,4.6,3.76,1.86,1658.17736816,1917.61804199,-4,12,-1,1,0.0,22,38,2.0,16.0,6.0,8.0,15.0,2.0,0.0,5.0,16.0,7.0,3.0,8.0,0.0,0.0,D,0,1,0,0.0,0.0,0.0
2017-2018,x-00005,2018-01-22,t-00062,t-00033,1.0,0.0,2.0,4.0,11.68,5.87,1.31,1616.21630859,1899.96228027,-6,8,-5,12,0.0,16,36,1.0,8.333333333333334,3.3333333333333335,6.333333333333333,11.666666666666666,2.3333333333333335,0.0,2.347826086956522,17.869565217391305,6.565217391304348,6.173913043478261,9.608695652173912,1.2173913043478262,0.043478260869565216,H,1,0,0,0.0,0.0,0.0
2017-2018,x-00005,2018-01-30,t-00028,t-00033,0.0,3.0,1.0,7.0,10.95,5.49,1.34,1540.3548584,1886.37780762,-8,7,-3,8,0.0,15,31,0.0,1.0,0.0,2.0,8.0,1.0,0.0,3.0,16.0,8.0,9.0,10.0,0.0,0.0,A,0,0,1,0.0,0.0,0.0
2017-2018,x-00005,2018-01-30,t-00069,t-00022,1.0,1.0,3.0,3.0,3.1,3.2,2.59,1671.21179199,1660.9387207,4,-2,1,1,0.0,21,14,1.4615384615384615,9.384615384615385,4.076923076923077,4.076923076923077,9.384615384615385,2.3076923076923075,0.0,1.1,12.6,3.8,5.85,11.25,1.75,0.0,D,0,1,0,0.0,0.0,0.0
2017-2018,x-00005,2018-01-30,t-00062,t-00002,3.0,1.0,4.0,4.0,7.1,4.3,1.55,1629.80078125,1838.69604492,-5,3,-4,0,0.0,16,32,1.0,7.0,3.0,5.5,10.0,1.75,0.0,1.875,17.0,6.333333333333333,6.416666666666667,10.458333333333334,1.5,0.0,H,1,0,0,0.0,0.0,0.0
2017-2018,x-00005,2018-01-31,t-00040,t-00014,1.0,1.0,4.0,2.0,2.21,3.19,3.95,1619.86010742,1679.87756348,-2,-3,-3,-2,0.0,18,14,0.0,12.0,5.0,3.0,10.0,0.0,0.0,1.0,12.0,5.0,5.0,9.0,3.0,0.0,D,0,1,0,0.0,0.0,0.0
2017-2018,x-00005,2018-01-31,t-00018,t-00009,0.0,3.0,5.0,5.0,1.37,5.25,10.11,1917.65893555,1661.62695312,11,2,10,-5,0.0,43,33,1.0,18.0,5.0,5.0,5.0,0.0,0.0,0.0,7.0,1.0,5.0,5.0,2.0,0.0,A,0,0,1,0.0,0.0,0.0
2017-2018,x-00005,2018-01-31,t-00025,t-00032,2.0,1.0,4.0,1.0,2.78,3.16,2.9,1687.48022461,1743.78540039,-7,3,2,2,0.0,8,17,0.9,7.4,2.5,2.7,12.1,1.8,0.0,1.6,10.533333333333333,3.6,5.133333333333334,9.333333333333334,1.0666666666666667,0.2,H,1,0,0,0.0,0.0,0.0
2017-2018,x-00005,2018-01-31,t-00060,t-00067,0.0,0.0,4.0,2.0,2.18,3.55,3.58,1634.71228027,1619.13415527,-7,-4,1,-7,0.0,23,16,0.0,0.0,0.0,0.0,0.0,0.0,0.0,0.0,0.0,0.0,0.0,0.0,0.0,0.0,D,0,1,0,0.0,0.0,0.0
2017-2018,x-00005,2018-01-31,t-00057,t-00012,1.0,1.0,3.0,2.0,1.85,3.42,5.27,1663.53259277,1598.23632812,-4,-8,-4,-8,0.0,20,14,1.0,6.0,1.0,7.0,10.0,1.0,0.0,1.0,7.0,2.0,2.0,9.0,3.0,0.0,D,0,1,0,0.0,0.0,0.0
2017-2018,x-00005,2018-01-31,t-00035,t-00068,3.0,0.0,10.0,1.0,1.15,9.1,23.5,1975.41101074,1633.65319824,4,1,12,-4,0.0,30,18,2.9166666666666665,17.791666666666668,7.208333333333333,7.25,8.875,1.625,0.08333333333333333,0.7,13.3,3.8,6.1,11.8,1.7,0.0,H,1,0,0,0.0,0.0,0.0
2017-2018,x-00005,2018-01-31,t-00064,t-00036,2.0,0.0,6.0,3.0,2.42,3.4,3.19,1912.26281738,1914.02526855,9,6,13,6,0.0,32,26,0.0,13.0,4.0,3.0,14.0,0.0,0.0,1.0,11.0,3.0,6.0,12.0,1.0,0.0,H,1,0,0,0.0,0.0,0.0
2017-2018,x-00005,2018-02-03,t-00002,t-00025,5.0,1.0,7.0,2.0,1.37,5.45,9.5,1821.59777832,1695.5970459,0,-6,2,-4,0.0,27,9,1.84,16.68,6.24,6.28,10.36,1.56,0.0,1.0,7.545454545454546,2.6363636363636362,2.909090909090909,11.818181818181818,1.6363636363636365,0.0,H,1,0,0,0.0,0.0,0.0
2017-2018,x-00005,2018-02-03,t-00036,t-00028,2.0,0.0,7.0,0.0,1.22,7.2,17.0,1904.46704102,1536.82519531,4,-11,3,-4,0.0,23,8,1.0,9.0,3.0,7.0,12.0,2.0,0.0,2.0,5.0,3.0,4.0,10.0,4.0,0.0,H,1,0,0,0.0,0.0,0.0
2017-2018,x-00005,2018-02-03,t-00032,t-00062,1.0,1.0,5.0,1.0,1.85,3.49,5.18,1735.6685791,1646.89904785,3,2,3,-7,0.0,13,16,1.5625,10.375,3.4375,5.125,9.375,1.125,0.1875,1.4,8.0,3.2,5.2,8.8,1.4,0.0,D,0,1,0,0.0,0.0,0.0
2017-2018,x-00005,2018-02-03,t-00009,t-00060,2.0,1.0,8.0,4.0,1.93,3.65,4.41,1687.61157227,1632.81237793,5,-7,-2,-13,0.0,28,20,1.12,11.72,4.04,5.32,8.64,1.52,0.04,0.6666666666666666,11.0,5.0,2.0,13.333333333333334,2.0,0.0,H,1,0,0,0.0,0.0,0.0
2017-2018,x-00005,2018-02-03,t-00068,t-00057,2.0,3.0,3.0,5.0,2.96,3.12,2.76,1631.50683594,1660.29882812,-2,-1,1,-4,0.0,16,17,0.6363636363636364,12.363636363636363,3.5454545454545454,5.636363636363637,11.636363636363637,1.8181818181818181,0.0,1.0,12.36,3.32,6.12,11.04,1.48,0.0,A,0,0,1,0.0,0.0,0.0
2017-2018,x-00005,2018-02-03,t-00014,t-00035,1.0,1.0,3.0,7.0,13.5,5.65,1.3,1679.625,1977.55737305,-3,6,-3,5,0.0,14,34,0.0,6.0,0.0,5.0,6.0,3.0,0.0,3.0,15.0,10.0,4.0,10.0,2.0,0.0,D,0,1,0,0.0,0.0,0.0
2017-2018,x-00005,2018-02-03,t-00012,t-00069,3.0,1.0,5.0,1.0,2.26,3.08,3.95,1601.47021484,1669.4432373,-6,4,-7,5,0.0,15,19,0.72,9.32,2.72,4.32,10.68,1.4,0.0,1.4285714285714286,9.285714285714286,4.0,4.142857142857143,9.5,2.2142857142857144,0.0,H,1,0,0,0.0,0.0,0.0
2017-2018,x-00005,2018-02-04,t-00033,t-00064,2.0,2.0,3.0,6.0,2.01,3.84,3.81,1889.9074707,1921.82104492,5,8,7,2,0.0,29,31,1.0,12.0,7.0,5.0,8.0,1.0,0.0,4.0,14.0,6.0,3.0,2.0,0.0,0.0,D,0,1,0,0.0,0.0,0.0
2017-2018,x-00005,2018-02-04,t-00022,t-00040,1.0,1.0,6.0,8.0,2.12,3.31,4.06,1662.70739746,1620.1126709,-1,-1,1,-3,0.0,15,20,0.0,10.0,0.0,5.0,14.0,2.0,0.0,1.0,7.0,3.0,3.0,12.0,4.0,0.0,D,0,1,0,0.0,0.0,0.0
2017-2018,x-00005,2018-02-05,t-00067,t-00018,4.0,1.0,8.0,3.0,6.95,4.5,1.53,1621.03393555,1891.67431641,-5,6,-3,5,0.0,17,40,0.0,12.0,2.0,6.0,12.0,3.0,0.0,1.8,16.56,6.28,6.48,9.64,1.08,0.12,H,1,0,0,0.0,0.0,0.0
2017-2018,x-00005,2018-02-10,t-00062,t-00014,1.0,0.0,4.0,1.0,2.37,3.03,3.71,1650.72253418,1685.7331543,1,-3,-3,-1,0.0,13,13,1.3333333333333333,7.166666666666667,2.8333333333333335,4.833333333333333,8.666666666666666,1.1666666666666667,0.0,0.8076923076923077,9.76923076923077,3.1153846153846154,4.230769230769231,9.5,1.9230769230769231,0.0,H,1,0,0,0.0,0.0,0.0
2017-2018,x-00005,2018-02-10,t-00060,t-00012,1.0,1.0,3.0,6.0,2.43,3.18,3.39,1627.4128418,1613.61413574,-3,-4,0,-6,0.0,23,17,0.75,11.5,4.75,1.75,14.75,2.25,0.0,0.8076923076923077,9.76923076923077,2.8076923076923075,4.3076923076923075,10.692307692307692,1.4615384615384615,0.0,D,0,1,0,0.0,0.0,0.0
2017-2018,x-00005,2018-02-10,t-00035,t-00032,5.0,1.0,11.0,2.0,1.24,6.7,15.5,1971.44921875,1731.84509277,6,4,14,0,0.0,37,17,2.0,12.0,4.0,7.0,10.0,1.0,0.0,0.0,2.0,0.0,1.0,8.0,1.0,0.0,H,1,0,0,0.0,0.0,0.0
2017-2018,x-00005,2018-02-10,t-00064,t-00002,1.0,0.0,6.0,1.0,1.93,3.9,4.07,1922.38574219,1829.2800293,6,4,11,-2,0.0,32,30,0.0,14.0,4.0,4.0,16.0,1.0,0.0,2.0,14.0,5.0,7.0,11.0,4.0,0.0,H,1,0,0,0.0,0.0,0.0
2017-2018,x-00005,2018-02-10,t-00069,t-00067,2.0,0.0,4.0,4.0,2.38,3.36,3.3,1657.29931641,1644.08703613,1,-1,0,-6,0.0,15,21,1.4,8.933333333333334,3.8,3.933333333333333,9.333333333333334,2.1333333333333333,0.0,2.0,16.5,5.0,6.0,11.5,2.5,0.0,H,1,0,0,0.0,0.0,0.0
2017-2018,x-00005,2018-02-10,t-00025,t-00022,3.0,1.0,5.0,4.0,2.11,3.32,4.09,1687.91491699,1660.06201172,-9,-1,1,1,0.0,10,20,1.0,7.833333333333333,2.5833333333333335,3.1666666666666665,11.5,1.5,0.0,1.0909090909090908,12.818181818181818,3.8636363636363638,5.681818181818182,11.409090909090908,1.7727272727272727,0.0,H,1,0,0,0.0,0.0,0.0
2017-2018,x-00005,2018-02-11,t-00028,t-00009,4.0,1.0,4.0,2.0,3.14,3.39,2.45,1535.27331543,1693.0111084,-13,5,-8,-2,0.0,7,29,0.0,20.0,3.0,11.0,10.0,2.0,0.0,4.0,11.0,5.0,8.0,13.0,3.0,1.0,H,1,0,0,0.0,0.0,0.0
2017-2018,x-00005,2018-02-11,t-00057,t-00033,0.0,2.0,4.0,4.0,5.18,4.05,1.72,1669.03967285,1889.34277344,0,4,-4,7,0.0,19,26,0.0,5.0,0.0,2.0,9.0,1.0,0.0,3.0,21.0,8.0,10.0,15.0,1.0,0.0,A,0,0,1,0.0,0.0,0.0
2017-2018,x-00005,2018-02-11,t-00040,t-00036,1.0,0.0,3.0,6.0,6.35,4.15,1.61,1622.75805664,1906.0189209,-1,6,-2,2,0.0,26,27,1.0,12.0,5.0,4.0,9.0,1.0,0.0,4.0,16.0,7.0,11.0,10.0,1.0,0.0,H,1,0,0,0.0,0.0,0.0
2017-2018,x-00005,2018-02-12,t-00018,t-00068,3.0,0.0,8.0,1.0,1.33,5.3,12.0,1868.62133789,1622.76599121,-2,-3,5,-6,0.0,31,16,1.7692307692307692,16.192307692307693,6.153846153846154,6.3076923076923075,9.576923076923077,1.1153846153846154,0.15384615384615385,0.75,12.083333333333334,3.5,5.583333333333333,11.666666666666666,1.8333333333333333,0.0,H,1,0,0,0.0,0.0,0.0
2017-2018,x-00005,2018-02-24,t-00068,t-00028,1.0,2.0,3.0,7.0,1.88,3.44,5.01,1626.24755859,1560.64135742,-5,-7,0,-4,0.0,14,10,0.6923076923076923,11.76923076923077,3.3076923076923075,5.6923076923076925,11.615384615384615,1.8461538461538463,0.0,0.8518518518518519,9.0,2.925925925925926,4.37037037037037,11.074074074074074,1.5555555555555556,0.1111111111111111,A,0,0,1,0.0,0.0,0.0
2017-2018,x-00005,2018-02-24,t-00032,t-00060,1.0,1.0,9.0,2.0,1.7,3.95,5.55,1734.72094727,1632.55969238,-3,-2,2,-10,0.0,14,22,1.5,10.055555555555555,3.4444444444444446,4.833333333333333,9.5,1.2222222222222223,0.16666666666666666,0.8,12.2,4.4,2.8,13.0,1.8,0.0,D,0,1,0,0.0,0.0,0.0
2017-2018,x-00005,2018-02-24,t-00014,t-00057,1.0,1.0,3.0,6.0,3.49,3.12,2.42,1685.03295898,1670.40734863,-3,-1,-4,-3,0.0,10,20,1.0,5.0,1.0,1.0,4.0,0.0,0.0,0.0,13.0,3.0,9.0,4.0,0.0,0.0,D,0,1,0,0.0,0.0,0.0
2017-2018,x-00005,2018-02-24,t-00009,t-00040,2.0,2.0,5.0,4.0,2.0,3.58,4.15,1681.74365234,1643.61010742,2,-1,-1,-1,0.0,23,23,1.0,16.0,6.0,9.0,12.0,2.0,0.0,0.0,16.0,4.0,11.0,11.0,2.0,0.0,D,0,1,0,0.0,0.0,0.0
2017-2018,x-00005,2018-02-24,t-00067,t-00025,1.0,0.0,5.0,2.0,2.47,3.24,3.26,1642.32751465,1703.43591309,-1,-5,0,-8,0.0,21,15,1.3333333333333333,14.666666666666666,4.666666666666667,6.333333333333333,10.0,2.0,0.0,1.1538461538461537,8.076923076923077,2.769230769230769,3.5384615384615383,11.692307692307692,1.4615384615384615,0.0,H,1,0,0,0.0,0.0,0.0
2017-2018,x-00005,2018-02-24,t-00012,t-00062,4.0,1.0,5.0,1.0,2.01,3.31,4.53,1622.56762695,1665.52307129,-4,4,-1,-6,0.0,17,16,0.8148148148148148,9.925925925925926,2.925925925925926,4.296296296296297,10.666666666666666,1.4074074074074074,0.0,1.2857142857142858,7.857142857142857,3.0,4.857142857142857,8.857142857142858,1.2857142857142858,0.0,H,1,0,0,0.0,0.0,0.0
2017-2018,x-00005,2018-02-24,t-00033,t-00069,4.0,1.0,12.0,4.0,1.24,7.0,14.0,1914.55493164,1673.15917969,5,3,7,4,0.0,25,18,2.259259259259259,17.444444444444443,6.2592592592592595,5.888888888888889,9.666666666666666,1.2962962962962963,0.037037037037037035,1.4375,8.875,3.8125,4.1875,9.4375,2.0625,0.0,H,1,0,0,0.0,0.0,0.0
2017-2018,x-00005,2018-02-25,t-00022,t-00064,0.0,1.0,3.0,4.0,9.5,5.6,1.36,1658.64147949,1939.20910645,-4,7,1,2,0.0,20,30,0.0,11.0,3.0,9.0,7.0,2.0,0.0,1.0,12.0,2.0,10.0,6.0,0.0,0.0,A,0,0,1,0.0,0.0,0.0
2017-2018,x-00005,2018-02-25,t-00036,t-00018,2.0,1.0,5.0,7.0,2.39,3.24,3.41,1898.99780273,1878.58837891,3,1,6,3,0.0,27,33,0.0,10.0,2.0,7.0,20.0,3.0,0.0,1.0,18.0,8.0,4.0,16.0,1.0,0.0,H,1,0,0,0.0,0.0,0.0
2017-2018,x-00005,2018-03-01,t-00002,t-00035,0.0,3.0,5.0,5.0,4.75,4.33,1.72,1833.16357422,1986.2590332,3,8,8,4,0.0,25,41,1.0,6.0,3.0,5.0,15.0,6.0,0.0,3.0,9.0,5.0,5.0,15.0,1.0,0.0,A,0,0,1,0.0,0.0,0.0
2017-2018,x-00005,2018-03-03,t-00033,t-00040,2.0,0.0,3.0,2.0,1.2,7.8,16.0,1917.91601562,1646.37182617,7,-1,10,0,0.0,30,23,1.0,17.0,2.0,5.0,6.0,1.0,0.0,1.0,8.0,5.0,1.0,11.0,1.0,0.0,H,1,0,0,0.0,0.0,0.0
2017-2018,x-00005,2018-03-03,t-00067,t-00068,1.0,0.0,4.0,2.0,2.41,3.18,3.43,1650.31665039,1614.77062988,0,-8,4,-9,0.0,22,13,1.25,14.25,4.75,6.25,10.0,2.25,0.0,0.7142857142857143,11.642857142857142,3.2857142857142856,5.714285714285714,11.571428571428571,1.7857142857142858,0.0,H,1,0,0,0.0,0.0,0.0
2017-2018,x-00005,2018-03-03,t-00064,t-00028,2.0,0.0,7.0,3.0,1.17,7.75,24.5,1942.26574707,1572.11816406,4,-3,10,-6,0.0,24,15,4.0,14.0,7.0,7.0,4.0,1.0,0.0,0.0,6.0,1.0,4.0,7.0,1.0,0.0,H,1,0,0,0.0,0.0,0.0
2017-2018,x-00005,2018-03-03,t-00014,t-00025,2.0,1.0,8.0,4.0,2.62,2.97,3.3,1682.90710449,1695.44677734,-2,-2,-5,-10,0.0,11,17,0.7857142857142857,9.857142857142858,3.0357142857142856,4.25,9.428571428571429,1.8571428571428572,0.0,1.0714285714285714,8.0,2.7142857142857144,3.642857142857143,11.5,1.4285714285714286,0.0,H,1,0,0,0.0,0.0,0.0
2017-2018,x-00005,2018-03-03,t-00057,t-00060,0.0,0.0,6.0,3.0,1.72,3.82,5.61,1672.53320312,1636.92419434,-1,1,-3,-9,0.0,22,19,1.0357142857142858,12.178571428571429,3.5,6.0,10.892857142857142,1.3928571428571428,0.0,0.8333333333333334,11.166666666666666,4.0,2.5,13.5,2.0,0.0,D,0,1,0,0.0,0.0,0.0
2017-2018,x-00005,2018-03-03,t-00062,t-00069,4.0,1.0,8.0,2.0,2.62,3.09,3.17,1652.16699219,1669.79821777,1,-3,2,-2,0.0,12,16,1.25,8.25,2.75,4.875,8.5,1.125,0.0,1.411764705882353,8.764705882352942,3.823529411764706,4.0588235294117645,9.294117647058824,2.0588235294117645,0.0,H,1,0,0,0.0,0.0,0.0
2017-2018,x-00005,2018-03-03,t-00032,t-00009,1.0,1.0,4.0,3.0,1.9,3.6,4.62,1730.35656738,1678.98181152,-3,1,5,-4,0.0,22,23,1.4736842105263157,10.526315789473685,3.736842105263158,5.2631578947368425,9.526315789473685,1.2105263157894737,0.15789473684210525,1.1785714285714286,11.892857142857142,4.142857142857143,5.535714285714286,9.071428571428571,1.5714285714285714,0.03571428571428571,D,0,1,0,0.0,0.0,0.0
2017-2018,x-00005,2018-03-04,t-00035,t-00018,1.0,0.0,3.0,0.0,1.51,4.85,6.5,1995.53637695,1872.44299316,12,0,15,0,0.0,42,33,1.0,17.0,6.0,8.0,13.0,2.0,0.0,0.0,4.0,2.0,4.0,8.0,0.0,0.0,H,1,0,0,0.0,0.0,0.0
2017-2018,x-00005,2018-03-04,t-00012,t-00002,2.0,1.0,6.0,7.0,4.25,3.7,1.94,1635.92358398,1823.88623047,1,1,2,-3,0.0,21,27,0.0,9.0,1.0,5.0,8.0,2.0,0.0,2.0,25.0,12.0,6.0,7.0,0.0,0.0,H,1,0,0,0.0,0.0,0.0
2017-2018,x-00005,2018-03-05,t-00022,t-00036,2.0,3.0,4.0,8.0,7.85,4.7,1.47,1655.5847168,1905.14318848,-6,1,-1,0,0.0,21,23,0.0,6.0,1.0,5.0,9.0,0.0,0.0,4.0,18.0,7.0,6.0,6.0,0.0,0.0,A,0,0,1,0.0,0.0,0.0
2017-2018,x-00005,2018-03-10,t-00018,t-00022,2.0,1.0,11.0,2.0,1.29,5.85,13.0,1866.34973145,1649.48815918,-5,-4,7,-4,0.0,23,20,1.0,15.0,5.0,8.0,6.0,1.0,0.0,2.0,14.0,5.0,5.0,7.0,2.0,0.0,H,1,0,0,0.0,0.0,0.0
2017-2018,x-00005,2018-03-10,t-00069,t-00014,0.0,3.0,4.0,4.0,2.25,3.16,3.85,1655.46911621,1687.54101562,-6,0,2,-2,0.0,14,17,1.3888888888888888,8.666666666666666,3.7222222222222223,4.111111111111111,9.555555555555555,2.111111111111111,0.0,0.8275862068965517,10.241379310344827,3.206896551724138,4.448275862068965,9.413793103448276,1.8275862068965518,0.0,A,0,0,1,0.0,0.0,0.0
2017-2018,x-00005,2018-03-10,t-00028,t-00062,0.0,0.0,4.0,0.0,2.57,3.04,3.31,1568.34741211,1661.79626465,-3,3,-3,-7,0.0,15,18,0.8620689655172413,9.03448275862069,3.0689655172413794,4.206896551724138,10.89655172413793,1.5172413793103448,0.10344827586206896,1.5555555555555556,8.333333333333334,3.3333333333333335,4.777777777777778,8.555555555555555,1.0,0.0,D,0,1,0,0.0,0.0,0.0
2017-2018,x-00005,2018-03-10,t-00040,t-00057,3.0,0.0,5.0,2.0,2.63,3.2,3.05,1641.57653809,1667.58947754,-1,-1,0,-2,0.0,21,24,2.0,19.0,5.0,8.0,12.0,2.0,0.0,2.0,12.0,2.0,3.0,11.0,1.0,0.0,H,1,0,0,0.0,0.0,0.0
2017-2018,x-00005,2018-03-10,t-00036,t-00033,2.0,1.0,2.0,2.0,3.2,3.26,2.49,1906.53991699,1916.75183105,1,10,6,5,0.0,29,29,0.0,6.0,1.0,3.0,13.0,2.0,0.0,0.0,19.0,5.0,7.0,7.0,0.0,0.0,H,1,0,0,0.0,0.0,0.0
2017-2018,x-00005,2018-03-10,t-00025,t-00012,2.0,0.0,3.0,4.0,2.25,3.32,3.64,1686.11303711,1645.02880859,-3,6,1,-4,0.0,17,24,1.0666666666666667,8.133333333333333,2.8,3.6666666666666665,11.533333333333333,1.4,0.06666666666666667,0.9655172413793104,10.241379310344827,3.103448275862069,4.310344827586207,10.96551724137931,1.4482758620689655,0.0,H,1,0,0,0.0,0.0,0.0
2017-2018,x-00005,2018-03-10,t-00068,t-00032,1.0,4.0,2.0,6.0,3.39,3.44,2.3,1606.5480957,1724.99475098,-9,-5,0,-7,0.0,10,21,0.6666666666666666,11.466666666666667,3.2,5.733333333333333,11.6,1.6666666666666667,0.0,1.45,11.15,3.75,5.65,9.6,1.25,0.15,A,0,0,1,0.0,0.0,0.0
2017-2018,x-00005,2018-03-11,t-00002,t-00067,3.0,0.0,7.0,4.0,1.52,4.55,7.0,1820.23156738,1653.8392334,-3,3,4,-7,0.0,24,23,1.793103448275862,15.96551724137931,6.068965517241379,6.206896551724138,10.310344827586206,1.5862068965517242,0.0,1.2,14.4,4.6,5.8,10.2,2.2,0.0,H,1,0,0,0.0,0.0,0.0
2017-2018,x-00005,2018-03-11,t-00009,t-00064,1.0,4.0,3.0,8.0,7.75,5.0,1.44,1679.64379883,1926.31481934,1,6,3,6,0.0,23,29,0.0,5.0,1.0,5.0,7.0,3.0,0.0,1.0,18.0,6.0,9.0,9.0,1.0,0.0,A,0,0,1,0.0,0.0,0.0
2017-2018,x-00005,2018-03-12,t-00060,t-00035,0.0,2.0,0.0,6.0,13.75,6.95,1.24,1637.16821289,1995.77563477,-1,11,3,3,0.0,16,36,0.7142857142857143,11.285714285714286,3.857142857142857,2.7142857142857144,13.428571428571429,1.8571428571428572,0.0,2.8620689655172415,17.482758620689655,7.206896551724138,7.241379310344827,8.89655172413793,1.5862068965517242,0.06896551724137931,A,0,0,1,0.0,0.0,0.0
2017-2018,x-00005,2018-03-17,t-00028,t-00022,0.0,2.0,2.0,6.0,2.79,3.18,2.88,1562.8034668,1640.44592285,0,-5,-3,-5,0.0,18,19,0.8333333333333334,9.733333333333333,3.1,4.466666666666667,10.833333333333334,1.5333333333333334,0.1,1.0769230769230769,12.384615384615385,3.769230769230769,5.384615384615385,11.423076923076923,1.6538461538461537,0.0,A,0,0,1,0.0,0.0,0.0
2017-2018,x-00005,2018-03-17,t-00060,t-00025,1.0,2.0,4.0,9.0,2.78,3.31,2.78,1627.76025391,1687.59655762,-3,-2,-1,-11,0.0,12,16,0.625,10.25,3.375,2.75,12.5,1.75,0.0,1.125,8.4375,2.8125,4.0625,11.4375,1.3125,0.0625,A,0,0,1,0.0,0.0,0.0
2017-2018,x-00005,2018-03-17,t-00009,t-00068,2.0,1.0,5.0,6.0,1.8,3.84,4.9,1666.79968262,1588.60107422,-5,-9,0,-8,0.0,21,11,1.1666666666666667,11.833333333333334,4.066666666666666,5.333333333333333,9.033333333333333,1.5333333333333334,0.03333333333333333,0.6875,11.125,3.125,5.8125,11.25,1.625,0.0,H,1,0,0,0.0,0.0,0.0
2017-2018,x-00005,2018-03-17,t-00033,t-00067,5.0,0.0,10.0,1.0,1.17,9.0,18.45,1903.35900879,1641.99719238,6,0,7,-9,0.0,24,25,2.2666666666666666,17.333333333333332,6.2,6.266666666666667,9.7,1.2,0.03333333333333333,1.0,13.833333333333334,4.5,6.333333333333333,10.0,2.0,0.0,H,1,0,0,0.0,0.0,0.0
2017-2018,x-00005,2018-03-31,t-00067,t-00009,2.0,2.0,5.0,6.0,2.22,3.48,3.53,1637.94238281,1671.68347168,-8,-5,4,0,0.0,18,18,0.8571428571428571,12.428571428571429,4.0,5.571428571428571,9.142857142857142,1.7142857142857142,0.0,1.1935483870967742,12.0,4.096774193548387,5.258064516129032,8.935483870967742,1.5161290322580645,0.03225806451612903,D,0,1,0,0.0,0.0,0.0
2017-2018,x-00005,2018-03-31,t-00068,t-00014,1.0,2.0,3.0,4.0,2.62,3.1,3.16,1583.71728516,1696.07373047,-9,3,-3,1,0.0,14,19,0.7058823529411765,11.117647058823529,3.2941176470588234,5.588235294117647,11.117647058823529,1.6470588235294117,0.0,0.9,10.133333333333333,3.2333333333333334,4.333333333333333,9.333333333333334,1.8333333333333333,0.0,A,0,0,1,0.0,0.0,0.0
2017-2018,x-00005,2018-03-31,t-00069,t-00057,3.0,0.0,5.0,0.0,2.91,3.26,2.71,1633.68334961,1648.3215332,-9,-4,0,-2,0.0,15,23,3.0,14.0,7.0,9.0,13.0,1.0,0.0,0.0,17.0,0.0,7.0,12.0,2.0,0.0,H,1,0,0,0.0,0.0,0.0
2017-2018,x-00005,2018-03-31,t-00022,t-00033,1.0,2.0,3.0,6.0,7.0,4.7,1.51,1651.06921387,1907.41394043,-3,11,-1,4,0.0,19,31,1.1111111111111112,12.555555555555555,3.8518518518518516,5.444444444444445,11.444444444444445,1.6666666666666667,0.0,2.3548387096774195,17.193548387096776,6.32258064516129,6.258064516129032,9.548387096774194,1.1935483870967742,0.03225806451612903,A,0,0,1,0.0,0.0,0.0
2017-2018,x-00005,2018-03-31,t-00040,t-00028,1.0,0.0,3.0,0.0,1.78,3.63,5.45,1647.59143066,1552.18017578,2,0,4,-8,0.0,22,20,0.0,13.0,5.0,3.0,10.0,4.0,0.0,1.0,7.0,3.0,7.0,13.0,3.0,0.0,H,1,0,0,0.0,0.0,0.0
2017-2018,x-00005,2018-03-31,t-00012,t-00032,0.0,2.0,3.0,4.0,2.7,3.34,2.85,1630.29211426,1729.6887207,4,-1,2,-3,0.0,26,26,0.9333333333333333,10.233333333333333,3.1333333333333333,4.266666666666667,11.066666666666666,1.4333333333333333,0.03333333333333333,1.5714285714285714,11.285714285714286,3.857142857142857,5.666666666666667,9.476190476190476,1.3333333333333333,0.14285714285714285,A,0,0,1,0.0,0.0,0.0
2017-2018,x-00005,2018-03-31,t-00036,t-00062,2.0,0.0,5.0,2.0,1.23,6.95,16.0,1888.82373047,1654.08728027,4,1,7,-2,0.0,28,14,1.9333333333333333,13.8,5.033333333333333,5.9,11.366666666666667,1.8,0.03333333333333333,1.4,7.5,3.0,4.3,8.6,1.2,0.1,H,1,0,0,0.0,0.0,0.0
2017-2018,x-00005,2018-03-31,t-00025,t-00035,1.0,3.0,2.0,4.0,10.55,5.63,1.34,1695.41418457,1991.93054199,3,10,3,4,0.0,23,32,1.1764705882352942,8.941176470588236,3.176470588235294,4.352941176470588,11.470588235294118,1.2941176470588236,0.058823529411764705,2.8333333333333335,17.466666666666665,7.166666666666667,7.333333333333333,8.866666666666667,1.5333333333333334,0.06666666666666667,A,0,0,1,0.0,0.0,0.0
2017-2018,x-00005,2018-04-01,t-00002,t-00060,3.0,0.0,11.0,2.0,1.31,6.05,11.0,1822.27612305,1619.94262695,2,-3,7,-9,0.0,27,12,1.8333333333333333,15.8,6.1,6.133333333333334,10.366666666666667,1.6,0.0,0.6666666666666666,10.11111111111111,3.4444444444444446,2.5555555555555554,12.555555555555555,1.6666666666666667,0.1111111111111111,H,1,0,0,0.0,0.0,0.0
2017-2018,x-00005,2018-04-01,t-00018,t-00064,1.0,3.0,4.0,7.0,2.3,3.43,3.4,1855.87475586,1925.90588379,-1,7,6,6,0.0,29,31,2.0,9.0,2.0,3.0,21.0,3.0,0.0,1.0,18.0,6.0,14.0,14.0,3.0,0.0,A,0,0,1,0.0,0.0,0.0
2017-2018,x-00005,2018-04-07,t-00025,t-00033,0.0,0.0,1.0,3.0,3.78,3.39,2.17,1695.17919922,1931.77246094,-1,10,3,4,0.0,20,33,1.0,3.0,2.0,1.0,11.0,3.0,0.0,1.0,23.0,3.0,12.0,8.0,1.0,0.0,D,0,1,0,0.0,0.0,0.0
2017-2018,x-00005,2018-04-07,t-00012,t-00028,1.0,1.0,4.0,5.0,1.76,3.7,5.46,1624.08239746,1551.21032715,0,-4,0,-6,0.0,24,16,0.0,7.0,2.0,1.0,10.0,0.0,0.0,2.0,19.0,6.0,8.0,6.0,0.0,0.0,D,0,1,0,0.0,0.0,0.0
2017-2018,x-00005,2018-04-07,t-00032,t-00040,1.0,2.0,1.0,4.0,1.86,3.58,4.89,1743.0793457,1655.74206543,1,3,5,-3,0.0,25,17,3.0,13.0,5.0,5.0,9.0,1.0,0.0,2.0,10.0,4.0,6.0,10.0,2.0,0.0,A,0,0,1,0.0,0.0,0.0
2017-2018,x-00005,2018-04-07,t-00035,t-00036,2.0,3.0,6.0,4.0,1.86,3.72,4.66,1981.93859863,1895.61230469,12,4,12,1,0.0,29,26,2.0,14.0,7.0,8.0,10.0,2.0,0.0,1.0,8.0,5.0,2.0,16.0,4.0,0.0,A,0,0,1,0.0,0.0,0.0
2017-2018,x-00005,2018-04-07,t-00068,t-00062,1.0,1.0,3.0,1.0,2.53,3.15,3.25,1580.47338867,1654.47949219,-7,-1,-4,-5,0.0,16,15,0.0,0.0,0.0,0.0,0.0,0.0,0.0,0.0,0.0,0.0,0.0,0.0,0.0,0.0,D,0,1,0,0.0,0.0,0.0
2017-2018,x-00005,2018-04-07,t-00060,t-00064,1.0,2.0,4.0,4.0,11.3,6.15,1.3,1619.08117676,1940.12426758,-6,9,-1,6,0.0,11,32,0.6,9.9,3.3,2.8,12.6,1.7,0.1,2.0,17.0,5.903225806451613,6.806451612903226,10.258064516129032,1.2258064516129032,0.06451612903225806,A,0,0,1,0.0,0.0,0.0
2017-2018,x-00005,2018-04-07,t-00067,t-00014,1.0,2.0,5.0,4.0,2.33,3.23,3.55,1640.92248535,1706.49853516,-6,4,5,2,0.0,19,20,1.0,12.875,4.125,5.75,10.0,2.0,0.0,0.9354838709677419,10.161290322580646,3.2580645161290325,4.387096774193548,9.32258064516129,1.8709677419354838,0.0,A,0,0,1,0.0,0.0,0.0
2017-2018,x-00005,2018-04-07,t-00009,t-00022,2.0,2.0,5.0,6.0,2.67,3.54,2.76,1675.88415527,1651.29919434,-2,-2,0,-4,0.0,22,18,2.0,11.0,5.0,3.0,14.0,2.0,0.0,2.0,24.0,8.0,6.0,14.0,5.0,0.0,D,0,1,0,0.0,0.0,0.0
2017-2018,x-00005,2018-04-08,t-00018,t-00069,1.0,1.0,6.0,2.0,1.31,5.85,11.4,1848.83728027,1649.21789551,0,-4,-1,-5,0.0,30,19,0.0,19.0,2.0,3.0,10.0,1.0,0.0,1.0,5.0,2.0,4.0,10.0,6.0,0.0,D,0,1,0,0.0,0.0,0.0
2017-2018,x-00005,2018-04-08,t-00002,t-00057,3.0,2.0,7.0,8.0,1.79,3.82,4.97,1841.53088379,1639.96789551,1,-8,10,-5,0.0,31,18,0.0,18.0,6.0,9.0,11.0,0.0,0.0,1.0,11.0,4.0,2.0,6.0,0.0,0.0,H,1,0,0,0.0,0.0,0.0
2017-2018,x-00005,2018-04-14,t-00057,t-00018,2.0,3.0,7.0,5.0,4.81,3.85,1.81,1637.66101074,1842.88549805,-7,-3,-3,-1,0.0,22,28,0.0,7.0,1.5,2.5,7.5,1.5,0.0,4.5,14.0,8.0,3.5,9.5,1.5,0.0,A,0,0,1,0.0,0.0,0.0
2017-2018,x-00005,2018-04-14,t-00064,t-00035,1.0,3.0,3.0,6.0,2.8,3.66,2.56,1942.84851074,1961.22143555,9,7,9,6,0.0,30,24,1.0,7.0,2.0,1.0,20.0,4.0,0.0,4.0,20.0,11.0,5.0,13.0,2.0,0.0,A,0,0,1,0.0,0.0,0.0
2017-2018,x-00005,2018-04-14,t-00014,t-00032,2.0,1.0,3.0,6.0,2.63,3.2,3.05,1714.59143066,1731.81811523,6,4,-1,0,0.0,23,24,0.0,14.0,4.0,7.0,11.0,2.0,0.0,1.0,16.0,3.0,10.0,3.0,0.0,0.0,H,1,0,0,0.0,0.0,0.0
2017-2018,x-00005,2018-04-14,t-00022,t-00012,3.0,2.0,8.0,3.0,1.89,3.51,4.82,1653.79760742,1620.90075684,-1,0,-2,-4,0.0,21,22,0.0,10.0,4.0,5.0,8.0,0.0,0.0,0.0,10.0,4.0,10.0,13.0,2.0,0.0,H,1,0,0,0.0,0.0,0.0
2017-2018,x-00005,2018-04-14,t-00028,t-00067,1.0,0.0,1.0,2.0,2.57,3.18,3.15,1554.98388672,1633.42150879,-5,-8,-5,-12,0.0,14,19,0.7878787878787878,9.575757575757576,3.0303030303030303,4.363636363636363,10.696969696969697,1.606060606060606,0.09090909090909091,1.0,13.0,4.222222222222222,6.333333333333333,10.88888888888889,2.0,0.0,H,1,0,0,0.0,0.0,0.0
2017-2018,x-00005,2018-04-14,t-00033,t-00009,3.0,0.0,7.0,1.0,1.24,7.3,13.5,1936.70825195,1673.97766113,7,-2,11,0,0.0,24,22,4.0,21.0,7.0,3.0,10.0,1.0,0.0,0.0,6.0,2.0,2.0,5.0,1.0,0.0,H,1,0,0,0.0,0.0,0.0
2017-2018,x-00005,2018-04-14,t-00062,t-00025,1.0,1.0,7.0,3.0,2.77,3.17,2.9,1654.1776123,1700.31237793,-2,0,5,-9,0.0,12,19,1.25,7.083333333333333,2.75,3.9166666666666665,8.666666666666666,1.1666666666666667,0.08333333333333333,1.105263157894737,8.631578947368421,3.0,4.157894736842105,11.421052631578947,1.1578947368421053,0.05263157894736842,D,0,1,0,0.0,0.0,0.0
2017-2018,x-00005,2018-04-15,t-00036,t-00068,0.0,1.0,4.0,4.0,1.2,7.4,18.0,1907.44458008,1581.36706543,6,-6,9,-8,0.0,24,16,1.96875,13.4375,5.0,5.75,11.09375,1.78125,0.03125,1.0,15.0,3.0,5.0,15.0,3.0,0.0,A,0,0,1,0.0,0.0,0.0
2017-2018,x-00005,2018-04-15,t-00040,t-00002,2.0,1.0,4.0,3.0,2.9,3.55,2.54,1667.59521484,1845.35791016,3,3,5,-5,0.0,18,37,0.0,10.0,2.0,5.0,9.0,1.0,0.0,1.0,23.0,5.0,7.0,13.0,2.0,0.0,H,1,0,0,0.0,0.0,0.0
2017-2018,x-00005,2018-04-16,t-00069,t-00060,1.0,1.0,6.0,7.0,2.01,3.51,4.2,1655.76159668,1616.94897461,-6,-7,2,-7,0.0,17,13,1.380952380952381,8.904761904761905,3.7142857142857144,4.285714285714286,9.761904761904763,1.9523809523809523,0.0,0.6363636363636364,9.909090909090908,3.3636363636363638,3.090909090909091,13.181818181818182,1.9090909090909092,0.09090909090909091,D,0,1,0,0.0,0.0,0.0
2017-2018,x-00005,2018-04-17,t-00012,t-00064,1.0,1.0,5.0,6.0,6.59,4.35,1.56,1614.9519043,1930.30310059,-4,6,4,7,0.0,20,29,0.0,7.0,4.0,2.0,10.0,1.0,0.0,2.0,25.0,8.0,10.0,5.0,1.0,0.0,D,0,1,0,0.0,0.0,0.0
2017-2018,x-00005,2018-04-18,t-00009,t-00036,0.0,2.0,2.0,4.0,4.65,3.85,1.83,1670.93054199,1891.27636719,-5,4,-1,0,0.0,20,23,0.0,14.0,7.0,9.0,12.0,2.0,0.0,1.0,9.0,2.0,4.0,14.0,1.0,0.0,A,0,0,1,0.0,0.0,0.0
2017-2018,x-00005,2018-04-19,t-00014,t-00018,1.0,2.0,2.0,5.0,4.58,3.59,1.91,1721.61669922,1847.35839844,7,-1,1,0,0.0,23,26,3.0,10.0,5.0,5.0,11.0,3.0,0.0,2.0,19.0,6.0,8.0,16.0,3.0,2.0,A,0,0,1,0.0,0.0,0.0
2017-2018,x-00005,2018-04-19,t-00032,t-00057,0.0,0.0,3.0,2.0,2.42,3.45,3.15,1724.79296875,1633.18798828,3,-8,1,-6,0.0,21,23,2.0,14.0,4.0,10.0,8.0,0.0,0.0,2.0,11.0,7.0,4.0,12.0,0.0,0.0,D,0,1,0,0.0,0.0,0.0
2017-2018,x-00005,2018-04-21,t-00067,t-00022,0.0,0.0,4.0,1.0,3.1,3.35,2.5,1624.7088623,1659.74633789,-10,1,4,-1,0.0,17,25,0.9,12.1,4.0,6.3,10.6,2.0,0.0,1.2,12.433333333333334,4.033333333333333,5.3,11.2,1.7333333333333334,0.0,D,0,1,0,0.0,0.0,0.0
2017-2018,x-00005,2018-04-21,t-00068,t-00033,2.0,2.0,6.0,3.0,6.55,4.13,1.6,1597.53527832,1939.75537109,-4,8,-6,5,0.0,18,28,1.0,12.5,3.5,4.5,14.0,2.0,0.0,2.2941176470588234,17.029411764705884,6.235294117647059,6.147058823529412,9.411764705882353,1.1764705882352942,0.029411764705882353,D,0,1,0,0.0,0.0,0.0
2017-2018,x-00005,2018-04-22,t-00002,t-00069,4.0,1.0,8.0,4.0,1.53,4.55,6.88,1834.20800781,1653.0715332,5,-3,8,-5,0.0,35,19,0.0,22.0,3.0,7.0,9.0,0.0,0.0,0.0,6.0,0.0,1.0,9.0,1.0,0.0,H,1,0,0,0.0,0.0,0.0
2017-2018,x-00005,2018-04-22,t-00035,t-00062,5.0,0.0,12.0,1.0,1.13,10.25,19.5,1973.7668457,1653.85778809,6,1,9,-5,0.0,25,18,2.8181818181818183,17.545454545454547,7.0,7.454545454545454,9.181818181818182,1.696969696969697,0.06060606060606061,1.2307692307692308,7.846153846153846,3.076923076923077,4.076923076923077,8.76923076923077,1.1538461538461537,0.07692307692307693,H,1,0,0,0.0,0.0,0.0
2017-2018,x-00005,2018-04-22,t-00060,t-00014,1.0,1.0,3.0,7.0,2.22,3.46,3.56,1619.63903809,1715.22399902,-7,5,-4,4,0.0,17,17,0.6666666666666666,10.0,3.6666666666666665,2.9166666666666665,13.833333333333334,2.0,0.08333333333333333,1.0,9.852941176470589,3.235294117647059,4.235294117647059,9.382352941176471,1.8529411764705883,0.0,D,0,1,0,0.0,0.0,0.0
2017-2018,x-00005,2018-04-23,t-00025,t-00040,1.0,0.0,1.0,2.0,2.18,3.35,3.8,1700.63220215,1678.74523926,1,4,3,-3,0.0,18,18,1.0,7.0,4.0,1.0,11.0,2.0,0.0,0.0,16.0,4.0,4.0,10.0,1.0,1.0,H,1,0,0,0.0,0.0,0.0
2017-2018,x-00005,2018-04-28,t-00028,t-00025,0.0,2.0,2.0,5.0,2.77,3.06,3.01,1566.05737305,1709.08996582,-2,0,-1,-5,0.0,12,16,0.0,5.0,3.0,5.0,9.0,1.0,0.0,2.0,6.0,4.0,2.0,12.0,2.0,0.0,A,0,0,1,0.0,0.0,0.0
2017-2018,x-00005,2018-04-28,t-00062,t-00018,0.0,1.0,3.0,3.0,7.8,4.85,1.44,1653.18884277,1856.11193848,-7,1,7,-3,0.0,11,31,1.1428571428571428,7.571428571428571,2.9285714285714284,3.857142857142857,8.714285714285714,1.1428571428571428,0.07142857142857142,1.7352941176470589,16.323529411764707,6.0588235294117645,6.294117647058823,9.558823529411764,1.0588235294117647,0.11764705882352941,A,0,0,1,0.0,0.0,0.0
2017-2018,x-00005,2018-04-28,t-00022,t-00032,5.0,0.0,9.0,1.0,2.1,3.53,3.83,1662.68603516,1723.12341309,2,3,-2,-1,0.0,24,20,3.0,13.0,6.0,4.0,13.0,2.0,0.0,0.0,11.0,2.0,6.0,12.0,2.0,1.0,H,1,0,0,0.0,0.0,0.0
2017-2018,x-00005,2018-04-28,t-00014,t-00012,0.0,0.0,4.0,1.0,2.32,3.18,3.63,1716.41455078,1623.62927246,2,-5,1,-5,0.0,20,19,0.0,11.0,6.0,2.0,13.0,2.0,0.0,0.0,12.0,2.0,8.0,13.0,4.0,0.0,D,0,1,0,0.0,0.0,0.0
2017-2018,x-00005,2018-04-28,t-00057,t-00009,2.0,1.0,6.0,7.0,1.68,4.16,5.34,1639.57910156,1667.45019531,-8,-4,-3,-3,0.0,19,19,1.0,10.0,2.0,8.0,17.0,0.0,0.0,2.0,7.0,3.0,3.0,10.0,1.0,0.0,H,1,0,0,0.0,0.0,0.0
2017-2018,x-00005,2018-04-28,t-00040,t-00068,0.0,1.0,2.0,2.0,1.97,3.38,4.61,1675.0090332,1606.68029785,5,-1,6,-7,0.0,18,22,1.0294117647058822,11.558823529411764,4.0588235294117645,4.382352941176471,10.911764705882353,1.3823529411764706,0.058823529411764705,1.3333333333333333,12.666666666666666,4.333333333333333,5.333333333333333,13.333333333333334,1.3333333333333333,0.0,A,0,0,1,0.0,0.0,0.0
2017-2018,x-00005,2018-04-28,t-00033,t-00060,0.0,0.0,2.0,1.0,1.29,6.0,11.5,1944.83947754,1623.17004395,9,-5,13,-4,0.0,29,20,2.2857142857142856,16.8,6.142857142857143,6.085714285714285,9.285714285714286,1.1714285714285715,0.02857142857142857,0.6923076923076923,9.846153846153847,3.6153846153846154,2.923076923076923,13.923076923076923,2.0,0.07692307692307693,D,0,1,0,0.0,0.0,0.0
2017-2018,x-00005,2018-04-29,t-00069,t-00035,1.0,4.0,1.0,7.0,10.0,5.7,1.33,1650.59545898,1979.1574707,-3,10,2,9,0.0,21,34,1.0,7.0,4.0,4.0,7.0,2.0,0.0,2.0,24.0,8.0,10.0,5.0,2.0,0.0,A,0,0,1,0.0,0.0,0.0
2017-2018,x-00005,2018-04-29,t-00036,t-00002,2.0,1.0,3.0,3.0,1.41,5.3,7.9,1899.47839355,1839.27282715,5,9,5,-6,0.0,19,36,3.0,8.0,4.0,1.0,10.0,2.0,1.0,1.0,33.0,15.0,12.0,11.0,3.0,0.0,H,1,0,0,0.0,0.0,0.0
2017-2018,x-00005,2018-04-30,t-00064,t-00067,2.0,0.0,3.0,5.0,1.17,8.7,17.5,1926.34741211,1626.49072266,4,-7,7,-11,0.0,28,17,1.9411764705882353,16.647058823529413,5.764705882352941,6.5588235294117645,10.058823529411764,1.2941176470588236,0.058823529411764705,0.8181818181818182,12.272727272727273,4.0,6.090909090909091,11.181818181818182,2.090909090909091,0.0,H,1,0,0,0.0,0.0,0.0
2017-2018,x-00005,2018-05-04,t-00012,t-00036,1.0,0.0,4.0,3.0,5.2,3.43,1.86,1625.2454834,1902.24487305,-3,5,2,1,0.0,16,20,0.0,8.0,2.0,0.0,9.0,2.0,0.0,1.0,15.0,4.0,5.0,9.0,0.0,0.0,H,1,0,0,0.0,0.0,0.0
2017-2018,x-00005,2018-05-05,t-00068,t-00064,1.0,0.0,1.0,5.0,7.95,4.55,1.47,1615.73925781,1926.00280762,1,3,-5,7,0.0,18,23,1.25,11.75,3.75,4.25,13.25,1.75,0.0,1.9428571428571428,16.542857142857144,5.685714285714286,6.485714285714286,10.085714285714285,1.2857142857142858,0.05714285714285714,H,1,0,0,0.0,0.0,0.0
2017-2018,x-00005,2018-05-05,t-00025,t-00057,1.0,1.0,3.0,5.0,2.84,3.34,2.71,1714.91113281,1644.25830078,1,-4,3,-7,0.0,12,23,1.1363636363636365,8.727272727272727,3.0,4.045454545454546,11.181818181818182,1.1363636363636365,0.045454545454545456,1.0740740740740742,10.666666666666666,3.6666666666666665,4.518518518518518,10.074074074074074,1.5185185185185186,0.037037037037037035,D,0,1,0,0.0,0.0,0.0
2017-2018,x-00005,2018-05-05,t-00009,t-00062,1.0,0.0,5.0,3.0,2.01,3.66,4.0,1657.84338379,1646.21374512,-6,-8,-4,-10,0.0,21,14,1.1666666666666667,12.166666666666666,4.111111111111111,5.527777777777778,8.88888888888889,1.5,0.027777777777777776,1.0666666666666667,7.733333333333333,2.933333333333333,3.6666666666666665,9.0,1.1333333333333333,0.06666666666666667,H,1,0,0,0.0,0.0,0.0
2017-2018,x-00005,2018-05-05,t-00067,t-00040,2.0,1.0,8.0,1.0,2.18,3.33,3.82,1621.90771484,1661.02246094,-4,1,1,-2,0.0,21,15,0.75,12.333333333333334,4.083333333333333,5.583333333333333,11.083333333333334,1.9166666666666667,0.0,1.0,11.714285714285714,4.0,4.4,10.82857142857143,1.3714285714285714,0.05714285714285714,H,1,0,0,0.0,0.0,0.0
2017-2018,x-00005,2018-05-05,t-00060,t-00022,1.0,2.0,2.0,2.0,2.58,3.51,2.87,1628.68225098,1678.39794922,-4,5,-4,-1,0.0,17,27,0.6428571428571429,9.5,3.4285714285714284,2.857142857142857,13.928571428571429,2.0,0.07142857142857142,1.28125,12.3125,4.09375,5.3125,11.25,1.8125,0.0,A,0,0,1,0.0,0.0,0.0
2017-2018,x-00005,2018-05-05,t-00032,t-00069,0.0,2.0,2.0,3.0,2.21,3.56,3.48,1702.48400879,1644.19628906,-5,-3,-1,-11,0.0,15,18,1.0,7.0,2.0,5.0,12.0,1.0,0.0,1.0,8.0,4.0,5.0,9.0,1.0,0.0,A,0,0,1,0.0,0.0,0.0
2017-2018,x-00005,2018-05-06,t-00035,t-00028,0.0,0.0,2.0,3.0,1.08,14.4,26.0,1980.62902832,1555.30859375,11,-4,12,-4,0.0,35,10,2.0,14.0,5.0,7.0,10.0,3.0,0.0,1.0,4.0,0.0,3.0,10.0,2.0,1.0,D,0,1,0,0.0,0.0,0.0
2017-2018,x-00005,2018-05-06,t-00002,t-00014,5.0,0.0,8.0,2.0,1.47,4.79,7.45,1826.70788574,1709.87072754,5,1,7,4,0.0,32,20,1.0,17.0,2.0,5.0,14.0,0.0,0.0,0.0,8.0,2.0,5.0,8.0,2.0,0.0,H,1,0,0,0.0,0.0,0.0
2017-2018,x-00005,2018-05-06,t-00018,t-00033,1.0,0.0,4.0,5.0,2.24,3.61,3.37,1858.15930176,1931.55200195,1,4,-1,2,0.0,23,21,1.0,11.0,3.0,8.0,7.0,0.0,0.0,1.0,16.0,4.0,7.0,10.0,0.0,0.0,H,1,0,0,0.0,0.0,0.0
2017-2018,x-00005,2018-05-08,t-00062,t-00057,0.0,1.0,3.0,8.0,3.34,3.19,2.45,1639.97473145,1647.80505371,-7,-1,5,-7,0.0,15,28,1.0,8.0,2.9375,3.8125,9.0625,1.3125,0.0625,1.0714285714285714,10.678571428571429,3.7142857142857144,4.5,10.142857142857142,1.6071428571428572,0.07142857142857142,A,0,0,1,0.0,0.0,0.0
2017-2018,x-00005,2018-05-09,t-00064,t-00040,1.0,0.0,7.0,3.0,1.22,6.95,14.2,1911.85742188,1653.40856934,0,-1,5,-3,0.0,21,13,2.0,18.0,6.0,7.0,10.0,2.0,0.0,0.0,6.0,3.0,5.0,6.0,1.0,1.0,H,1,0,0,0.0,0.0,0.0
2017-2018,x-00005,2018-05-09,t-00032,t-00002,3.0,1.0,10.0,7.0,3.89,3.91,1.97,1686.80773926,1835.66223145,-9,7,-3,-6,0.0,13,29,1.3703703703703705,10.962962962962964,3.6296296296296298,5.777777777777778,9.481481481481481,1.3333333333333333,0.18518518518518517,2.0,15.833333333333334,6.194444444444445,5.972222222222222,10.11111111111111,1.5277777777777777,0.027777777777777776,H,1,0,0,0.0,0.0,0.0
2017-2018,x-00005,2018-05-09,t-00035,t-00012,3.0,1.0,7.0,3.0,1.2,7.6,15.25,1971.7935791,1638.88037109,9,0,9,-3,0.0,33,17,2.0,14.0,4.0,10.0,9.0,2.0,0.0,0.0,6.0,2.0,3.0,6.0,0.0,0.0,H,1,0,0,0.0,0.0,0.0
2017-2018,x-00005,2018-05-09,t-00018,t-00028,1.0,1.0,5.0,2.0,1.25,6.0,15.25,1866.49987793,1564.14404297,4,-2,3,-2,0.0,23,11,3.0,12.0,5.0,3.0,4.0,0.0,0.0,1.0,7.0,2.0,1.0,11.0,0.0,0.0,D,0,1,0,0.0,0.0,0.0
2017-2018,x-00005,2018-05-10,t-00069,t-00036,0.0,0.0,2.0,6.0,4.61,3.84,1.84,1659.87255859,1888.60998535,-4,2,-1,2,0.0,16,18,1.36,9.32,3.68,4.36,9.72,1.88,0.0,1.8611111111111112,13.61111111111111,4.833333333333333,5.777777777777778,10.722222222222221,1.6388888888888888,0.027777777777777776,D,0,1,0,0.0,0.0,0.0
2017-2018,x-00005,2018-05-13,t-00028,t-00002,0.0,1.0,3.0,4.0,5.7,4.74,1.56,1571.97375488,1821.48046875,-1,4,0,-6,0.0,13,29,0.0,7.0,2.0,2.0,12.0,1.0,0.0,5.0,21.0,7.0,7.0,10.0,0.0,0.0,A,0,0,1,0.0,0.0,0.0
2017-2018,x-00005,2018-05-13,t-00069,t-00025,3.0,1.0,4.0,7.0,2.35,3.4,3.28,1664.28259277,1711.36437988,-4,3,-3,1,0.0,16,13,1.3076923076923077,9.307692307692308,3.6153846153846154,4.230769230769231,9.807692307692308,1.8461538461538463,0.0,1.1304347826086956,8.73913043478261,3.0,4.0,11.304347826086957,1.173913043478261,0.043478260869565216,H,1,0,0,0.0,0.0,0.0
2017-2018,x-00005,2018-05-13,t-00040,t-00018,3.0,0.0,6.0,2.0,4.85,3.72,1.8,1651.55688477,1858.67028809,-3,4,5,1,0.0,12,22,1.0,8.0,2.0,4.0,13.0,1.0,0.0,3.0,23.0,9.0,11.0,8.0,0.0,0.0,H,1,0,0,0.0,0.0,0.0
2017-2018,x-00005,2018-05-13,t-00064,t-00032,5.0,4.0,6.0,9.0,1.38,5.5,8.15,1913.70910645,1700.98950195,0,-6,4,-5,0.0,24,22,1.0,18.0,6.0,9.0,10.0,2.0,0.0,2.0,7.0,4.0,4.0,7.0,1.0,0.0,H,1,0,0,0.0,0.0,0.0
2017-2018,x-00005,2018-05-13,t-00057,t-00035,0.0,1.0,3.0,2.0,6.32,4.78,1.51,1657.31555176,1973.4987793,1,12,-2,12,0.0,28,34,2.0,5.0,1.0,0.0,8.0,1.0,0.0,7.0,20.0,11.0,5.0,5.0,0.0,0.0,A,0,0,1,0.0,0.0,0.0
2017-2018,x-00005,2018-05-13,t-00036,t-00067,1.0,0.0,1.0,3.0,1.53,4.27,7.11,1884.19995117,1629.52148438,1,-3,4,-13,0.0,20,24,1.8108108108108107,13.675675675675675,4.864864864864865,5.783783783783784,10.756756756756756,1.6216216216216217,0.02702702702702703,0.8461538461538461,12.23076923076923,4.384615384615385,5.3076923076923075,10.923076923076923,1.9230769230769231,0.0,H,1,0,0,0.0,0.0,0.0
2017-2018,x-00005,2018-05-13,t-00062,t-00060,1.0,2.0,11.0,5.0,2.08,3.56,3.82,1630.46435547,1620.35656738,-8,-2,2,-3,0.0,17,17,0.9411764705882353,8.176470588235293,2.9411764705882355,4.0,8.941176470588236,1.3529411764705883,0.058823529411764705,0.6666666666666666,9.333333333333334,3.3333333333333335,2.7333333333333334,14.2,2.2,0.06666666666666667,A,0,0,1,0.0,0.0,0.0
2017-2018,x-00005,2018-05-13,t-00022,t-00068,2.0,0.0,5.0,1.0,1.79,3.85,4.82,1686.72351074,1629.88464355,7,3,3,-3,0.0,26,16,1.303030303030303,12.333333333333334,4.03030303030303,5.363636363636363,11.272727272727273,1.8181818181818181,0.0,1.2,11.2,3.2,4.4,13.2,2.2,0.0,H,1,0,0,0.0,0.0,0.0
2017-2018,x-00005,2018-05-13,t-00014,t-00009,1.0,2.0,4.0,5.0,2.35,3.52,3.16,1700.91638184,1664.08239746,-5,-5,1,-7,0.0,18,20,2.0,10.0,4.0,6.0,11.0,1.0,0.0,1.0,10.0,2.0,4.0,9.0,0.0,0.0,A,0,0,1,0.0,0.0,0.0
2017-2018,x-00005,2018-05-13,t-00033,t-00012,4.0,0.0,11.0,1.0,1.22,7.12,14.03,1923.21142578,1637.17504883,2,-2,13,-5,0.0,20,16,5.0,12.0,6.0,2.0,7.0,0.0,0.0,1.0,6.0,2.0,2.0,8.0,1.0,0.0,H,1,0,0,0.0,0.0,0.0
2018-2019,x-00005,2018-08-10,t-00036,t-00032,2.0,1.0,6.0,4.0,1.55,4.07,7.69,1884.93444824,1697.49816895,3,-6,4,-2,2.0,17,25,2.0,19.0,6.0,6.0,8.0,2.0,0.0,2.0,11.0,3.0,4.0,19.0,2.0,1.0,H,1,0,0,1.0,0.0,0.0
2018-2019,x-00005,2018-08-11,t-00028,t-00018,0.0,3.0,1.0,4.0,7.24,3.95,1.58,1567.10131836,1837.00427246,-2,0,-4,-1,-2.0,11,19,0.0,0.0,0.0,0.0,0.0,0.0,0.0,0.0,0.0,0.0,0.0,0.0,0.0,0.0,A,0,0,1,0.0,0.0,1.0
2018-2019,x-00005,2018-08-11,t-00026,t-00022,0.0,2.0,6.0,9.0,2.62,3.38,2.9,1633.79968262,1692.95166016,0,9,0,2,0.0,0,25,0.0,0.0,0.0,0.0,0.0,0.0,0.0,0.0,0.0,0.0,0.0,0.0,0.0,0.0,A,0,0,1,0.0,0.0,0.0
2018-2019,x-00005,2018-08-11,t-00009,t-00016,2.0,0.0,4.0,1.0,1.88,3.61,4.7,1673.78051758,1576.49035645,-4,0,-3,0,0.0,20,0,0.0,0.0,0.0,0.0,0.0,0.0,0.0,0.0,0.0,0.0,0.0,0.0,0.0,0.0,H,1,0,0,0.0,0.0,0.0
2018-2019,x-00005,2018-08-11,t-00067,t-00012,2.0,0.0,5.0,0.0,2.58,3.08,3.22,1626.43530273,1632.8684082,-3,-5,1,-9,0.0,22,14,0.7857142857142857,11.857142857142858,4.285714285714286,5.285714285714286,10.928571428571429,1.7857142857142858,0.0,0.8947368421052632,10.078947368421053,3.1052631578947367,4.2894736842105265,10.868421052631579,1.4210526315789473,0.05263157894736842,H,1,0,0,0.0,1.0,0.0
2018-2019,x-00005,2018-08-11,t-00071,t-00025,2.0,2.0,4.0,5.0,2.44,3.23,3.32,1593.07910156,1699.56262207,0,1,0,0,0.0,0,19,0.0,0.0,0.0,0.0,0.0,0.0,0.0,0.0,0.0,0.0,0.0,0.0,0.0,0.0,D,0,1,0,0.0,0.0,0.0
2018-2019,x-00005,2018-08-11,t-00040,t-00064,1.0,2.0,2.0,5.0,4.74,3.53,1.89,1670.87133789,1914.84887695,-1,3,7,5,-2.0,14,27,0.0,10.0,3.0,4.5,7.0,2.0,0.5,1.5,14.5,6.5,6.5,10.0,2.0,0.0,A,0,0,1,0.0,0.0,1.0
2018-2019,x-00005,2018-08-12,t-00057,t-00014,0.0,0.0,3.0,6.0,2.03,3.19,4.65,1653.50097656,1692.93078613,1,-7,-3,0,-1.0,24,19,0.0,14.0,7.0,4.0,14.0,0.0,0.0,1.0,10.0,2.0,6.0,6.0,0.0,0.0,D,0,1,0,0.0,0.0,1.0
2018-2019,x-00005,2018-08-12,t-00033,t-00069,4.0,0.0,8.0,2.0,1.25,6.95,12.0,1917.3302002,1673.73278809,6,-2,14,-7,3.0,28,14,0.0,0.0,0.0,0.0,0.0,0.0,0.0,0.0,0.0,0.0,0.0,0.0,0.0,0.0,H,1,0,0,1.0,0.0,0.0
2018-2019,x-00005,2018-08-12,t-00002,t-00035,0.0,2.0,3.0,8.0,4.43,4.13,1.81,1824.0012207,1974.96166992,6,11,15,10,-3.0,30,30,0.0,0.0,0.0,0.0,0.0,0.0,0.0,0.0,0.0,0.0,0.0,0.0,0.0,0.0,A,0,0,1,0.0,0.0,1.0
2018-2019,x-00005,2018-08-18,t-00018,t-00002,3.0,2.0,11.0,6.0,1.83,3.84,4.64,1845.78881836,1818.83764648,2,1,0,-4,0.0,18,25,3.0,13.0,4.0,5.0,8.0,1.0,0.0,0.0,9.0,3.0,2.0,11.0,2.0,0.0,H,1,0,0,0.0,1.0,0.0
2018-2019,x-00005,2018-08-18,t-00016,t-00040,0.0,0.0,1.0,6.0,3.27,3.21,2.47,1573.3782959,1669.71362305,-2,-1,0,-4,0.0,1,14,0.0,10.0,1.0,4.0,9.0,1.0,0.0,1.0256410256410255,11.897435897435898,3.8974358974358974,4.358974358974359,10.76923076923077,1.3846153846153846,0.05128205128205128,D,0,1,0,0.0,0.0,0.0
2018-2019,x-00005,2018-08-18,t-00064,t-00026,3.0,1.0,11.0,3.0,1.27,6.5,11.96,1921.48999023,1624.9140625,4,-2,4,0,0.0,26,6,1.9487179487179487,16.333333333333332,5.6923076923076925,6.435897435897436,10.153846153846153,1.3076923076923077,0.05128205128205128,0.0,15.0,6.0,5.0,9.0,1.0,0.0,H,1,0,0,0.0,0.0,0.0
2018-2019,x-00005,2018-08-18,t-00069,t-00009,1.0,2.0,5.0,5.0,2.1,3.6,3.74,1672.72375488,1682.37609863,-3,1,2,-3,0.0,12,23,0.0,5.0,2.0,4.0,9.0,2.0,0.0,1.205128205128205,12.282051282051283,4.153846153846154,5.769230769230769,8.974358974358974,1.435897435897436,0.02564102564102564,A,0,0,1,0.0,1.0,0.0
2018-2019,x-00005,2018-08-18,t-00025,t-00057,2.0,1.0,7.0,4.0,1.84,3.63,4.92,1701.18139648,1655.48693848,1,1,1,-3,0.0,21,25,0.0,13.0,0.0,8.0,10.0,4.0,0.0,1.0,6.0,2.0,1.0,9.0,4.0,0.0,H,1,0,0,0.0,1.0,0.0
2018-2019,x-00005,2018-08-18,t-00032,t-00071,2.0,0.0,2.0,3.0,2.14,3.41,3.81,1697.54724121,1596.94384766,-7,0,-1,0,0.0,26,4,1.5,11.466666666666667,4.033333333333333,5.7,9.466666666666667,1.3666666666666667,0.16666666666666666,2.0,11.0,4.0,3.0,8.0,0.0,0.0,H,1,0,0,0.0,0.0,0.0
2018-2019,x-00005,2018-08-19,t-00035,t-00028,6.0,1.0,14.0,1.0,1.08,13.93,36.05,1985.60876465,1563.8001709,8,-6,7,-3,0.0,26,11,1.0,14.5,3.5,8.5,9.5,1.5,0.0,0.5,4.5,1.5,2.0,7.0,2.5,0.5,H,1,0,0,0.0,1.0,0.0
2018-2019,x-00005,2018-08-19,t-00014,t-00067,1.0,3.0,3.0,6.0,2.48,3.11,3.36,1704.69567871,1638.45556641,-6,0,0,-12,1.0,23,25,2.0,7.0,4.0,1.0,12.0,2.0,0.0,1.0,14.0,5.0,11.0,18.0,2.0,0.0,A,0,0,1,1.0,0.0,0.0
2018-2019,x-00005,2018-08-19,t-00012,t-00036,3.0,2.0,3.0,3.0,5.9,3.7,1.71,1626.33166504,1890.36889648,-7,2,0,3,1.0,9,19,0.5,9.5,3.0,2.5,7.0,2.0,0.0,0.5,15.5,3.5,5.5,6.0,0.0,0.0,H,1,0,0,1.0,0.0,0.0
2018-2019,x-00005,2018-08-20,t-00022,t-00033,0.0,2.0,2.0,6.0,8.01,5.28,1.41,1707.32080078,1923.82275391,10,7,6,-1,-1.0,26,29,1.0,6.0,3.0,4.0,6.0,2.0,0.0,2.0,16.0,6.0,6.0,8.0,2.0,0.0,A,0,0,1,0.0,0.0,1.0
2018-2019,x-00005,2018-08-25,t-00002,t-00069,3.0,1.0,10.0,5.0,1.37,5.65,8.67,1809.38305664,1659.75830078,1,-1,10,-8,3.0,28,16,1.0,12.0,4.5,1.5,10.0,2.0,0.0,0.5,8.0,3.5,5.0,11.5,4.0,0.0,H,1,0,0,1.0,0.0,0.0
2018-2019,x-00005,2018-08-25,t-00071,t-00035,1.0,1.0,2.0,6.0,12.01,5.82,1.3,1587.41052246,1983.4309082,-2,10,0,10,0.0,7,33,1.0,11.0,3.5,6.0,8.0,0.5,0.0,2.85,17.825,7.075,7.575,9.175,1.5,0.05,D,0,1,0,0.0,0.0,0.0
2018-2019,x-00005,2018-08-25,t-00028,t-00016,0.0,0.0,1.0,4.0,2.46,3.03,3.5,1558.46765137,1570.50268555,-9,-2,-7,-2,0.0,10,2,0.725,9.275,2.825,4.25,10.225,1.625,0.075,0.0,11.0,1.0,4.5,11.5,1.5,0.0,D,0,1,0,0.0,0.0,0.0
2018-2019,x-00005,2018-08-25,t-00009,t-00025,2.0,2.0,5.0,3.0,2.68,3.51,2.75,1687.83105469,1702.81530762,4,1,2,1,1.0,26,27,0.0,6.0,2.0,8.0,6.0,1.0,0.0,2.0,19.0,7.0,5.0,14.0,3.0,0.0,D,0,1,0,1.0,0.0,0.0
2018-2019,x-00005,2018-08-25,t-00057,t-00032,1.0,2.0,5.0,5.0,2.35,3.28,3.44,1646.34265137,1699.57006836,-1,0,-1,-6,-3.0,23,27,1.0,8.5,4.5,3.5,11.0,0.0,0.0,1.0,12.5,3.5,10.5,9.0,0.0,0.0,A,0,0,1,0.0,0.0,1.0
2018-2019,x-00005,2018-08-25,t-00033,t-00012,1.0,0.0,8.0,2.0,1.15,9.48,22.0,1926.13427734,1635.78442383,9,-6,16,-9,4.0,32,11,4.5,17.0,8.5,4.5,5.0,0.0,0.0,0.5,4.0,1.5,2.5,7.0,0.5,0.0,H,1,0,0,1.0,0.0,0.0
2018-2019,x-00005,2018-08-26,t-00040,t-00018,1.0,2.0,2.0,3.0,6.66,4.25,1.57,1665.07873535,1847.73303223,0,2,3,3,3.0,18,26,1.0,11.9,3.95,4.375,10.9,1.4,0.075,3.0,18.5,7.5,5.0,10.0,0.5,0.0,A,0,0,1,1.0,0.0,0.0
2018-2019,x-00005,2018-08-26,t-00067,t-00022,2.0,1.0,5.0,3.0,2.37,3.37,3.3,1651.18737793,1697.4987793,2,8,2,5,0.0,27,27,0.0,14.0,4.0,4.0,17.0,3.0,0.0,0.0,6.0,1.0,3.0,13.0,5.0,0.0,H,1,0,0,0.0,1.0,0.0
2018-2019,x-00005,2018-08-26,t-00026,t-00014,4.0,2.0,12.0,2.0,2.26,3.23,3.71,1619.11645508,1673.13830566,-4,-8,-2,-3,0.0,9,19,0.5,12.5,4.5,3.5,7.0,0.5,0.0,0.925,10.075,3.4,4.425,9.175,1.675,0.0,H,1,0,0,0.0,0.0,0.0
2018-2019,x-00005,2018-08-27,t-00036,t-00064,0.0,3.0,5.0,5.0,2.62,3.35,2.93,1873.40563965,1919.77722168,0,4,4,3,1.0,19,34,0.5,8.5,3.0,4.5,12.5,1.5,0.0,1.0,17.5,5.0,4.5,12.0,1.0,0.0,A,0,0,1,1.0,0.0,0.0
2018-2019,x-00005,2018-09-01,t-00025,t-00028,1.0,1.0,1.0,6.0,1.57,3.96,7.47,1701.75463867,1554.47644043,-1,-9,0,-6,2.0,25,8,1.0,13.0,3.0,8.0,12.0,2.0,1.0,4.0,15.0,9.0,7.0,17.0,1.0,1.0,D,0,1,0,1.0,0.0,0.0
2018-2019,x-00005,2018-09-01,t-00032,t-00033,1.0,2.0,5.0,4.0,8.17,4.75,1.45,1705.45605469,1925.17114258,3,10,1,2,-1.0,30,38,1.0,7.0,1.0,1.0,3.0,2.0,0.0,2.0,17.0,6.0,7.0,7.0,3.0,0.0,A,0,0,1,0.0,0.0,1.0
2018-2019,x-00005,2018-09-01,t-00018,t-00009,2.0,0.0,6.0,1.0,1.32,5.98,10.48,1850.36499023,1683.92297363,2,5,0,-2,-3.0,25,24,2.6666666666666665,17.333333333333332,6.0,5.0,9.333333333333334,0.6666666666666666,0.0,1.2439024390243902,12.390243902439025,4.195121951219512,5.7317073170731705,9.073170731707316,1.4146341463414633,0.04878048780487805,H,1,0,0,0.0,0.0,1.0
2018-2019,x-00005,2018-09-01,t-00012,t-00026,2.0,2.0,5.0,5.0,2.17,3.52,3.61,1631.77893066,1627.83398438,-8,-2,0,-2,0.0,9,21,0.9024390243902439,9.78048780487805,3.0,4.219512195121951,11.195121951219512,1.4146341463414633,0.04878048780487805,1.6666666666666667,16.666666666666668,7.0,4.333333333333333,8.333333333333334,1.0,0.0,D,0,1,0,0.0,0.0,0.0
2018-2019,x-00005,2018-09-01,t-00022,t-00057,0.0,2.0,6.0,6.0,2.58,3.18,3.11,1687.42492676,1635.48791504,2,-2,5,-1,-1.0,21,23,2.0,10.0,5.0,5.0,9.0,1.0,0.0,1.0,9.0,3.0,2.0,5.0,1.0,0.0,A,0,0,1,0.0,0.0,1.0
2018-2019,x-00005,2018-09-01,t-00035,t-00040,2.0,1.0,8.0,2.0,1.12,10.43,29.28,1973.53356934,1657.47814941,10,0,11,-2,2.0,37,19,2.0,21.5,7.5,13.0,5.5,0.0,0.0,0.5,6.0,3.0,1.5,10.5,1.0,0.0,H,1,0,0,1.0,0.0,0.0
2018-2019,x-00005,2018-09-01,t-00069,t-00071,0.0,1.0,3.0,6.0,2.6,3.26,3.02,1652.85656738,1592.3392334,-5,-2,-2,-2,0.0,18,9,0.6666666666666666,9.666666666666666,4.0,4.0,12.0,3.6666666666666665,0.0,1.0,11.0,3.0,5.666666666666667,9.666666666666666,0.6666666666666666,0.0,A,0,0,1,0.0,0.0,0.0
2018-2019,x-00005,2018-09-02,t-00067,t-00064,2.0,1.0,3.0,2.0,5.6,3.97,1.69,1656.29248047,1932.13452148,5,8,3,4,0.0,27,34,0.0,13.0,5.0,0.0,10.0,0.0,0.0,2.0,13.0,3.0,4.0,11.0,1.0,0.0,H,1,0,0,0.0,1.0,0.0
2018-2019,x-00005,2018-09-02,t-00014,t-00036,0.0,2.0,2.0,9.0,6.72,4.02,1.6,1651.97192383,1856.07958984,-10,-2,-3,1,-1.0,17,21,1.0,8.0,2.0,3.5,10.5,5.0,0.0,1.5,17.5,4.0,8.0,11.0,3.0,0.0,A,0,0,1,0.0,0.0,1.0
2018-2019,x-00005,2018-09-02,t-00016,t-00002,2.0,3.0,3.0,11.0,6.34,4.47,1.56,1569.52514648,1811.31616211,-2,-2,0,-4,0.0,6,30,0.0,12.0,2.0,5.333333333333333,11.0,1.3333333333333333,0.0,1.6666666666666667,13.666666666666666,6.333333333333333,4.333333333333333,12.0,1.6666666666666667,0.0,A,0,0,1,0.0,0.0,0.0
2018-2019,x-00005,2018-09-15,t-00009,t-00032,4.0,2.0,5.0,8.0,2.46,3.35,3.17,1679.80859375,1701.3458252,2,0,1,-7,0.0,20,25,1.0,8.0,3.0,1.0,7.0,1.0,0.0,1.0,23.0,4.0,13.0,11.0,2.0,0.0,H,1,0,0,0.0,1.0,0.0
2018-2019,x-00005,2018-09-15,t-00035,t-00026,3.0,0.0,9.0,3.0,1.1,12.75,25.0,1974.85668945,1629.77966309,9,-2,13,-2,0.0,38,26,2.7857142857142856,17.976190476190474,7.071428571428571,7.523809523809524,9.047619047619047,1.4761904761904763,0.047619047619047616,1.75,15.0,6.5,3.5,9.75,1.5,0.0,H,1,0,0,0.0,0.0,0.0
2018-2019,x-00005,2018-09-15,t-00018,t-00016,4.0,1.0,7.0,2.0,1.14,8.85,23.0,1854.47924805,1565.7277832,4,-3,4,-2,0.0,26,9,2.5,19.0,6.0,5.5,9.5,1.0,0.0,0.5,12.5,2.25,4.75,11.25,1.75,0.0,H,1,0,0,0.0,0.0,0.0
2018-2019,x-00005,2018-09-15,t-00064,t-00033,1.0,2.0,3.0,10.0,3.14,3.57,2.37,1918.99401855,1929.28137207,6,12,4,2,3.0,29,37,3.0,13.5,6.0,5.0,5.5,0.5,0.0,1.5,10.5,5.0,4.0,11.5,2.0,0.0,A,0,0,1,1.0,0.0,0.0
2018-2019,x-00005,2018-09-15,t-00028,t-00022,0.0,1.0,2.0,2.0,3.47,3.22,2.37,1559.91516113,1671.54382324,-9,-1,-5,2,-2.0,12,25,0.0,6.0,2.0,4.0,11.0,3.0,0.0,2.0,17.0,6.0,7.0,12.0,2.0,0.0,A,0,0,1,0.0,0.0,1.0
2018-2019,x-00005,2018-09-15,t-00040,t-00002,1.0,2.0,2.0,2.0,4.46,3.86,1.86,1656.15490723,1815.11352539,0,1,1,-2,1.0,18,34,1.0,11.547619047619047,3.857142857142857,4.261904761904762,11.071428571428571,1.4047619047619047,0.07142857142857142,2.0,14.5,7.5,5.5,12.5,2.25,0.0,A,0,0,1,1.0,0.0,0.0
2018-2019,x-00005,2018-09-15,t-00067,t-00036,1.0,2.0,5.0,6.0,4.8,3.68,1.85,1669.4329834,1862.8314209,5,0,5,2,-2.0,22,24,0.0,7.0,3.0,5.0,11.0,0.0,0.0,1.0,7.0,1.0,6.0,6.0,4.0,0.0,A,0,0,1,0.0,0.0,1.0
2018-2019,x-00005,2018-09-16,t-00071,t-00014,1.0,0.0,7.0,2.0,1.75,3.65,5.75,1603.58068848,1645.2199707,-1,-7,0,-6,0.0,15,17,1.0,12.0,3.75,5.25,10.0,0.75,0.0,0.9285714285714286,10.095238095238095,3.3333333333333335,4.357142857142857,9.095238095238095,1.6666666666666667,0.0,H,1,0,0,0.0,0.0,0.0
2018-2019,x-00005,2018-09-16,t-00025,t-00069,1.0,3.0,4.0,4.0,2.17,3.42,3.74,1696.31591797,1641.6151123,-1,-6,2,-7,4.0,23,19,1.4285714285714286,11.25,3.142857142857143,4.428571428571429,11.642857142857142,1.6071428571428572,0.21428571428571427,0.5,10.5,3.75,4.0,11.5,3.25,0.0,A,0,0,1,1.0,0.0,0.0
2018-2019,x-00005,2018-09-17,t-00057,t-00012,2.0,2.0,5.0,4.0,2.06,3.34,4.17,1651.36914062,1629.83312988,-1,-6,-2,-9,0.0,21,11,2.0,13.0,6.0,7.0,5.0,0.0,0.0,2.0,9.0,3.0,6.0,13.0,1.0,0.0,D,0,1,0,0.0,1.0,0.0
2018-2019,x-00005,2018-09-22,t-00026,t-00067,1.0,1.0,3.0,6.0,2.86,3.45,2.64,1626.49182129,1663.09692383,-5,5,0,-7,0.0,29,24,1.4,13.8,5.8,3.6,9.2,1.2,0.0,1.105263157894737,12.0,4.421052631578948,5.2105263157894735,11.263157894736842,1.9473684210526316,0.0,D,0,1,0,0.0,0.0,0.0
2018-2019,x-00005,2018-09-22,t-00022,t-00040,0.0,0.0,4.0,3.0,2.15,3.29,3.9,1677.04272461,1649.19812012,-2,-4,4,-4,0.0,22,14,0.5,15.5,3.0,5.0,12.5,1.5,0.0,1.0,9.0,5.5,4.5,10.0,2.5,0.0,D,0,1,0,0.0,1.0,0.0
2018-2019,x-00005,2018-09-22,t-00033,t-00057,3.0,0.0,4.0,1.0,1.2,7.28,15.97,1941.6619873,1647.55041504,9,0,12,2,3.0,36,23,3.0,14.0,7.0,9.0,10.0,5.0,0.0,0.0,10.0,1.0,5.0,8.0,1.0,0.0,H,1,0,0,1.0,0.0,0.0
2018-2019,x-00005,2018-09-22,t-00014,t-00009,4.0,0.0,5.0,5.0,3.38,3.38,2.34,1636.1015625,1687.90441895,-7,3,-6,-4,-1.0,15,20,1.5,11.0,4.0,6.5,12.5,0.5,0.0,1.5,13.0,3.5,6.0,9.0,0.0,0.0,H,1,0,0,0.0,0.0,1.0
2018-2019,x-00005,2018-09-22,t-00032,t-00028,3.0,1.0,8.0,2.0,1.72,3.67,5.91,1690.37451172,1551.54077148,-1,-9,1,-5,3.0,24,11,3.0,11.0,5.0,4.0,7.0,1.0,0.0,0.0,6.0,1.0,1.0,9.0,1.0,0.0,H,1,0,0,1.0,0.0,0.0
2018-2019,x-00005,2018-09-22,t-00036,t-00071,1.0,1.0,6.0,8.0,1.6,3.85,6.81,1875.65979004,1609.8236084,0,0,-1,-1,0.0,29,22,1.7674418604651163,13.55813953488372,4.883720930232558,5.6976744186046515,10.767441860465116,1.697674418604651,0.06976744186046512,1.0,15.6,4.4,5.8,10.0,1.0,0.0,D,0,1,0,0.0,0.0,0.0
2018-2019,x-00005,2018-09-22,t-00016,t-00035,0.0,5.0,2.0,10.0,21.63,8.65,1.15,1561.54931641,1960.09777832,-6,11,-1,8,0.0,11,45,0.6,11.2,2.2,4.6,11.0,1.4,0.0,2.7906976744186047,18.209302325581394,7.116279069767442,7.5813953488372094,9.0,1.441860465116279,0.046511627906976744,A,0,0,1,0.0,0.0,0.0
2018-2019,x-00005,2018-09-22,t-00012,t-00064,1.0,2.0,4.0,7.0,5.52,3.99,1.7,1630.77624512,1898.22277832,-2,4,2,2,0.0,14,26,0.5,7.5,4.5,2.5,8.0,1.0,0.0,1.5,20.5,7.0,7.0,5.0,0.5,0.0,A,0,0,1,0.0,1.0,0.0
2018-2019,x-00005,2018-09-23,t-00002,t-00025,2.0,0.0,5.0,6.0,1.4,5.46,7.94,1820.64978027,1679.23352051,1,-1,9,0,4.0,32,20,2.0,14.0,6.4,5.2,12.2,1.8,0.0,1.4137931034482758,11.413793103448276,3.1724137931034484,4.413793103448276,11.758620689655173,1.6206896551724137,0.20689655172413793,H,1,0,0,1.0,0.0,0.0
2018-2019,x-00005,2018-09-23,t-00069,t-00018,0.0,0.0,1.0,6.0,6.86,4.73,1.5,1655.82202148,1861.375,-6,10,-3,3,1.0,19,31,1.0,10.2,3.8,3.6,11.6,3.6,0.0,2.8,18.8,6.2,5.4,9.2,0.8,0.0,D,0,1,0,1.0,0.0,0.0
2018-2019,x-00005,2018-09-29,t-00040,t-00032,0.0,2.0,1.0,5.0,2.86,3.13,2.82,1651.84936523,1695.234375,-3,2,-1,-8,-1.0,15,28,2.0,9.0,4.0,5.5,12.0,2.5,0.0,2.0,10.5,3.0,6.0,8.0,1.0,0.0,A,0,0,1,0.0,0.0,1.0
2018-2019,x-00005,2018-09-29,t-00018,t-00033,1.0,1.0,4.0,6.0,2.83,3.51,2.63,1857.56201172,1944.22155762,7,8,7,3,1.0,33,32,2.3333333333333335,18.5,6.166666666666667,5.833333333333333,9.166666666666666,0.8333333333333334,0.0,2.227272727272727,16.704545454545453,6.204545454545454,5.9772727272727275,9.409090909090908,1.1136363636363635,0.022727272727272728,D,0,1,0,1.0,0.0,0.0
2018-2019,x-00005,2018-09-29,t-00002,t-00067,2.0,0.0,2.0,4.0,1.49,4.88,6.75,1825.24963379,1663.95581055,5,3,10,-2,3.0,34,25,2.0,13.166666666666666,6.166666666666667,5.166666666666667,13.0,1.8333333333333333,0.0,1.1,11.95,4.5,5.35,11.15,1.9,0.0,H,1,0,0,1.0,0.0,0.0
2018-2019,x-00005,2018-09-29,t-00035,t-00012,2.0,0.0,8.0,1.0,1.1,11.74,28.42,1963.86547852,1627.31054688,14,-1,11,-9,2.0,47,18,2.5,16.5,5.5,7.0,7.0,1.0,0.0,0.5,6.0,2.5,3.0,6.5,0.5,0.0,H,1,0,0,1.0,0.0,0.0
2018-2019,x-00005,2018-09-29,t-00071,t-00057,2.0,0.0,6.0,6.0,1.96,3.48,4.5,1617.25109863,1644.99084473,0,-3,1,-1,0.0,26,21,1.0,14.833333333333334,5.0,5.5,11.166666666666666,1.0,0.0,1.0277777777777777,11.222222222222221,3.861111111111111,4.583333333333333,10.61111111111111,1.6666666666666667,0.08333333333333333,H,1,0,0,0.0,0.0,0.0
2018-2019,x-00005,2018-09-29,t-00069,t-00036,3.0,1.0,3.0,4.0,4.08,3.56,2.03,1659.63513184,1868.23217773,-2,-1,0,1,0.0,18,29,0.8333333333333334,9.5,3.3333333333333335,3.1666666666666665,11.5,3.3333333333333335,0.0,1.75,13.590909090909092,4.909090909090909,5.681818181818182,10.636363636363637,1.6818181818181819,0.06818181818181818,H,1,0,0,0.0,1.0,0.0
2018-2019,x-00005,2018-09-29,t-00025,t-00026,3.0,0.0,6.0,0.0,1.65,4.32,5.49,1674.63366699,1625.63293457,-3,-3,0,-5,0.0,21,26,1.3666666666666667,11.333333333333334,3.2666666666666666,4.566666666666666,11.766666666666667,1.6,0.2,1.3333333333333333,14.0,5.333333333333333,4.333333333333333,9.5,1.3333333333333333,0.0,H,1,0,0,0.0,0.0,0.0
2018-2019,x-00005,2018-09-29,t-00028,t-00064,0.0,2.0,5.0,6.0,6.19,3.88,1.66,1546.6809082,1901.68859863,-8,4,-7,3,-4.0,12,28,0.0,4.5,2.0,2.5,7.5,1.0,0.0,3.0,14.5,7.0,7.5,5.0,1.0,0.0,A,0,0,1,0.0,0.0,1.0
2018-2019,x-00005,2018-09-30,t-00016,t-00014,1.0,2.0,5.0,2.0,2.5,3.16,3.32,1557.78149414,1651.5892334,-9,-3,-6,-8,0.0,12,14,0.5,9.666666666666666,2.1666666666666665,4.0,10.166666666666666,1.3333333333333333,0.0,0.9772727272727273,10.068181818181818,3.340909090909091,4.2727272727272725,9.272727272727273,1.7272727272727273,0.0,A,0,0,1,0.0,0.0,0.0
2018-2019,x-00005,2018-10-01,t-00009,t-00022,2.0,1.0,5.0,2.0,2.33,3.52,3.27,1672.41674805,1674.39160156,-3,-4,3,3,0.0,21,17,2.0,15.5,5.0,7.0,11.0,2.0,0.0,2.0,18.5,7.0,4.5,11.5,3.5,0.0,H,1,0,0,0.0,1.0,0.0
2018-2019,x-00005,2018-10-05,t-00012,t-00069,1.0,0.0,4.0,4.0,2.77,3.24,2.87,1621.3034668,1671.94067383,-4,1,1,-5,2.0,16,16,0.9333333333333333,9.777777777777779,3.0444444444444443,4.266666666666667,11.311111111111112,1.5333333333333334,0.044444444444444446,1.1428571428571428,9.285714285714286,3.2857142857142856,3.2857142857142856,11.571428571428571,2.857142857142857,0.0,H,1,0,0,1.0,0.0,0.0
2018-2019,x-00005,2018-10-06,t-00067,t-00009,0.0,4.0,2.0,7.0,2.17,3.47,3.69,1655.43200684,1674.35046387,-1,-3,4,-5,0.0,23,21,2.0,16.0,5.0,7.0,16.0,4.0,0.0,2.0,13.0,6.0,4.0,6.0,0.0,0.0,A,0,0,1,0.0,1.0,0.0
2018-2019,x-00005,2018-10-06,t-00064,t-00016,1.0,0.0,7.0,6.0,1.25,6.6,12.33,1889.37658691,1545.85266113,4,-10,5,-5,0.0,23,16,1.9555555555555555,15.977777777777778,5.688888888888889,6.222222222222222,10.466666666666667,1.3111111111111111,0.044444444444444446,0.5714285714285714,11.0,2.5714285714285716,4.857142857142857,10.285714285714286,1.2857142857142858,0.0,H,1,0,0,0.0,0.0,0.0
2018-2019,x-00005,2018-10-06,t-00014,t-00028,1.0,1.0,3.0,2.0,2.39,2.99,3.75,1654.76477051,1539.18774414,0,-5,-1,-7,0.0,13,16,0.0,8.0,3.5,3.5,11.5,2.0,0.0,0.0,6.0,1.5,4.5,13.5,2.0,0.0,D,0,1,0,0.0,1.0,0.0
2018-2019,x-00005,2018-10-06,t-00022,t-00071,0.0,1.0,4.0,2.0,2.85,3.26,2.77,1663.70446777,1622.87841797,-3,4,3,-1,0.0,17,29,1.2195121951219512,12.146341463414634,4.048780487804878,5.2926829268292686,11.170731707317072,1.829268292682927,0.024390243902439025,1.1428571428571428,14.714285714285714,5.142857142857143,5.857142857142857,11.142857142857142,1.2857142857142858,0.0,A,0,0,1,0.0,0.0,0.0
2018-2019,x-00005,2018-10-06,t-00036,t-00040,3.0,2.0,10.0,8.0,1.4,4.75,10.06,1842.73474121,1635.34155273,-2,-5,0,-3,3.0,30,10,2.0,14.5,6.5,10.5,12.5,1.5,0.0,1.0,11.0,4.0,2.0,10.5,0.5,0.0,H,1,0,0,1.0,0.0,0.0
2018-2019,x-00005,2018-10-06,t-00032,t-00025,1.0,2.0,2.0,8.0,2.32,3.28,3.49,1702.98901367,1679.19213867,2,-1,3,-2,2.0,31,20,1.5,10.0,5.0,6.0,12.0,1.5,0.0,1.0,11.0,2.0,6.5,8.5,1.5,0.0,A,0,0,1,1.0,0.0,0.0
2018-2019,x-00005,2018-10-07,t-00033,t-00035,0.0,0.0,2.0,2.0,2.84,3.55,2.6,1931.58300781,1965.34851074,6,11,12,11,1.0,32,41,2.0,13.0,5.0,4.0,9.5,2.0,0.5,4.0,12.0,5.5,7.0,8.5,2.5,0.0,D,0,1,0,1.0,0.0,0.0
2018-2019,x-00005,2018-10-07,t-00026,t-00002,1.0,5.0,4.0,7.0,5.01,4.48,1.67,1612.32116699,1830.14172363,-4,8,0,0,0.0,23,30,1.1428571428571428,12.857142857142858,4.571428571428571,3.857142857142857,10.0,1.5714285714285714,0.0,2.0,12.571428571428571,5.571428571428571,5.285714285714286,12.714285714285714,1.8571428571428572,0.0,A,0,0,1,0.0,0.0,0.0
2018-2019,x-00005,2018-10-07,t-00057,t-00018,0.0,3.0,6.0,6.0,6.92,4.19,1.56,1630.61047363,1854.29870605,-4,6,-1,2,-1.0,23,26,1.0,11.378378378378379,3.918918918918919,4.621621621621622,10.513513513513514,1.6486486486486487,0.08108108108108109,2.142857142857143,17.285714285714285,5.857142857142857,5.571428571428571,8.857142857142858,0.7142857142857143,0.0,A,0,0,1,0.0,0.0,1.0
2018-2019,x-00005,2018-10-20,t-00035,t-00014,5.0,0.0,10.0,0.0,1.07,14.92,32.36,1966.16052246,1649.96081543,11,2,13,-7,3.0,37,14,2.0,17.5,8.5,8.5,8.0,1.5,0.0,0.5,7.0,1.5,4.0,7.5,3.5,0.0,H,1,0,0,1.0,0.0,0.0
2018-2019,x-00005,2018-10-20,t-00018,t-00036,2.0,2.0,6.0,4.0,1.77,3.9,5.01,1861.60559082,1845.23461914,8,2,6,0,1.0,29,35,2.25,17.75,5.875,6.375,9.125,0.625,0.0,1.7608695652173914,13.58695652173913,5.0,5.8478260869565215,10.782608695652174,1.673913043478261,0.06521739130434782,D,0,1,0,1.0,0.0,0.0
2018-2019,x-00005,2018-10-20,t-00016,t-00026,4.0,2.0,5.0,4.0,2.62,3.45,2.88,1544.73974609,1604.18933105,-11,-10,-7,-8,0.0,18,15,0.5,10.625,3.0,4.5,10.375,1.25,0.125,1.125,13.875,4.5,3.875,10.125,1.625,0.0,H,1,0,0,0.0,0.0,0.0
2018-2019,x-00005,2018-10-20,t-00040,t-00012,0.0,1.0,6.0,2.0,2.22,3.25,3.82,1632.8416748,1628.98706055,-5,-2,-2,-9,0.0,16,18,0.0,14.0,3.5,5.5,9.5,1.5,0.0,0.5,8.5,3.0,4.0,8.0,2.0,0.0,A,0,0,1,0.0,1.0,0.0
2018-2019,x-00005,2018-10-20,t-00009,t-00057,0.0,0.0,2.0,4.0,2.22,3.51,3.53,1692.60961914,1623.3034668,1,-6,6,-3,0.0,23,24,1.5,10.5,5.0,5.5,10.5,1.0,0.0,1.5,12.0,4.0,6.5,14.5,2.5,0.0,D,0,1,0,0.0,1.0,0.0
2018-2019,x-00005,2018-10-20,t-00069,t-00064,0.0,1.0,4.0,2.0,3.89,3.73,2.02,1664.25720215,1890.48962402,2,2,2,6,-1.0,15,25,1.0,10.25,3.375,4.0,11.125,2.75,0.0,1.934782608695652,16.043478260869566,5.717391304347826,6.217391304347826,10.391304347826088,1.326086956521739,0.043478260869565216,A,0,0,1,0.0,0.0,1.0
2018-2019,x-00005,2018-10-20,t-00028,t-00033,0.0,1.0,1.0,2.0,12.75,6.18,1.26,1543.99169922,1930.77099609,-5,5,-7,3,-3.0,17,26,0.0,3.0,0.5,1.5,8.0,0.5,0.0,3.0,15.0,7.5,6.5,9.0,0.0,0.0,A,0,0,1,0.0,0.0,1.0
2018-2019,x-00005,2018-10-20,t-00071,t-00067,0.0,2.0,1.0,3.0,1.86,3.38,5.36,1633.91796875,1637.17285156,5,-6,3,-3,0.0,29,20,1.125,13.75,4.75,5.5,11.375,1.625,0.0,1.0,12.090909090909092,4.363636363636363,5.590909090909091,11.409090909090908,1.9545454545454546,0.045454545454545456,A,0,0,1,0.0,0.0,0.0
2018-2019,x-00005,2018-10-21,t-00025,t-00022,2.0,0.0,4.0,3.0,1.78,3.67,5.35,1689.46643066,1652.66491699,0,-3,2,2,2.0,25,18,1.0,7.0,2.0,6.0,18.0,1.0,1.0,2.0,14.0,4.0,4.0,14.0,2.0,0.0,H,1,0,0,1.0,0.0,0.0
2018-2019,x-00005,2018-10-22,t-00002,t-00032,3.0,1.0,6.0,2.0,1.63,4.13,6.03,1838.27355957,1692.71472168,10,0,9,-1,1.0,27,28,2.375,12.125,5.75,4.875,12.625,1.625,0.0,1.5675675675675675,11.405405405405405,4.216216216216216,5.378378378378378,9.567567567567568,1.4324324324324325,0.21621621621621623,H,1,0,0,1.0,0.0,0.0
2018-2019,x-00005,2018-10-27,t-00067,t-00028,3.0,0.0,6.0,7.0,1.78,3.53,5.73,1653.80908203,1545.50097656,-5,-6,-1,-7,-3.0,20,12,0.0,4.0,2.0,6.0,8.0,2.0,0.0,1.0,9.0,1.0,9.0,9.0,2.0,0.0,H,1,0,0,0.0,0.0,1.0
2018-2019,x-00005,2018-10-27,t-00026,t-00009,0.0,3.0,1.0,5.0,2.85,3.71,2.51,1596.07714844,1692.32751465,-12,3,-4,0,0.0,14,24,1.2222222222222223,13.333333333333334,4.444444444444445,3.888888888888889,10.777777777777779,1.7777777777777777,0.0,1.297872340425532,12.25531914893617,4.191489361702128,5.723404255319149,9.063829787234043,1.446808510638298,0.0425531914893617,A,0,0,1,0.0,0.0,0.0
2018-2019,x-00005,2018-10-27,t-00057,t-00040,0.0,0.0,4.0,0.0,2.01,3.55,4.15,1630.11450195,1626.43200684,-8,-5,-5,-3,0.0,22,20,0.5,12.0,4.0,7.5,10.5,2.0,0.0,1.5,14.0,4.5,6.0,12.0,2.0,0.0,D,0,1,0,0.0,1.0,0.0
2018-2019,x-00005,2018-10-27,t-00032,t-00069,1.0,1.0,7.0,3.0,1.98,3.6,4.21,1691.34777832,1663.54956055,-1,2,4,-3,-2.0,25,16,1.5526315789473684,11.31578947368421,4.157894736842105,5.342105263157895,9.578947368421053,1.4473684210526316,0.21052631578947367,0.8888888888888888,10.555555555555555,3.4444444444444446,4.666666666666667,10.777777777777779,2.7777777777777777,0.0,D,0,1,0,0.0,0.0,1.0
2018-2019,x-00005,2018-10-27,t-00033,t-00016,4.0,1.0,7.0,1.0,1.12,9.84,28.98,1938.60510254,1559.3807373,5,-8,12,-6,0.0,24,20,2.127659574468085,16.29787234042553,6.0212765957446805,5.808510638297872,9.340425531914894,1.148936170212766,0.02127659574468085,0.8888888888888888,11.88888888888889,3.2222222222222223,4.444444444444445,10.88888888888889,1.4444444444444444,0.1111111111111111,H,1,0,0,0.0,0.0,0.0
2018-2019,x-00005,2018-10-27,t-00012,t-00071,1.0,0.0,1.0,7.0,3.48,3.19,2.39,1641.92553711,1623.81054688,-1,2,2,0,0.0,15,24,0.9361702127659575,9.72340425531915,3.0425531914893615,4.170212765957447,11.446808510638299,1.574468085106383,0.0425531914893617,1.0,13.333333333333334,4.333333333333333,5.777777777777778,12.666666666666666,1.7777777777777777,0.0,H,1,0,0,0.0,0.0,0.0
2018-2019,x-00005,2018-10-28,t-00014,t-00018,0.0,4.0,1.0,8.0,9.53,4.52,1.43,1650.12390137,1863.87609863,-1,6,-1,4,-1.0,12,29,0.9787234042553191,9.72340425531915,3.234042553191489,4.085106382978723,9.27659574468085,1.7659574468085106,0.0,2.2222222222222223,18.11111111111111,5.888888888888889,6.222222222222222,9.11111111111111,0.7777777777777778,0.0,A,0,0,1,0.0,0.0,1.0
2018-2019,x-00005,2018-10-28,t-00036,t-00025,2.0,1.0,10.0,6.0,1.81,3.74,4.95,1843.42260742,1700.83654785,0,2,0,-3,4.0,30,28,4.0,15.0,7.0,5.0,10.0,1.0,0.0,2.0,12.0,3.0,5.0,12.0,2.0,0.0,H,1,0,0,1.0,0.0,0.0
2018-2019,x-00005,2018-10-28,t-00022,t-00002,2.0,2.0,3.0,2.0,4.57,3.86,1.84,1647.82373047,1853.06958008,-3,11,-3,6,-1.0,15,22,1.1627906976744187,12.0,4.023255813953488,5.3023255813953485,11.30232558139535,1.8372093023255813,0.023255813953488372,2.4444444444444446,12.88888888888889,5.777777777777778,5.0,12.333333333333334,1.6666666666666667,0.0,D,0,1,0,0.0,0.0,1.0
2018-2019,x-00005,2018-10-29,t-00064,t-00035,0.0,1.0,1.0,6.0,5.42,4.29,1.66,1895.11303711,1981.5144043,4,15,4,8,-2.0,25,39,1.0,7.5,2.5,3.0,15.5,3.5,0.0,3.5,18.5,8.5,6.0,12.5,3.0,0.0,A,0,0,1,0.0,0.0,1.0
2018-2019,x-00005,2018-11-03,t-00025,t-00012,3.0,1.0,3.0,3.0,1.57,4.04,7.24,1697.34716797,1648.11474609,3,0,4,-4,2.0,30,12,0.0,10.5,0.5,3.5,9.0,0.0,0.5,0.5,15.0,2.5,8.5,13.0,0.5,0.0,H,1,0,0,1.0,0.0,0.0
2018-2019,x-00005,2018-11-03,t-00069,t-00014,4.0,2.0,10.0,3.0,1.57,4.17,6.85,1666.04504395,1641.27185059,0,-4,-1,-7,-3.0,15,11,0.9,10.6,3.4,4.2,10.2,2.6,0.1,0.9583333333333334,9.666666666666666,3.1875,4.083333333333333,9.375,1.8125,0.0,H,1,0,0,0.0,0.0,1.0
2018-2019,x-00005,2018-11-03,t-00009,t-00036,1.0,2.0,7.0,8.0,3.9,3.98,1.95,1704.27050781,1846.91186523,4,0,5,0,-2.0,24,34,0.0,13.5,4.5,8.5,10.5,2.5,0.0,1.5,11.0,3.0,4.5,11.0,1.0,0.0,A,0,0,1,0.0,0.0,1.0
2018-2019,x-00005,2018-11-03,t-00040,t-00067,1.0,0.0,2.0,1.0,2.85,3.29,2.74,1628.26623535,1661.01123047,-4,-1,-6,1,-3.0,18,21,1.0,9.0,1.0,5.0,11.0,1.0,0.0,2.0,11.0,8.0,2.0,9.0,2.0,0.0,H,1,0,0,0.0,0.0,1.0
2018-2019,x-00005,2018-11-03,t-00016,t-00032,0.0,1.0,2.0,5.0,3.45,3.47,2.27,1557.78540039,1688.85229492,-8,1,-5,-2,0.0,19,24,0.9,10.9,3.0,4.0,10.2,1.3,0.1,1.5384615384615385,11.564102564102564,4.230769230769231,5.410256410256411,9.76923076923077,1.435897435897436,0.20512820512820512,A,0,0,1,0.0,0.0,0.0
2018-2019,x-00005,2018-11-03,t-00002,t-00033,1.0,1.0,4.0,4.0,3.91,3.94,1.96,1849.14147949,1940.20043945,10,7,6,5,0.0,22,21,2.4,12.3,5.4,4.9,12.7,1.7,0.0,2.1666666666666665,16.354166666666668,6.041666666666667,5.854166666666667,9.270833333333334,1.125,0.020833333333333332,D,0,1,0,0.0,1.0,0.0
2018-2019,x-00005,2018-11-03,t-00071,t-00064,2.0,3.0,7.0,8.0,3.43,3.38,2.32,1617.62145996,1887.91430664,0,4,1,6,0.0,24,23,0.9,14.5,4.6,6.2,12.2,1.6,0.0,1.875,15.666666666666666,5.541666666666667,6.145833333333333,10.4375,1.3125,0.041666666666666664,A,0,0,1,0.0,0.0,0.0
2018-2019,x-00005,2018-11-04,t-00035,t-00057,6.0,1.0,8.0,6.0,1.12,10.04,27.35,1988.71313477,1628.28039551,13,-8,16,-4,1.0,36,21,4.0,16.5,6.5,8.5,7.5,0.5,0.0,1.0,6.5,2.0,0.5,8.0,2.0,0.0,H,1,0,0,1.0,0.0,0.0
2018-2019,x-00005,2018-11-04,t-00018,t-00022,3.0,1.0,6.0,2.0,1.33,5.53,10.76,1872.72802734,1651.75183105,7,-4,6,-1,1.0,30,16,2.4,18.7,6.1,6.0,9.2,0.9,0.0,1.1818181818181819,12.090909090909092,4.0,5.318181818181818,11.272727272727273,1.8181818181818181,0.022727272727272728,H,1,0,0,1.0,0.0,0.0
2018-2019,x-00005,2018-11-05,t-00028,t-00026,1.0,0.0,2.0,1.0,2.34,3.44,3.32,1538.29882812,1584.13415527,-8,-12,-7,-10,0.0,17,12,0.6666666666666666,9.645833333333334,2.8958333333333335,4.25,10.583333333333334,1.5833333333333333,0.08333333333333333,1.1,13.1,4.1,4.0,11.3,1.8,0.1,H,1,0,0,0.0,0.0,0.0
2018-2019,x-00005,2018-11-10,t-00057,t-00067,1.0,1.0,4.0,6.0,2.34,3.44,3.32,1625.82458496,1653.47045898,-10,-2,-4,1,-2.0,26,16,0.926829268292683,11.658536585365853,4.024390243902439,4.634146341463414,10.585365853658537,1.7073170731707317,0.07317073170731707,1.08,12.12,4.24,5.48,11.36,2.0,0.04,D,0,1,0,0.0,0.0,1.0
2018-2019,x-00005,2018-11-10,t-00028,t-00069,1.0,1.0,7.0,5.0,3.27,3.27,2.46,1545.76171875,1674.35888672,-5,2,-3,-5,-3.0,17,24,0.673469387755102,9.653061224489797,2.877551020408163,4.26530612244898,10.591836734693878,1.5714285714285714,0.08163265306122448,1.1818181818181819,11.636363636363637,4.0,4.7272727272727275,9.909090909090908,2.4545454545454546,0.09090909090909091,D,0,1,0,0.0,0.0,1.0
2018-2019,x-00005,2018-11-10,t-00032,t-00014,0.0,0.0,5.0,1.0,1.49,4.47,7.93,1694.84667969,1632.6348877,0,-10,2,-9,1.0,21,9,1.0,15.5,4.5,9.0,6.5,0.5,0.0,1.0,11.0,3.5,5.5,10.0,2.0,0.0,D,0,1,0,1.0,0.0,0.0
2018-2019,x-00005,2018-11-10,t-00022,t-00064,0.0,1.0,4.0,2.0,5.48,3.96,1.7,1648.41015625,1893.38867188,-6,4,-5,4,-1.0,14,24,0.0,8.0,3.0,5.5,9.5,1.0,0.0,1.0,13.0,3.0,11.5,5.5,0.5,0.0,A,0,0,1,0.0,0.0,1.0
2018-2019,x-00005,2018-11-10,t-00016,t-00012,2.0,1.0,6.0,3.0,2.58,3.15,3.19,1551.46789551,1640.2989502,-4,-1,-6,-4,0.0,19,11,0.8181818181818182,10.909090909090908,2.909090909090909,4.181818181818182,10.454545454545455,1.3636363636363635,0.09090909090909091,0.9387755102040817,9.46938775510204,3.0,4.1020408163265305,11.551020408163266,1.5918367346938775,0.04081632653061224,H,1,0,0,0.0,0.0,0.0
2018-2019,x-00005,2018-11-10,t-00040,t-00009,2.0,1.0,6.0,4.0,2.94,3.5,2.55,1635.48388672,1698.24353027,-3,7,-4,2,-1.0,17,26,1.0,15.5,4.0,6.0,10.5,3.0,0.0,1.5,17.0,5.5,8.5,12.0,1.5,0.0,H,1,0,0,0.0,0.0,1.0
2018-2019,x-00005,2018-11-11,t-00033,t-00026,2.0,0.0,7.0,3.0,1.1,11.92,26.16,1921.61437988,1576.34802246,4,-13,11,-9,0.0,21,10,2.142857142857143,16.285714285714285,6.0,5.8979591836734695,9.224489795918368,1.1224489795918366,0.02040816326530612,1.0,12.545454545454545,3.8181818181818183,4.0,11.0,1.8181818181818181,0.09090909090909091,H,1,0,0,0.0,0.0,0.0
2018-2019,x-00005,2018-11-11,t-00035,t-00036,3.0,1.0,5.0,1.0,1.36,5.42,9.53,1995.2520752,1866.71069336,13,1,16,2,-1.0,34,36,2.0,17.0,6.5,8.0,13.5,4.0,0.0,2.0,6.5,4.5,3.0,12.5,3.5,0.0,H,1,0,0,0.0,0.0,1.0
2018-2019,x-00005,2018-11-11,t-00002,t-00071,1.0,1.0,3.0,5.0,1.65,4.15,5.71,1843.78161621,1614.1184082,8,-1,8,-1,0.0,21,23,2.272727272727273,12.272727272727273,5.2727272727272725,4.909090909090909,12.181818181818182,1.6363636363636365,0.0,1.0,14.636363636363637,4.818181818181818,6.090909090909091,12.090909090909092,1.5454545454545454,0.0,D,0,1,0,0.0,0.0,0.0
2018-2019,x-00005,2018-11-11,t-00018,t-00025,0.0,0.0,4.0,1.0,1.4,5.04,8.94,1878.13012695,1704.83972168,9,7,7,-2,2.0,30,27,2.4545454545454546,18.363636363636363,6.090909090909091,5.818181818181818,8.909090909090908,0.8181818181818182,0.0,1.4857142857142858,12.114285714285714,3.5714285714285716,5.114285714285714,11.742857142857142,1.4857142857142858,0.17142857142857143,D,0,1,0,1.0,0.0,0.0
2018-2019,x-00005,2018-11-24,t-00064,t-00018,3.0,1.0,9.0,2.0,3.09,3.44,2.47,1897.19433594,1872.18225098,3,9,2,11,-1.0,20,30,1.88,15.46,5.52,6.04,10.36,1.32,0.04,2.25,18.083333333333332,5.916666666666667,5.75,8.75,1.0833333333333333,0.0,H,1,0,0,0.0,0.0,1.0
2018-2019,x-00005,2018-11-24,t-00067,t-00033,0.0,3.0,1.0,7.0,6.29,4.46,1.56,1654.53625488,1923.12011719,0,6,0,3,0.0,18,22,0.0,4.0,1.0,1.0,4.0,0.0,0.0,5.0,13.0,10.0,6.0,5.0,1.0,0.0,A,0,0,1,0.0,1.0,0.0
2018-2019,x-00005,2018-11-24,t-00026,t-00057,3.0,2.0,5.0,8.0,2.8,3.31,2.78,1574.84228516,1624.75866699,-12,-8,-7,-8,0.0,13,24,0.0,0.0,0.0,0.0,0.0,0.0,0.0,0.0,0.0,0.0,0.0,0.0,0.0,0.0,H,1,0,0,0.0,0.0,0.0
2018-2019,x-00005,2018-11-24,t-00012,t-00032,1.0,1.0,3.0,3.0,2.9,3.15,2.81,1631.3996582,1691.34509277,0,-2,2,0,-2.0,13,21,0.0,15.0,3.0,6.0,11.0,2.0,0.0,2.0,6.0,4.0,1.0,13.0,4.0,1.0,D,0,1,0,0.0,0.0,1.0
2018-2019,x-00005,2018-11-24,t-00069,t-00035,0.0,4.0,1.0,6.0,12.2,6.9,1.24,1672.5435791,2000.36987305,0,13,2,8,-3.0,26,31,1.1666666666666667,11.666666666666666,4.083333333333333,4.833333333333333,9.75,2.3333333333333335,0.08333333333333333,2.84,18.2,7.1,7.52,9.1,1.44,0.04,A,0,0,1,0.0,0.0,1.0
2018-2019,x-00005,2018-11-24,t-00036,t-00022,0.0,0.0,5.0,2.0,1.46,4.47,8.65,1861.59301758,1644.60449219,1,-6,0,-5,4.0,33,16,3.5,17.5,7.5,6.5,7.0,1.5,0.0,1.0,8.0,2.5,4.0,9.5,0.5,0.0,D,0,1,0,1.0,0.0,0.0
2018-2019,x-00005,2018-11-24,t-00025,t-00016,1.0,0.0,8.0,1.0,1.47,4.34,8.88,1710.78759766,1560.3671875,4,-2,5,-9,0.0,22,20,1.4444444444444444,11.944444444444445,3.5,5.111111111111111,11.722222222222221,1.5277777777777777,0.16666666666666666,0.9166666666666666,11.666666666666666,3.1666666666666665,4.166666666666667,10.166666666666666,1.4166666666666667,0.08333333333333333,H,1,0,0,0.0,0.0,0.0
2018-2019,x-00005,2018-11-25,t-00071,t-00028,0.0,2.0,3.0,6.0,1.61,3.71,7.73,1621.01501465,1547.57714844,-3,-3,0,-10,0.0,22,19,1.0,14.416666666666666,4.833333333333333,5.75,12.416666666666666,1.5833333333333333,0.0,0.68,9.76,2.96,4.28,10.56,1.56,0.08,A,0,0,1,0.0,0.0,0.0
2018-2019,x-00005,2018-11-25,t-00009,t-00002,1.0,2.0,5.0,4.0,3.38,3.7,2.21,1690.20666504,1836.88513184,5,6,2,5,1.0,25,22,1.32,12.4,4.26,5.86,9.04,1.48,0.04,2.1666666666666665,12.083333333333334,5.083333333333333,5.416666666666667,11.916666666666666,1.6666666666666667,0.0,A,0,0,1,1.0,0.0,0.0
2018-2019,x-00005,2018-11-26,t-00014,t-00040,1.0,2.0,4.0,3.0,3.03,3.18,2.67,1636.13635254,1643.52062988,-11,0,-4,-2,1.0,8,22,1.0,11.5,3.5,4.5,12.0,2.5,0.0,0.5,13.0,4.5,5.0,12.5,0.5,0.0,A,0,0,1,1.0,0.0,0.0
2018-2019,x-00005,2018-11-30,t-00016,t-00071,2.0,1.0,3.0,4.0,3.63,3.28,2.28,1558.00402832,1605.4173584,-2,-6,-4,1,0.0,15,23,0.8461538461538461,11.307692307692308,3.0,4.076923076923077,10.384615384615385,1.5384615384615385,0.07692307692307693,0.9230769230769231,14.23076923076923,4.6923076923076925,5.538461538461538,12.153846153846153,1.5384615384615385,0.0,H,1,0,0,0.0,0.0,0.0
2018-2019,x-00005,2018-12-01,t-00032,t-00067,2.0,0.0,3.0,0.0,2.36,3.3,3.41,1692.37548828,1649.64807129,-1,1,0,-1,2.0,22,17,1.4761904761904763,11.761904761904763,4.238095238095238,5.619047619047619,9.833333333333334,1.4523809523809523,0.21428571428571427,1.037037037037037,11.851851851851851,4.185185185185185,5.481481481481482,11.444444444444445,1.9259259259259258,0.037037037037037035,H,1,0,0,1.0,0.0,0.0
2018-2019,x-00005,2018-12-01,t-00057,t-00036,2.0,2.0,6.0,5.0,4.29,3.58,1.97,1617.95922852,1858.05932617,-6,0,-4,-2,-1.0,26,28,2.0,10.0,5.0,5.0,10.0,0.0,0.0,2.0,18.0,8.0,11.0,10.0,0.0,0.0,D,0,1,0,0.0,0.0,1.0
2018-2019,x-00005,2018-12-01,t-00040,t-00069,0.0,3.0,4.0,4.0,2.59,3.37,2.98,1654.02514648,1668.66174316,2,-3,-2,-1,3.0,17,23,0.9803921568627451,11.607843137254902,3.784313725490196,4.647058823529412,11.07843137254902,1.3137254901960784,0.058823529411764705,1.0769230769230769,11.461538461538462,3.8461538461538463,5.076923076923077,9.461538461538462,2.1538461538461537,0.07692307692307693,A,0,0,1,1.0,0.0,0.0
2018-2019,x-00005,2018-12-01,t-00028,t-00012,1.0,2.0,2.0,6.0,2.43,2.93,3.76,1565.00915527,1632.20361328,-1,-1,-3,-4,2.0,23,12,1.5,16.5,5.5,5.5,6.5,0.0,0.0,0.5,10.0,3.0,3.0,11.5,0.5,0.5,A,0,0,1,1.0,0.0,0.0
2018-2019,x-00005,2018-12-01,t-00035,t-00009,3.0,1.0,6.0,1.0,1.13,9.87,22.77,2001.50280762,1685.55383301,17,0,17,0,4.0,35,23,3.0,16.5,6.5,4.5,11.0,2.0,0.5,0.5,7.0,2.0,4.0,10.0,3.0,0.0,H,1,0,0,1.0,0.0,0.0
2018-2019,x-00005,2018-12-01,t-00022,t-00014,2.0,0.0,9.0,0.0,1.56,4.07,7.28,1652.20874023,1627.46630859,-5,-12,-4,-7,1.0,14,9,1.0,17.0,2.0,3.0,16.0,0.0,0.0,0.0,8.0,2.0,2.0,10.0,3.0,0.0,H,1,0,0,1.0,0.0,0.0
2018-2019,x-00005,2018-12-02,t-00033,t-00025,1.0,0.0,3.0,3.0,1.47,4.49,8.31,1923.57397461,1714.98522949,9,4,9,-2,0.0,27,22,3.0,14.0,5.0,3.0,8.0,3.0,0.0,3.0,9.0,4.0,3.0,14.0,0.0,0.0,H,1,0,0,0.0,1.0,0.0
2018-2019,x-00005,2018-12-02,t-00002,t-00064,4.0,2.0,7.0,6.0,2.94,3.53,2.53,1847.61828613,1909.84069824,3,4,6,6,2.0,19,22,2.1538461538461537,12.692307692307692,5.0,5.615384615384615,11.692307692307692,1.6153846153846154,0.0,1.9019607843137254,15.509803921568627,5.588235294117647,6.0,10.529411764705882,1.2941176470588236,0.0392156862745098,H,1,0,0,1.0,0.0,0.0
2018-2019,x-00005,2018-12-02,t-00018,t-00026,2.0,0.0,9.0,4.0,1.2,7.59,14.82,1868.63500977,1583.47607422,4,-7,5,-11,0.0,26,14,2.1538461538461537,17.692307692307693,5.615384615384615,5.615384615384615,9.0,1.2307692307692308,0.0,3.0,10.0,5.0,2.0,10.0,2.0,0.0,H,1,0,0,0.0,0.0,0.0
2018-2019,x-00005,2018-12-04,t-00009,t-00028,2.0,1.0,2.0,6.0,1.74,3.72,5.65,1683.71179199,1557.0267334,-2,-1,1,-3,4.0,22,24,2.5,9.0,3.5,7.0,12.5,3.0,0.5,2.0,17.5,3.5,6.5,11.0,1.0,0.0,H,1,0,0,1.0,0.0,0.0
2018-2019,x-00005,2018-12-04,t-00012,t-00022,3.0,1.0,3.0,5.0,3.14,2.95,2.77,1640.18603516,1660.8145752,-1,-1,1,-4,0.0,16,20,1.0,11.0,3.5,8.0,14.5,2.0,0.0,1.5,12.5,6.0,5.0,10.0,1.5,0.0,H,1,0,0,0.0,1.0,0.0
2018-2019,x-00005,2018-12-04,t-00069,t-00016,3.0,1.0,11.0,5.0,1.7,3.94,5.59,1684.6126709,1565.92993164,1,-3,-1,-8,0.0,23,13,1.2142857142857142,11.142857142857142,3.857142857142857,4.928571428571429,9.5,2.2142857142857144,0.07142857142857142,0.9285714285714286,11.714285714285714,3.0,4.285714285714286,9.857142857142858,1.5,0.07142857142857142,H,1,0,0,0.0,0.0,0.0
2018-2019,x-00005,2018-12-04,t-00067,t-00035,1.0,2.0,7.0,7.0,9.33,5.38,1.37,1641.85827637,2003.34484863,-3,14,-4,10,-6.0,14,31,1.0,11.714285714285714,4.035714285714286,5.571428571428571,11.25,1.8928571428571428,0.07142857142857142,2.8653846153846154,17.98076923076923,7.0576923076923075,7.403846153846154,8.98076923076923,1.3846153846153846,0.038461538461538464,A,0,0,1,0.0,0.0,1.0
2018-2019,x-00005,2018-12-05,t-00014,t-00033,1.0,3.0,6.0,12.0,11.43,5.21,1.33,1618.86047363,1926.00476074,-9,9,-3,5,-1.0,9,28,1.0,9.0,4.0,2.5,6.5,1.0,0.0,1.5,27.0,7.0,10.5,9.5,0.5,0.0,A,0,0,1,0.0,0.0,1.0
2018-2019,x-00005,2018-12-05,t-00071,t-00018,2.0,1.0,2.0,3.0,6.01,3.94,1.66,1597.49133301,1870.87463379,-5,6,-2,6,0.0,26,29,0.9285714285714286,14.285714285714286,4.642857142857143,5.571428571428571,12.142857142857142,1.5714285714285714,0.0,2.142857142857143,17.571428571428573,5.857142857142857,5.5,8.928571428571429,1.2857142857142858,0.0,H,1,0,0,0.0,0.0,0.0
2018-2019,x-00005,2018-12-05,t-00026,t-00032,1.0,1.0,7.0,5.0,2.75,3.36,2.8,1581.23657227,1700.16540527,-7,3,-4,-1,0.0,14,23,1.5,9.5,4.5,4.0,13.5,1.5,0.0,1.4883720930232558,11.651162790697674,4.209302325581396,5.5813953488372094,9.767441860465116,1.4651162790697674,0.20930232558139536,D,0,1,0,0.0,0.0,0.0
2018-2019,x-00005,2018-12-05,t-00036,t-00002,2.0,2.0,7.0,4.0,2.44,3.52,3.07,1853.26074219,1858.98242188,0,3,-1,7,1.0,29,20,1.7307692307692308,13.326923076923077,5.0576923076923075,5.788461538461538,11.115384615384615,1.7884615384615385,0.057692307692307696,2.2857142857142856,13.357142857142858,5.142857142857143,5.785714285714286,11.928571428571429,1.7142857142857142,0.0,D,0,1,0,1.0,0.0,0.0
2018-2019,x-00005,2018-12-05,t-00025,t-00040,1.0,1.0,3.0,5.0,1.49,4.37,8.17,1712.55456543,1638.07409668,1,0,6,-1,1.0,21,15,3.0,12.0,4.0,3.0,13.0,2.0,0.0,0.0,12.0,2.0,6.0,8.0,1.0,0.0,D,0,1,0,1.0,0.0,0.0
2018-2019,x-00005,2018-12-05,t-00064,t-00057,3.0,1.0,8.0,5.0,1.34,5.45,10.73,1898.4765625,1622.7578125,1,-6,3,-11,3.0,26,28,0.0,0.0,0.0,0.0,0.0,0.0,0.0,0.0,0.0,0.0,0.0,0.0,0.0,0.0,H,1,0,0,1.0,0.0,0.0
2018-2019,x-00005,2018-12-08,t-00016,t-00057,1.0,0.0,4.0,1.0,3.3,3.28,2.44,1560.44299316,1620.35241699,-2,-8,2,-10,0.0,17,29,0.0,0.0,0.0,0.0,0.0,0.0,0.0,0.0,0.0,0.0,0.0,0.0,0.0,0.0,H,1,0,0,0.0,0.0,0.0
2018-2019,x-00005,2018-12-08,t-00069,t-00022,3.0,2.0,6.0,4.0,2.32,3.54,3.27,1690.09973145,1650.76831055,3,-3,1,-7,0.0,31,22,1.3333333333333333,11.533333333333333,4.333333333333333,5.266666666666667,9.533333333333333,2.1333333333333333,0.06666666666666667,1.1428571428571428,12.448979591836734,4.040816326530612,5.387755102040816,11.306122448979592,1.7959183673469388,0.02040816326530612,H,1,0,0,0.0,1.0,0.0
2018-2019,x-00005,2018-12-08,t-00018,t-00035,2.0,0.0,5.0,4.0,3.56,3.47,2.22,1857.59460449,2005.2791748,1,14,4,11,-1.0,24,32,2.066666666666667,17.533333333333335,5.666666666666667,5.466666666666667,9.0,1.4666666666666666,0.0,2.849056603773585,17.92452830188679,7.056603773584905,7.471698113207547,8.962264150943396,1.3773584905660377,0.03773584905660377,H,1,0,0,0.0,0.0,1.0
2018-2019,x-00005,2018-12-08,t-00032,t-00064,0.0,2.0,3.0,2.0,4.34,3.49,1.99,1698.51049805,1900.88195801,3,4,3,3,1.0,21,33,3.0,11.5,6.5,4.0,10.0,1.5,0.0,3.0,16.0,6.0,6.5,9.5,1.5,0.0,A,0,0,1,1.0,0.0,0.0
2018-2019,x-00005,2018-12-08,t-00009,t-00033,0.0,4.0,2.0,4.0,7.43,4.72,1.48,1687.48034668,1929.91967773,-4,8,0,6,-4.0,19,33,0.0,6.0,1.5,3.5,7.0,1.0,0.0,3.5,20.5,7.0,5.0,9.5,1.0,0.0,A,0,0,1,0.0,0.0,1.0
2018-2019,x-00005,2018-12-08,t-00036,t-00026,4.0,1.0,11.0,4.0,1.39,5.09,9.42,1851.68591309,1582.89147949,-1,-4,2,-10,0.0,26,20,1.7358490566037736,13.264150943396226,5.09433962264151,5.754716981132075,11.150943396226415,1.8113207547169812,0.05660377358490566,1.3333333333333333,14.666666666666666,5.333333333333333,6.0,13.0,1.0,0.0,H,1,0,0,0.0,0.0,0.0
2018-2019,x-00005,2018-12-08,t-00002,t-00028,1.0,0.0,2.0,0.0,1.3,5.74,12.4,1860.55737305,1553.25805664,3,1,6,-4,5.0,22,23,2.2666666666666666,13.066666666666666,5.066666666666666,5.666666666666667,11.8,1.8,0.0,0.7169811320754716,10.037735849056604,3.056603773584906,4.320754716981132,10.50943396226415,1.5471698113207548,0.09433962264150944,H,1,0,0,1.0,0.0,0.0
2018-2019,x-00005,2018-12-08,t-00014,t-00012,1.0,0.0,4.0,1.0,2.98,3.11,2.77,1614.94555664,1650.23242188,-7,0,-3,-3,0.0,14,18,0.0,10.5,5.0,2.5,9.0,1.0,0.0,0.0,10.5,1.5,6.0,15.0,3.0,0.0,H,1,0,0,0.0,1.0,0.0
2018-2019,x-00005,2018-12-09,t-00040,t-00071,1.0,2.0,4.0,6.0,2.97,3.05,2.83,1641.78466797,1610.77124023,0,-3,-4,-1,0.0,20,21,0.9622641509433962,11.622641509433961,3.811320754716981,4.6415094339622645,11.18867924528302,1.4150943396226414,0.05660377358490566,1.0,13.733333333333333,4.466666666666667,5.266666666666667,12.533333333333333,1.7333333333333334,0.0,A,0,0,1,0.0,0.0,0.0
2018-2019,x-00005,2018-12-10,t-00025,t-00067,2.0,2.0,5.0,3.0,1.69,3.92,5.7,1708.84399414,1639.9239502,2,-7,8,-3,1.0,18,15,1.3846153846153846,12.153846153846153,3.58974358974359,5.282051282051282,11.487179487179487,1.4615384615384615,0.15384615384615385,1.0,11.689655172413794,4.137931034482759,5.482758620689655,11.0,1.8275862068965518,0.06896551724137931,D,0,1,0,1.0,0.0,0.0
2018-2019,x-00005,2018-12-15,t-00028,t-00040,0.0,1.0,5.0,5.0,2.64,3.07,3.19,1550.75561523,1630.05444336,-1,-2,-3,0,1.0,21,22,0.5,5.5,1.5,5.0,11.5,3.5,0.0,0.5,15.5,4.0,3.0,9.5,2.5,0.0,A,0,0,1,1.0,0.0,0.0
2018-2019,x-00005,2018-12-15,t-00026,t-00069,0.0,2.0,4.0,3.0,3.12,3.56,2.4,1578.77099609,1694.56726074,-6,2,-6,4,0.0,23,27,1.25,13.5,5.0,5.25,13.5,1.0,0.25,1.4375,11.625,4.4375,5.25,9.5625,2.0625,0.0625,A,0,0,1,0.0,0.0,0.0
2018-2019,x-00005,2018-12-15,t-00071,t-00009,2.0,0.0,3.0,3.0,2.02,3.45,4.24,1620.33764648,1679.0333252,-1,-7,-2,0,0.0,20,14,1.0625,13.6875,4.5625,5.3125,12.8125,1.9375,0.0,1.2962962962962963,12.018518518518519,4.12962962962963,5.777777777777778,8.962962962962964,1.5185185185185186,0.037037037037037035,H,1,0,0,0.0,0.0,0.0
2018-2019,x-00005,2018-12-15,t-00067,t-00016,3.0,2.0,8.0,3.0,1.68,3.9,5.86,1642.37268066,1567.49987793,-6,0,-6,-10,0.0,17,19,1.0333333333333334,11.8,4.1,5.5,11.066666666666666,1.8,0.06666666666666667,0.9375,11.625,3.1875,4.4375,9.8125,1.5625,0.0625,H,1,0,0,0.0,0.0,0.0
2018-2019,x-00005,2018-12-15,t-00064,t-00014,1.0,0.0,3.0,0.0,1.2,6.92,18.03,1911.63012695,1621.37060547,5,-4,3,-8,0.0,27,15,2.0,23.0,6.5,7.0,9.5,1.0,0.0,0.5,9.0,2.5,5.5,9.5,0.5,0.0,H,1,0,0,0.0,1.0,0.0
2018-2019,x-00005,2018-12-15,t-00022,t-00032,1.0,0.0,1.0,2.0,2.73,3.2,2.94,1644.13684082,1691.03271484,-2,0,0,1,5.0,24,19,4.0,14.0,7.5,6.0,12.0,1.5,0.0,0.0,8.5,1.5,4.0,10.5,1.5,1.0,H,1,0,0,1.0,0.0,0.0
2018-2019,x-00005,2018-12-15,t-00035,t-00025,3.0,1.0,5.0,2.0,1.23,6.83,13.15,1991.24731445,1704.23144531,7,0,16,-3,0.0,28,20,4.5,22.5,8.5,10.0,7.0,0.5,0.0,0.5,7.0,2.5,2.0,10.0,1.5,0.0,H,1,0,0,0.0,1.0,0.0
2018-2019,x-00005,2018-12-16,t-00012,t-00018,1.0,2.0,2.0,3.0,8.63,4.58,1.45,1641.64343262,1863.2746582,1,1,3,4,-4.0,16,23,0.9814814814814815,9.666666666666666,3.0185185185185186,4.166666666666667,11.74074074074074,1.5925925925925926,0.07407407407407407,2.0625,16.9375,5.625,5.1875,9.1875,1.5,0.0,A,0,0,1,0.0,0.0,1.0
2018-2019,x-00005,2018-12-16,t-00033,t-00036,3.0,1.0,11.0,2.0,1.55,4.26,7.09,1940.56933594,1845.85742188,12,1,9,-3,0.0,33,29,0.5,16.5,3.5,10.0,11.5,0.5,0.0,1.0,5.5,1.5,2.0,11.5,2.0,0.0,H,1,0,0,0.0,1.0,0.0
2018-2019,x-00005,2018-12-16,t-00057,t-00002,3.0,2.0,7.0,4.0,4.52,4.0,1.82,1611.13171387,1861.60473633,-4,4,-3,6,0.0,24,20,0.0,12.0,1.0,7.0,10.0,2.0,0.0,2.1875,13.125,4.875,5.75,11.875,2.0,0.0,H,1,0,0,0.0,1.0,0.0
2018-2019,x-00005,2018-12-21,t-00071,t-00033,0.0,2.0,5.0,6.0,7.49,4.16,1.54,1631.70861816,1946.77770996,1,12,-2,10,0.0,18,37,1.1176470588235294,13.411764705882353,4.470588235294118,5.294117647058823,12.941176470588236,1.8823529411764706,0.0,2.2,16.509090909090908,6.1454545454545455,6.109090909090909,9.236363636363636,1.0909090909090908,0.03636363636363636,A,0,0,1,0.0,0.0,0.0
2018-2019,x-00005,2018-12-22,t-00002,t-00014,3.0,1.0,6.0,2.0,1.2,7.15,15.42,1848.92272949,1619.76037598,3,-5,5,-10,5.0,21,14,2.176470588235294,13.117647058823529,4.823529411764706,5.705882352941177,11.764705882352942,1.9411764705882353,0.0,0.9272727272727272,9.49090909090909,3.109090909090909,3.963636363636364,9.345454545454546,1.7636363636363637,0.0,H,1,0,0,1.0,0.0,0.0
2018-2019,x-00005,2018-12-22,t-00018,t-00032,0.0,1.0,5.0,3.0,1.34,5.48,10.52,1867.50317383,1683.26257324,2,-1,6,-2,0.0,22,16,2.0588235294117645,16.529411764705884,5.470588235294118,4.9411764705882355,9.0,1.5294117647058822,0.0,1.4130434782608696,11.673913043478262,4.1521739130434785,5.608695652173913,9.717391304347826,1.4565217391304348,0.1956521739130435,A,0,0,1,0.0,1.0,0.0
2018-2019,x-00005,2018-12-22,t-00035,t-00022,2.0,3.0,5.0,3.0,1.17,7.9,19.72,1993.47717285,1651.90698242,7,0,16,-7,5.0,28,21,2.5,20.0,6.5,8.0,8.5,3.5,0.0,0.0,7.5,0.5,4.5,10.5,3.0,0.0,A,0,0,1,1.0,0.0,0.0
2018-2019,x-00005,2018-12-22,t-00028,t-00057,1.0,3.0,5.0,6.0,2.9,3.1,2.85,1543.0769043,1623.81384277,-2,-3,-2,-9,0.0,19,27,0.6909090909090909,10.054545454545455,3.036363636363636,4.363636363636363,10.581818181818182,1.5818181818181818,0.09090909090909091,1.5,12.0,4.0,5.5,11.0,2.5,0.0,A,0,0,1,0.0,1.0,0.0
2018-2019,x-00005,2018-12-22,t-00040,t-00026,0.0,0.0,0.0,2.0,2.39,3.26,3.41,1637.73303223,1569.71105957,-2,-6,-3,-10,0.0,21,24,0.9636363636363636,11.563636363636364,3.8363636363636364,4.5636363636363635,11.2,1.4181818181818182,0.07272727272727272,1.0,14.0,4.8,5.4,13.6,1.2,0.2,D,0,1,0,0.0,0.0,0.0
2018-2019,x-00005,2018-12-22,t-00069,t-00067,0.0,2.0,7.0,5.0,2.5,3.53,2.98,1703.62719727,1647.29162598,4,-5,0,-1,2.0,25,19,1.4705882352941178,11.294117647058824,4.352941176470588,5.176470588235294,9.588235294117647,2.0,0.058823529411764705,1.096774193548387,11.96774193548387,4.225806451612903,5.483870967741935,10.935483870967742,1.7419354838709677,0.06451612903225806,A,0,0,1,1.0,0.0,0.0
2018-2019,x-00005,2018-12-22,t-00016,t-00036,1.0,5.0,3.0,9.0,6.9,4.32,1.55,1562.58093262,1839.64904785,-2,1,4,-3,0.0,16,30,0.0,0.0,0.0,0.0,0.0,0.0,0.0,0.0,0.0,0.0,0.0,0.0,0.0,0.0,A,0,0,1,0.0,0.0,0.0
2018-2019,x-00005,2018-12-22,t-00009,t-00012,2.0,0.0,3.0,5.0,2.03,3.5,4.14,1667.66247559,1637.41503906,-8,1,-5,-2,1.0,13,15,2.0,20.5,5.5,9.0,7.0,0.5,0.0,1.5,12.0,4.0,4.5,12.5,1.0,0.0,H,1,0,0,1.0,0.0,0.0
2018-2019,x-00005,2018-12-23,t-00025,t-00064,2.0,6.0,3.0,8.0,3.48,3.76,2.15,1702.00146484,1913.24035645,-2,5,5,3,-3.0,21,28,1.0,6.0,2.0,7.0,16.0,4.0,0.0,1.0,8.0,2.0,2.0,8.0,1.0,1.0,A,0,0,1,0.0,0.0,1.0
2018-2019,x-00005,2018-12-26,t-00022,t-00016,0.0,0.0,5.0,4.0,1.66,3.79,6.44,1667.96911621,1556.00695801,1,-5,1,-8,0.0,22,18,1.1923076923076923,12.134615384615385,3.9615384615384617,5.211538461538462,11.115384615384615,1.8461538461538463,0.019230769230769232,1.0,11.38888888888889,3.1666666666666665,4.166666666666667,9.722222222222221,1.5,0.05555555555555555,D,0,1,0,0.0,0.0,0.0
2018-2019,x-00005,2018-12-26,t-00033,t-00040,4.0,0.0,8.0,2.0,1.16,8.43,19.78,1950.52453613,1634.15710449,11,-3,8,1,2.0,36,18,1.5,15.5,2.5,6.5,6.5,0.5,0.0,0.5,7.5,3.5,2.0,10.0,0.5,0.0,H,1,0,0,1.0,0.0,0.0
2018-2019,x-00005,2018-12-26,t-00064,t-00009,5.0,0.0,7.0,4.0,1.37,5.38,9.25,1921.72131348,1675.8145752,7,-5,5,2,1.0,27,11,2.5,15.0,7.0,7.0,8.0,1.0,0.0,0.5,9.5,2.0,4.5,8.5,2.0,0.0,H,1,0,0,1.0,0.0,0.0
2018-2019,x-00005,2018-12-26,t-00032,t-00035,2.0,1.0,5.0,4.0,9.58,5.9,1.33,1696.94494629,1977.41491699,0,2,-1,4,-2.0,16,27,0.5,2.0,1.0,1.5,10.0,2.0,0.0,3.5,15.5,7.5,7.5,10.0,1.5,0.0,H,1,0,0,0.0,0.0,1.0
2018-2019,x-00005,2018-12-26,t-00026,t-00071,1.0,1.0,9.0,5.0,2.96,3.15,2.76,1573.28710938,1627.96179199,-7,1,-8,0,0.0,21,20,0.8333333333333334,12.333333333333334,4.333333333333333,4.5,13.333333333333334,1.3333333333333333,0.16666666666666666,1.0555555555555556,13.277777777777779,4.5,5.055555555555555,12.61111111111111,1.7777777777777777,0.0,D,0,1,0,0.0,0.0,0.0
2018-2019,x-00005,2018-12-26,t-00036,t-00028,3.0,1.0,10.0,2.0,1.27,6.13,13.45,1846.22302246,1532.18811035,5,-6,5,-3,2.0,34,18,5.0,17.0,9.0,7.0,13.0,1.0,0.0,0.6964285714285714,10.160714285714286,3.0714285714285716,4.428571428571429,10.607142857142858,1.5892857142857142,0.08928571428571429,H,1,0,0,1.0,0.0,0.0
2018-2019,x-00005,2018-12-26,t-00012,t-00002,1.0,1.0,3.0,4.0,5.48,3.89,1.72,1629.26281738,1851.98046875,-1,4,3,4,1.0,17,23,0.9642857142857143,9.607142857142858,3.0357142857142856,4.178571428571429,11.892857142857142,1.5714285714285714,0.08928571428571429,2.2222222222222223,12.944444444444445,4.888888888888889,5.444444444444445,11.666666666666666,1.9444444444444444,0.0,D,0,1,0,1.0,0.0,0.0
2018-2019,x-00005,2018-12-26,t-00014,t-00025,1.0,5.0,4.0,6.0,4.38,3.65,1.93,1616.70251465,1693.52038574,-6,-7,-6,-3,1.0,12,16,1.0,8.0,5.0,3.0,10.0,1.0,0.0,0.0,11.0,2.0,5.0,12.0,0.0,1.0,A,0,0,1,1.0,0.0,0.0
2018-2019,x-00005,2018-12-26,t-00067,t-00018,1.0,2.0,2.0,4.0,5.74,4.01,1.67,1662.83093262,1853.82080078,0,3,-4,5,3.0,23,25,1.125,11.9375,4.25,5.4375,10.9375,1.75,0.0625,1.9444444444444444,16.555555555555557,5.444444444444445,5.166666666666667,9.055555555555555,1.4444444444444444,0.0,A,0,0,1,1.0,0.0,0.0
2018-2019,x-00005,2018-12-27,t-00057,t-00069,1.0,2.0,5.0,5.0,2.32,3.37,3.43,1634.70263672,1688.08776855,0,6,-2,4,1.0,25,31,2.0,12.333333333333334,4.666666666666667,4.333333333333333,10.333333333333334,2.6666666666666665,0.0,1.3888888888888888,11.666666666666666,4.5,5.444444444444445,9.555555555555555,2.0555555555555554,0.05555555555555555,A,0,0,1,1.0,0.0,0.0
2018-2019,x-00005,2018-12-29,t-00033,t-00002,5.0,1.0,10.0,2.0,1.39,5.54,7.97,1953.38354492,1847.49023438,14,2,12,0,4.0,41,20,1.0,13.0,4.0,8.0,7.0,1.0,0.0,1.0,12.0,4.0,5.0,7.0,1.0,0.0,H,1,0,0,1.0,0.0,0.0
2018-2019,x-00005,2018-12-29,t-00067,t-00040,1.0,1.0,5.0,2.0,1.79,3.67,5.26,1658.13989258,1631.2980957,1,-4,-1,-2,1.0,25,16,1.0,13.5,4.5,5.5,10.0,3.5,0.0,1.0,9.5,1.5,6.5,11.5,1.0,0.0,D,0,1,0,1.0,0.0,0.0
2018-2019,x-00005,2018-12-29,t-00026,t-00028,1.0,0.0,5.0,5.0,2.07,3.26,4.33,1573.28527832,1530.09484863,-5,-7,-4,-5,0.0,26,18,0.8571428571428571,12.142857142857142,5.0,4.142857142857143,12.714285714285714,1.4285714285714286,0.14285714285714285,0.7017543859649122,10.157894736842104,3.0526315789473686,4.4035087719298245,10.649122807017545,1.5789473684210527,0.08771929824561403,H,1,0,0,0.0,0.0,0.0
2018-2019,x-00005,2018-12-29,t-00032,t-00016,0.0,1.0,7.0,3.0,1.6,3.81,7.44,1710.35510254,1560.46777344,-1,-6,1,-7,0.0,18,19,1.0,13.0,5.0,12.0,12.0,2.0,0.0,0.0,11.0,2.0,6.0,13.0,2.0,0.0,A,0,0,1,0.0,0.0,0.0
2018-2019,x-00005,2018-12-29,t-00012,t-00025,1.0,0.0,3.0,4.0,3.27,3.34,2.41,1633.75305176,1708.48339844,-2,-2,2,0,0.0,14,19,0.6666666666666666,11.666666666666666,2.6666666666666665,7.0,14.333333333333334,0.6666666666666666,0.0,1.0,11.666666666666666,1.3333333333333333,4.333333333333333,9.0,0.0,0.3333333333333333,H,1,0,0,0.0,1.0,0.0
2018-2019,x-00005,2018-12-29,t-00064,t-00071,1.0,3.0,3.0,4.0,1.47,4.47,8.39,1926.15759277,1627.96362305,14,2,9,-1,0.0,28,21,3.0,10.0,8.0,1.0,8.0,2.0,0.0,2.0,16.0,7.0,5.0,11.0,1.0,0.0,A,0,0,1,0.0,0.0,0.0
2018-2019,x-00005,2018-12-30,t-00057,t-00035,1.0,3.0,4.0,6.0,12.58,7.05,1.23,1626.61889648,1964.00488281,-1,-1,0,3,-1.0,24,25,1.75,12.0,4.75,4.25,10.25,2.5,0.0,2.754385964912281,17.666666666666668,6.87719298245614,7.631578947368421,8.912280701754385,1.3333333333333333,0.05263157894736842,A,0,0,1,0.0,0.0,1.0
2018-2019,x-00005,2018-12-30,t-00014,t-00069,2.0,0.0,5.0,4.0,3.86,3.57,2.08,1601.73962402,1696.17163086,-8,4,-10,6,0.0,16,32,2.0,6.0,3.0,4.0,9.0,4.0,0.0,4.0,22.0,10.0,10.0,7.0,1.0,0.0,H,1,0,0,0.0,1.0,0.0
2018-2019,x-00005,2018-12-30,t-00036,t-00009,4.0,1.0,8.0,3.0,1.39,5.35,8.55,1848.31628418,1671.3782959,7,-8,6,-7,1.0,39,14,4.0,16.5,9.5,6.0,11.0,1.0,0.0,1.263157894736842,12.105263157894736,4.087719298245614,5.701754385964913,8.894736842105264,1.5263157894736843,0.03508771929824561,H,1,0,0,1.0,0.0,0.0
2018-2019,x-00005,2018-12-30,t-00022,t-00018,0.0,1.0,0.0,4.0,5.19,3.79,1.77,1663.50830078,1858.51184082,-1,2,2,3,1.0,18,20,1.0,7.0,2.0,2.0,13.0,1.0,0.0,3.0,15.0,6.0,4.0,6.0,0.0,0.0,A,0,0,1,1.0,0.0,0.0
2018-2019,x-00005,2019-01-01,t-00002,t-00026,4.0,1.0,9.0,4.0,1.39,5.24,8.13,1839.2722168,1578.94140625,-2,-4,5,-8,0.0,18,24,2.1,12.4,4.7,5.5,11.35,1.9,0.0,0.875,12.375,5.0,4.125,12.625,1.625,0.125,H,1,0,0,0.0,0.0,0.0
2018-2019,x-00005,2019-01-01,t-00016,t-00064,0.0,3.0,3.0,4.0,8.88,4.84,1.4,1573.44006348,1904.3137207,-3,10,-2,6,0.0,17,23,0.0,8.0,6.0,2.0,11.0,1.0,1.0,1.0,19.0,7.0,6.0,7.0,2.0,0.0,A,0,0,1,0.0,0.0,0.0
2018-2019,x-00005,2019-01-01,t-00025,t-00032,0.0,1.0,2.0,4.0,2.0,3.58,4.15,1699.81750488,1697.3828125,-3,-2,-1,1,1.0,20,20,1.3333333333333333,13.0,4.0,7.666666666666667,9.333333333333334,1.3333333333333333,0.0,1.3333333333333333,9.333333333333334,4.0,4.666666666666667,11.333333333333334,1.6666666666666667,0.3333333333333333,A,0,0,1,1.0,0.0,0.0
2018-2019,x-00005,2019-01-02,t-00069,t-00012,2.0,2.0,6.0,6.0,2.05,3.55,4.01,1683.25292969,1642.41906738,0,-3,-1,-5,-3.0,25,14,0.0,17.0,4.0,9.0,8.0,2.0,0.0,1.0,9.0,4.0,2.0,12.0,3.0,0.0,D,0,1,0,0.0,0.0,1.0
2018-2019,x-00005,2019-01-02,t-00040,t-00036,0.0,2.0,3.0,7.0,5.93,4.1,1.62,1633.6262207,1853.44384766,-4,10,-2,1,1.0,13,40,0.9310344827586207,11.362068965517242,3.706896551724138,4.568965517241379,11.206896551724139,1.396551724137931,0.06896551724137931,4.0,14.666666666666666,9.0,5.333333333333333,10.666666666666666,1.3333333333333333,0.3333333333333333,A,0,0,1,1.0,0.0,0.0
2018-2019,x-00005,2019-01-02,t-00009,t-00067,3.0,3.0,12.0,3.0,2.6,3.47,2.89,1666.25073242,1655.81176758,-12,2,-3,-1,-2.0,15,23,3.0,11.5,6.5,5.5,7.5,0.5,0.0,1.0,15.0,3.5,8.5,13.5,3.5,0.5,D,0,1,0,0.0,0.0,1.0
2018-2019,x-00005,2019-01-02,t-00071,t-00022,0.0,2.0,1.0,4.0,2.34,3.17,3.62,1649.80761719,1658.87194824,3,0,-2,-4,0.0,23,13,1.0,7.0,2.0,3.0,13.0,4.0,0.0,0.0,11.0,4.0,6.0,11.0,3.0,0.0,A,0,0,1,0.0,0.0,0.0
2018-2019,x-00005,2019-01-02,t-00028,t-00014,1.0,2.0,2.0,8.0,2.49,3.04,3.47,1524.43859863,1614.6583252,-7,-4,-3,-7,0.0,17,15,0.3333333333333333,10.333333333333334,1.6666666666666667,6.333333333333333,12.666666666666666,2.0,0.0,0.3333333333333333,7.333333333333333,3.3333333333333335,2.6666666666666665,10.333333333333334,2.0,0.0,A,0,0,1,0.0,1.0,0.0
2018-2019,x-00005,2019-01-02,t-00018,t-00057,0.0,0.0,6.0,2.0,1.26,6.11,12.48,1863.14819336,1623.5090332,4,-1,5,-7,1.0,21,23,1.9,16.0,5.3,5.05,8.8,1.35,0.0,1.6,10.6,4.6,4.0,10.4,2.4,0.2,D,0,1,0,1.0,0.0,0.0
2018-2019,x-00005,2019-01-03,t-00035,t-00033,2.0,1.0,4.0,5.0,2.0,3.86,3.84,1967.11462402,1961.60144043,0,16,10,11,5.0,24,39,2.6666666666666665,10.0,4.333333333333333,6.666666666666667,9.0,2.6666666666666665,0.0,1.3333333333333333,11.0,4.0,3.3333333333333335,9.666666666666666,1.6666666666666667,0.3333333333333333,H,1,0,0,1.0,0.0,0.0
2018-2019,x-00005,2019-01-12,t-00012,t-00033,0.0,1.0,0.0,3.0,10.06,5.37,1.34,1645.03662109,1955.12426758,-2,11,2,10,-4.0,19,40,0.3333333333333333,4.666666666666667,1.6666666666666667,3.3333333333333335,9.333333333333334,0.6666666666666666,0.0,3.3333333333333335,18.666666666666668,8.333333333333334,5.666666666666667,6.0,0.3333333333333333,0.0,A,0,0,1,0.0,0.0,1.0
2018-2019,x-00005,2019-01-12,t-00014,t-00026,2.0,1.0,0.0,4.0,2.47,3.27,3.22,1621.90197754,1575.79089355,-4,-4,-4,-10,0.0,19,24,0.9661016949152542,9.711864406779661,3.2203389830508473,3.9491525423728815,9.542372881355933,1.847457627118644,0.01694915254237288,0.8888888888888888,12.0,4.888888888888889,4.0,12.555555555555555,1.5555555555555556,0.1111111111111111,H,1,0,0,0.0,0.0,0.0
2018-2019,x-00005,2019-01-12,t-00016,t-00028,0.0,0.0,0.0,2.0,2.16,3.24,4.0,1569.41967773,1517.19494629,-7,-7,-4,-3,0.0,16,19,0.0,14.0,4.0,7.0,10.0,1.0,0.0,0.0,5.0,1.0,7.0,8.0,0.0,1.0,D,0,1,0,0.0,0.0,0.0
2018-2019,x-00005,2019-01-12,t-00069,t-00002,1.0,0.0,3.0,2.0,3.58,3.95,2.05,1680.63525391,1842.42272949,-1,0,-3,-4,0.0,25,25,1.0,13.0,5.0,2.0,13.0,3.0,0.0,3.0,17.0,10.0,10.0,16.0,1.0,0.0,H,1,0,0,0.0,1.0,0.0
2018-2019,x-00005,2019-01-12,t-00022,t-00067,1.0,2.0,6.0,2.0,2.36,3.36,3.32,1671.99584961,1657.59753418,3,2,1,0,1.0,13,23,0.5,7.5,2.0,3.0,12.0,3.5,0.0,1.0,13.5,4.5,5.0,15.5,3.5,0.0,A,0,0,1,1.0,0.0,0.0
2018-2019,x-00005,2019-01-12,t-00032,t-00057,1.0,2.0,6.0,3.0,1.96,3.39,4.56,1706.72546387,1630.36828613,1,0,0,-2,0.0,21,24,1.38,11.58,4.2,5.62,9.66,1.44,0.18,1.3333333333333333,9.833333333333334,4.166666666666667,3.6666666666666665,10.5,2.3333333333333335,0.16666666666666666,A,0,0,1,0.0,1.0,0.0
2018-2019,x-00005,2019-01-12,t-00018,t-00040,2.0,1.0,6.0,2.0,1.2,6.8,19.3,1856.28894043,1627.75183105,2,-5,3,-2,2.0,22,12,2.0,15.0,3.0,5.0,8.0,1.0,0.0,1.0,6.0,2.0,4.0,16.0,3.0,0.0,H,1,0,0,1.0,0.0,0.0
2018-2019,x-00005,2019-01-13,t-00025,t-00009,2.0,0.0,3.0,7.0,1.71,4.01,5.32,1690.47473145,1664.46496582,-4,-8,-4,-13,1.0,17,25,2.0,15.0,5.0,3.5,12.0,3.0,0.5,1.0,11.5,3.5,7.0,9.0,0.5,0.5,H,1,0,0,1.0,0.0,0.0
2018-2019,x-00005,2019-01-13,t-00064,t-00036,0.0,1.0,11.0,8.0,2.11,3.53,3.8,1908.33410645,1859.31811523,11,9,8,2,2.0,25,36,2.0338983050847457,15.033898305084746,5.52542372881356,5.8474576271186445,10.186440677966102,1.305084745762712,0.05084745762711865,3.5,15.0,8.5,4.5,10.25,1.5,0.25,A,0,0,1,1.0,0.0,0.0
2018-2019,x-00005,2019-01-14,t-00035,t-00071,3.0,0.0,9.0,0.0,1.2,7.16,17.03,1973.59179688,1636.68371582,3,0,6,2,0.0,24,18,1.0,18.0,6.0,9.0,8.0,2.0,0.0,1.0,11.0,2.0,5.0,13.0,1.0,0.0,H,1,0,0,0.0,0.0,0.0
2018-2019,x-00005,2019-01-19,t-00009,t-00069,2.0,0.0,4.0,1.0,2.14,3.7,3.52,1656.10742188,1691.22509766,-8,-2,-2,4,0.0,29,25,2.0,12.0,5.0,4.0,10.0,2.0,0.0,1.0,11.0,5.0,6.0,14.0,6.0,0.0,H,1,0,0,0.0,1.0,0.0
2018-2019,x-00005,2019-01-19,t-00067,t-00014,0.0,0.0,4.0,3.0,1.78,3.77,5.09,1667.18017578,1627.58117676,2,-2,-4,-4,-1.0,17,19,2.0,11.5,5.5,6.5,18.5,2.0,0.0,1.5,7.5,3.5,3.0,10.0,1.5,0.0,D,0,1,0,0.0,0.0,1.0
2018-2019,x-00005,2019-01-19,t-00036,t-00012,2.0,1.0,5.0,3.0,1.38,5.02,9.59,1870.07958984,1642.47021484,12,-2,8,-3,1.0,42,17,3.0,14.6,8.4,4.4,9.8,1.6,0.2,0.9666666666666667,9.683333333333334,3.033333333333333,4.183333333333334,11.866666666666667,1.5166666666666666,0.08333333333333333,H,1,0,0,1.0,0.0,0.0
2018-2019,x-00005,2019-01-19,t-00071,t-00032,4.0,3.0,7.0,6.0,2.35,3.23,3.53,1634.53015137,1695.36181641,-5,1,-3,1,0.0,15,25,0.0,11.0,3.0,9.0,8.0,1.0,0.0,2.0,6.0,2.0,1.0,10.0,2.0,1.0,H,1,0,0,0.0,0.0,0.0
2018-2019,x-00005,2019-01-19,t-00033,t-00022,4.0,3.0,9.0,3.0,1.24,6.86,12.02,1957.6907959,1662.41320801,10,1,13,0,1.0,32,18,2.0,16.0,6.0,6.5,10.5,1.5,0.0,0.5,7.0,2.5,5.0,6.0,1.5,0.5,H,1,0,0,1.0,0.0,0.0
2018-2019,x-00005,2019-01-19,t-00002,t-00018,2.0,0.0,5.0,1.0,3.36,3.49,2.3,1831.83288574,1858.67785645,0,2,8,0,0.0,23,25,2.0,15.0,6.0,1.0,9.0,2.0,0.0,3.0,24.0,11.0,5.0,12.0,0.0,0.0,H,1,0,0,0.0,1.0,0.0
2018-2019,x-00005,2019-01-19,t-00040,t-00016,3.0,0.0,6.0,1.0,2.13,3.15,4.24,1625.36303711,1566.54162598,-7,-6,-5,-3,0.0,9,13,0.0,12.0,6.0,5.0,16.0,2.0,1.0,0.0,12.0,1.0,5.0,14.0,2.0,0.0,H,1,0,0,0.0,0.0,0.0
2018-2019,x-00005,2019-01-19,t-00057,t-00025,2.0,1.0,4.0,2.0,2.94,3.41,2.57,1641.73193359,1698.83227539,0,0,-2,0,3.0,20,18,1.4285714285714286,9.571428571428571,4.0,3.5714285714285716,10.285714285714286,2.142857142857143,0.2857142857142857,1.434782608695652,12.23913043478261,3.5869565217391304,5.217391304347826,11.630434782608695,1.608695652173913,0.13043478260869565,H,1,0,0,1.0,0.0,0.0
2018-2019,x-00005,2019-01-20,t-00028,t-00035,0.0,3.0,2.0,4.0,24.77,9.86,1.12,1520.07299805,1975.7454834,-6,4,-5,4,-1.0,16,28,0.0,0.0,0.0,0.0,0.0,0.0,0.0,0.0,0.0,0.0,0.0,0.0,0.0,0.0,A,0,0,1,0.0,0.0,1.0
2018-2019,x-00005,2019-01-20,t-00026,t-00064,1.0,2.0,4.0,5.0,5.58,3.71,1.72,1570.11169434,1897.57263184,-3,9,0,8,0.0,24,33,0.9,12.0,4.8,4.2,12.2,1.6,0.1,2.0,15.133333333333333,5.616666666666666,5.866666666666666,10.15,1.3,0.05,A,0,0,1,0.0,0.0,0.0
2018-2019,x-00005,2019-01-29,t-00002,t-00016,2.0,1.0,4.0,2.0,1.22,6.98,13.34,1842.01342773,1557.12768555,0,-5,10,-5,0.0,22,11,3.0,17.0,11.0,9.0,14.0,4.0,0.0,2.0,14.0,3.0,3.0,12.0,3.0,0.0,H,1,0,0,0.0,0.0,0.0
2018-2019,x-00005,2019-01-29,t-00036,t-00014,2.0,2.0,9.0,4.0,1.34,5.22,10.33,1872.42675781,1630.21582031,9,0,9,-4,0.0,38,20,2.8333333333333335,15.5,7.833333333333333,4.666666666666667,10.0,1.5,0.16666666666666666,0.9672131147540983,9.754098360655737,3.1639344262295084,3.9672131147540983,9.459016393442623,1.8360655737704918,0.01639344262295082,D,0,1,0,0.0,1.0,0.0
2018-2019,x-00005,2019-01-29,t-00026,t-00012,4.0,2.0,7.0,6.0,2.5,3.24,3.2,1567.77075195,1640.12304688,-4,-1,-2,-3,0.0,26,15,0.9090909090909091,12.0,4.7272727272727275,4.454545454545454,12.0,1.6363636363636365,0.09090909090909091,0.9672131147540983,9.639344262295081,3.0327868852459017,4.19672131147541,11.852459016393443,1.4918032786885247,0.08196721311475409,H,1,0,0,0.0,0.0,0.0
2018-2019,x-00005,2019-01-29,t-00040,t-00035,2.0,1.0,2.0,4.0,15.43,8.13,1.18,1634.77697754,1977.73693848,-4,8,-3,3,-1.0,15,27,0.6666666666666666,5.0,2.6666666666666665,1.0,11.333333333333334,0.6666666666666666,0.0,2.0,22.333333333333332,7.666666666666667,10.0,5.333333333333333,0.0,0.0,H,1,0,0,0.0,0.0,1.0
2018-2019,x-00005,2019-01-29,t-00028,t-00025,0.0,1.0,2.0,5.0,3.72,3.21,2.27,1518.08154297,1690.67944336,-7,3,-8,-1,-2.0,13,17,0.0,0.0,0.0,0.0,0.0,0.0,0.0,0.0,0.0,0.0,0.0,0.0,0.0,0.0,A,0,0,1,0.0,0.0,1.0
2018-2019,x-00005,2019-01-29,t-00071,t-00069,3.0,0.0,9.0,0.0,1.99,3.54,4.18,1642.82080078,1680.82897949,-2,-2,0,2,0.0,17,19,1.0,15.0,6.0,4.0,11.0,1.0,0.0,0.0,13.0,3.0,4.0,10.0,2.0,0.0,H,1,0,0,0.0,0.0,0.0
2018-2019,x-00005,2019-01-30,t-00009,t-00018,4.0,0.0,7.0,7.0,5.71,4.15,1.64,1666.50354004,1848.49743652,-8,1,1,0,-1.0,30,21,0.0,8.0,1.0,6.0,7.0,2.0,0.0,2.0,24.0,6.0,7.0,10.0,2.0,0.0,H,1,0,0,0.0,0.0,1.0
2018-2019,x-00005,2019-01-30,t-00064,t-00067,2.0,1.0,3.0,1.0,1.58,4.2,6.48,1899.91357422,1664.54553223,6,0,5,1,2.0,30,16,1.5,12.0,2.5,7.0,9.5,1.0,0.0,1.0,10.0,4.0,1.5,9.5,1.0,0.0,H,1,0,0,1.0,0.0,0.0
2018-2019,x-00005,2019-01-30,t-00057,t-00022,1.0,1.0,4.0,3.0,2.52,3.3,3.1,1649.88464355,1660.82727051,-1,-1,-1,-1,-1.0,18,18,1.5,9.75,4.0,4.0,10.5,2.125,0.25,1.1929824561403508,12.403508771929825,3.9298245614035086,5.368421052631579,10.947368421052632,1.736842105263158,0.017543859649122806,D,0,1,0,0.0,0.0,1.0
2018-2019,x-00005,2019-01-30,t-00033,t-00032,1.0,1.0,3.0,2.0,1.24,6.8,12.34,1959.2767334,1687.07104492,9,-1,12,0,1.0,35,28,2.0,13.5,5.0,5.5,9.5,2.5,0.0,1.0,9.5,3.0,2.5,6.0,2.5,0.0,D,0,1,0,1.0,0.0,0.0
2018-2019,x-00005,2019-02-02,t-00016,t-00009,2.0,0.0,5.0,2.0,3.43,3.53,2.25,1555.50073242,1688.95263672,-6,1,-5,-14,0.0,9,33,0.0,10.0,1.0,4.0,9.0,1.0,0.0,2.0,12.0,4.0,7.0,11.0,1.0,0.0,H,1,0,0,0.0,0.0,0.0
2018-2019,x-00005,2019-02-02,t-00014,t-00057,1.0,1.0,6.0,4.0,2.59,3.36,2.95,1637.17419434,1648.53186035,4,0,-2,0,0.0,20,17,0.9838709677419355,9.693548387096774,3.1774193548387095,3.9516129032258065,9.451612903225806,1.8548387096774193,0.016129032258064516,1.4444444444444444,10.11111111111111,4.0,3.888888888888889,10.555555555555555,2.111111111111111,0.2222222222222222,D,0,1,0,0.0,1.0,0.0
2018-2019,x-00005,2019-02-02,t-00012,t-00067,0.0,0.0,4.0,0.0,2.5,3.24,3.2,1628.03015137,1662.44018555,-3,0,1,2,1.0,18,15,0.0,6.0,0.0,2.0,16.0,2.0,0.0,2.0,19.0,5.0,8.0,10.0,2.0,0.0,D,0,1,0,1.0,0.0,0.0
2018-2019,x-00005,2019-02-02,t-00018,t-00028,5.0,0.0,7.0,2.0,1.23,6.54,15.2,1826.04846191,1512.8840332,-4,-6,4,-5,0.0,24,13,1.6666666666666667,15.458333333333334,5.25,5.375,8.791666666666666,1.2916666666666667,0.0,0.0,10.0,2.0,3.0,13.0,1.0,0.0,H,1,0,0,0.0,1.0,0.0
2018-2019,x-00005,2019-02-02,t-00022,t-00026,2.0,0.0,6.0,0.0,2.06,3.45,4.03,1662.18005371,1579.86364746,-1,-2,1,-9,0.0,16,24,1.1896551724137931,12.448275862068966,3.913793103448276,5.413793103448276,10.89655172413793,1.7413793103448276,0.034482758620689655,1.1666666666666667,13.0,4.916666666666667,4.916666666666667,11.833333333333334,1.6666666666666667,0.08333333333333333,H,1,0,0,0.0,0.0,0.0
2018-2019,x-00005,2019-02-02,t-00025,t-00071,1.0,3.0,4.0,4.0,2.74,3.21,2.9,1695.87695312,1655.88720703,0,1,-3,-1,0.0,16,21,2.0,6.0,5.0,6.0,7.0,1.0,1.0,2.0,11.0,4.0,3.0,8.0,0.0,0.0,A,0,0,1,0.0,0.0,0.0
2018-2019,x-00005,2019-02-02,t-00064,t-00040,1.0,0.0,4.0,2.0,1.44,4.39,9.48,1902.0189209,1649.35449219,2,1,4,-4,1.0,26,15,1.6666666666666667,14.666666666666666,6.0,6.0,10.666666666666666,2.0,0.0,0.3333333333333333,11.666666666666666,2.6666666666666665,4.0,8.333333333333334,2.0,0.3333333333333333,H,1,0,0,1.0,0.0,0.0
2018-2019,x-00005,2019-02-03,t-00032,t-00036,0.0,1.0,6.0,6.0,3.9,3.61,2.06,1694.47375488,1865.46838379,-2,7,-1,5,0.0,25,37,1.3962264150943395,11.754716981132075,4.226415094339623,5.679245283018868,9.547169811320755,1.509433962264151,0.16981132075471697,2.7142857142857144,17.285714285714285,8.0,5.571428571428571,10.0,1.4285714285714286,0.14285714285714285,A,0,0,1,0.0,1.0,0.0
2018-2019,x-00005,2019-02-03,t-00035,t-00002,3.0,1.0,12.0,2.0,1.26,7.19,10.35,1963.15930176,1843.64038086,8,1,7,-6,2.0,27,22,2.0,17.0,8.0,9.0,14.0,2.0,0.0,0.0,9.0,3.0,2.0,11.0,2.0,0.0,H,1,0,0,1.0,0.0,0.0
2018-2019,x-00005,2019-02-04,t-00069,t-00033,1.0,1.0,2.0,6.0,8.97,5.93,1.33,1667.76269531,1951.87402344,-6,5,2,8,-3.0,14,30,0.0,5.0,2.0,4.0,9.0,2.0,0.0,4.0,18.0,8.0,5.0,14.0,1.0,0.0,D,0,1,0,0.0,0.0,1.0
2018-2019,x-00005,2019-02-06,t-00025,t-00035,0.0,2.0,1.0,4.0,9.95,6.15,1.3,1680.71203613,1968.37414551,-1,8,-5,1,-2.0,16,33,0.6666666666666666,7.666666666666667,2.3333333333333335,2.0,9.666666666666666,1.6666666666666667,0.0,4.0,19.333333333333332,7.333333333333333,8.666666666666666,7.0,0.6666666666666666,0.0,A,0,0,1,0.0,0.0,1.0
2018-2019,x-00005,2019-02-09,t-00033,t-00009,3.0,0.0,9.0,2.0,1.17,8.75,16.0,1946.21875,1674.83911133,1,2,11,-14,3.0,26,32,3.6666666666666665,17.0,6.0,5.333333333333333,10.0,1.0,0.0,0.0,6.666666666666667,1.6666666666666667,4.333333333333333,7.666666666666667,1.3333333333333333,0.0,H,1,0,0,1.0,0.0,0.0
2018-2019,x-00005,2019-02-09,t-00022,t-00069,1.0,1.0,5.0,4.0,1.98,3.6,4.17,1668.7980957,1673.41796875,2,-4,1,-4,0.0,22,12,2.0,8.0,4.0,3.0,8.0,2.0,0.0,3.0,13.0,6.0,5.0,10.0,1.0,0.0,D,0,1,0,0.0,1.0,0.0
2018-2019,x-00005,2019-02-09,t-00028,t-00002,1.0,2.0,6.0,4.0,5.65,3.99,1.67,1509.64794922,1838.42553711,-10,3,-8,-8,-1.0,10,22,0.0,7.5,2.0,2.5,9.0,0.5,0.0,2.04,12.28,4.64,5.28,11.16,1.76,0.0,A,0,0,1,0.0,0.0,1.0
2018-2019,x-00005,2019-02-09,t-00012,t-00014,1.0,3.0,6.0,5.0,2.05,3.34,4.29,1627.3137207,1635.80175781,-4,2,-1,-2,0.0,19,21,0.0,11.666666666666666,1.3333333333333333,6.333333333333333,13.666666666666666,2.0,0.0,0.3333333333333333,11.666666666666666,4.666666666666667,2.3333333333333335,9.666666666666666,1.3333333333333333,0.0,A,0,0,1,0.0,1.0,0.0
2018-2019,x-00005,2019-02-09,t-00067,t-00025,1.0,0.0,2.0,4.0,2.56,3.33,3.03,1663.15661621,1676.55200195,0,-2,-1,1,1.0,10,15,2.0,15.0,3.0,6.0,13.0,1.0,0.0,2.0,12.0,5.0,6.0,13.0,1.0,0.0,H,1,0,0,1.0,0.0,0.0
2018-2019,x-00005,2019-02-09,t-00026,t-00036,0.0,3.0,3.0,7.0,5.1,3.98,1.74,1573.2454834,1870.75415039,-5,5,0,6,0.0,19,35,1.0769230769230769,12.615384615384615,4.538461538461538,4.615384615384615,11.846153846153847,1.7692307692307692,0.07692307692307693,2.5,16.375,7.75,5.125,9.875,1.75,0.125,A,0,0,1,0.0,0.0,0.0
2018-2019,x-00005,2019-02-09,t-00057,t-00016,1.0,2.0,7.0,3.0,1.86,3.46,5.08,1649.90429688,1569.61425781,2,-5,-1,-4,0.0,17,11,0.0,12.0,1.0,7.0,10.0,2.0,0.0,1.0,13.0,4.0,7.0,9.0,2.0,0.0,A,0,0,1,0.0,0.0,0.0
2018-2019,x-00005,2019-02-10,t-00035,t-00018,6.0,0.0,9.0,4.0,1.58,4.25,6.44,1972.53417969,1829.28442383,9,0,7,-3,1.0,33,27,0.0,14.0,4.0,13.0,11.0,0.0,0.0,2.0,8.0,5.0,1.0,12.0,2.0,0.0,H,1,0,0,1.0,0.0,0.0
2018-2019,x-00005,2019-02-10,t-00064,t-00032,3.0,1.0,5.0,9.0,1.78,3.68,5.37,1903.97949219,1689.18811035,5,-2,4,0,1.0,27,24,2.6666666666666665,13.0,4.666666666666667,6.0,8.666666666666666,1.3333333333333333,0.0,2.0,11.333333333333334,5.333333333333333,4.666666666666667,10.666666666666666,2.0,0.0,H,1,0,0,1.0,0.0,0.0
2018-2019,x-00005,2019-02-11,t-00071,t-00040,1.0,1.0,6.0,3.0,1.81,3.52,5.45,1671.05200195,1647.3939209,1,0,2,-5,0.0,21,15,2.0,13.0,6.0,6.0,17.0,5.0,0.0,1.0,12.0,4.0,4.0,10.0,2.0,1.0,D,0,1,0,0.0,0.0,0.0
2018-2019,x-00005,2019-02-22,t-00016,t-00067,1.0,5.0,6.0,7.0,3.15,3.34,2.47,1583.26477051,1671.76611328,-1,1,-4,2,0.0,11,9,2.0,10.0,3.0,0.0,5.0,0.0,0.0,3.0,17.0,8.0,5.0,7.0,0.0,0.0,A,0,0,1,0.0,0.0,0.0
2018-2019,x-00005,2019-02-22,t-00069,t-00026,3.0,1.0,7.0,5.0,2.06,3.47,4.0,1676.91540527,1570.19067383,-4,-5,0,-9,0.0,10,18,2.0,6.0,3.0,4.0,10.0,1.0,0.0,0.0,16.0,4.0,6.0,14.0,2.0,0.0,H,1,0,0,0.0,0.0,0.0
2018-2019,x-00005,2019-02-23,t-00032,t-00022,1.0,4.0,5.0,5.0,2.3,3.41,3.45,1687.70825195,1669.05578613,-5,0,-4,1,-3.0,29,23,0.0,9.666666666666666,1.6666666666666667,4.0,9.666666666666666,1.3333333333333333,0.6666666666666666,3.0,12.0,5.333333333333333,5.333333333333333,11.333333333333334,1.6666666666666667,0.0,A,0,0,1,0.0,0.0,1.0
2018-2019,x-00005,2019-02-23,t-00014,t-00064,2.0,1.0,4.0,6.0,6.18,3.99,1.64,1651.18920898,1921.0345459,3,4,0,8,-3.0,18,28,0.3333333333333333,7.333333333333333,1.6666666666666667,4.666666666666667,9.0,1.0,0.0,1.6666666666666667,20.333333333333332,5.333333333333333,7.333333333333333,8.666666666666666,0.6666666666666666,0.0,H,1,0,0,0.0,0.0,1.0
2018-2019,x-00005,2019-02-23,t-00040,t-00028,2.0,0.0,12.0,1.0,1.91,3.39,4.86,1651.62109375,1509.06274414,2,-10,1,-9,1.0,15,14,0.953125,11.265625,3.640625,4.421875,11.0625,1.390625,0.0625,0.3333333333333333,10.0,3.3333333333333335,3.3333333333333335,11.666666666666666,1.3333333333333333,0.0,H,1,0,0,1.0,0.0,0.0
2018-2019,x-00005,2019-02-23,t-00009,t-00071,1.0,1.0,3.0,2.0,3.2,3.29,2.46,1673.83764648,1670.58007812,-1,3,4,2,0.0,22,26,0.0,13.0,3.0,3.0,7.0,2.0,0.0,2.0,9.0,3.0,5.0,15.0,1.0,0.0,D,0,1,0,0.0,0.0,0.0
2018-2019,x-00005,2019-02-24,t-00002,t-00057,2.0,0.0,4.0,4.0,1.58,4.14,6.61,1844.55407715,1640.00891113,1,1,9,2,1.0,17,22,2.0,13.0,4.0,5.0,10.0,1.0,0.0,3.0,12.0,7.0,4.0,12.0,3.0,0.0,H,1,0,0,1.0,0.0,0.0
2018-2019,x-00005,2019-02-24,t-00036,t-00033,0.0,0.0,3.0,1.0,3.59,3.45,2.22,1865.41711426,1949.02819824,6,5,9,6,1.0,35,30,2.5555555555555554,16.22222222222222,7.666666666666667,5.0,9.777777777777779,1.7777777777777777,0.1111111111111111,2.234375,16.109375,6.203125,6.203125,9.09375,1.046875,0.046875,D,0,1,0,1.0,0.0,0.0
2018-2019,x-00005,2019-02-26,t-00028,t-00071,1.0,0.0,3.0,0.0,5.56,3.62,1.76,1503.89086914,1672.32177734,-12,6,-8,1,0.0,13,28,0.25,8.25,2.75,2.5,10.5,1.0,0.25,1.2962962962962963,12.88888888888889,4.407407407407407,4.962962962962963,11.37037037037037,1.962962962962963,0.037037037037037035,H,1,0,0,0.0,0.0,0.0
2018-2019,x-00005,2019-02-26,t-00040,t-00014,2.0,0.0,3.0,2.0,2.21,3.23,3.83,1656.79284668,1664.44555664,5,3,4,1,0.0,25,22,1.0,14.333333333333334,4.0,5.0,12.0,0.6666666666666666,0.0,1.0,12.333333333333334,3.6666666666666665,4.666666666666667,10.0,1.6666666666666667,0.0,H,1,0,0,0.0,1.0,0.0
2018-2019,x-00005,2019-02-26,t-00016,t-00025,0.0,3.0,0.0,4.0,3.95,3.37,2.12,1568.64978027,1671.69763184,-5,-5,-9,2,0.0,17,16,0.0,7.0,1.0,3.0,13.0,3.0,0.0,1.0,16.0,8.0,7.0,12.0,0.0,0.0,A,0,0,1,0.0,0.0,0.0
2018-2019,x-00005,2019-02-26,t-00032,t-00012,2.0,1.0,3.0,3.0,1.82,3.52,5.25,1670.48095703,1615.68139648,-7,-6,-5,-6,2.0,28,19,0.0,0.0,0.0,0.0,0.0,0.0,0.0,0.0,0.0,0.0,0.0,0.0,0.0,0.0,H,1,0,0,1.0,0.0,0.0
2018-2019,x-00005,2019-02-27,t-00018,t-00064,2.0,0.0,1.0,0.0,2.38,3.29,3.4,1827.09875488,1907.77807617,-6,4,7,9,-2.0,25,23,1.0,13.0,2.0,4.0,12.0,3.0,0.0,3.0,18.0,9.0,4.0,19.0,0.0,0.0,H,1,0,0,0.0,0.0,1.0
2018-2019,x-00005,2019-02-27,t-00022,t-00036,1.0,3.0,2.0,4.0,3.31,3.32,2.39,1686.28295898,1866.14257812,4,5,0,11,-1.0,22,30,1.2459016393442623,12.639344262295081,3.9836065573770494,5.540983606557377,10.934426229508198,1.7540983606557377,0.03278688524590164,2.3,15.2,7.2,4.8,10.3,1.7,0.1,A,0,0,1,0.0,0.0,1.0
2018-2019,x-00005,2019-02-27,t-00057,t-00026,2.0,0.0,4.0,4.0,2.03,3.43,4.2,1636.47802734,1564.4440918,-2,-6,-3,-8,0.0,23,19,1.25,10.416666666666666,4.25,4.083333333333333,11.083333333333334,1.9166666666666667,0.16666666666666666,1.0,12.466666666666667,4.466666666666667,4.333333333333333,11.933333333333334,1.8,0.06666666666666667,H,1,0,0,0.0,0.0,0.0
2018-2019,x-00005,2019-02-27,t-00033,t-00067,5.0,0.0,10.0,3.0,1.27,6.0,12.79,1948.30285645,1686.38110352,4,4,12,4,5.0,28,14,4.0,11.5,8.5,5.5,9.0,0.5,0.5,0.0,4.5,1.0,3.0,8.0,0.0,0.0,H,1,0,0,1.0,0.0,0.0
2018-2019,x-00005,2019-02-27,t-00035,t-00069,1.0,0.0,7.0,1.0,1.11,11.44,21.23,1984.84216309,1682.66210938,12,-3,11,-6,1.0,33,14,4.0,9.0,6.0,1.0,3.0,0.0,0.0,0.0,9.0,1.0,8.0,6.0,0.0,0.0,H,1,0,0,1.0,0.0,0.0
2018-2019,x-00005,2019-02-27,t-00002,t-00009,5.0,1.0,6.0,5.0,1.4,5.22,8.05,1848.08496094,1672.09594727,4,1,10,-15,3.0,19,18,2.0,20.0,4.0,8.0,9.0,1.0,0.0,1.0,11.0,5.0,5.0,6.0,2.0,0.0,H,1,0,0,1.0,0.0,0.0
2018-2019,x-00005,2019-03-02,t-00009,t-00035,0.0,1.0,0.0,7.0,14.56,8.68,1.18,1666.56054688,1986.2454834,-5,10,8,5,-1.0,19,36,0.6666666666666666,6.0,1.6666666666666667,4.0,7.666666666666667,2.0,0.0,3.0,16.333333333333332,6.333333333333333,5.666666666666667,10.333333333333334,1.3333333333333333,0.3333333333333333,A,0,0,1,0.0,0.0,1.0
2018-2019,x-00005,2019-03-02,t-00071,t-00016,2.0,0.0,6.0,4.0,1.78,3.55,5.59,1661.35351562,1556.60925293,4,-5,0,-2,0.0,21,16,1.0,15.0,4.0,6.0,12.0,2.0,0.0,2.0,17.0,3.0,7.0,3.0,1.0,0.0,H,1,0,0,0.0,0.0,0.0
2018-2019,x-00005,2019-03-02,t-00012,t-00028,1.0,0.0,4.0,4.0,1.78,3.44,5.83,1610.37792969,1514.85913086,-6,-8,-2,-10,0.0,22,14,0.9692307692307692,10.076923076923077,3.1384615384615384,4.323076923076923,11.615384615384615,1.4923076923076923,0.07692307692307693,0.4,9.6,2.8,2.6,10.4,1.2,0.2,H,1,0,0,0.0,1.0,0.0
2018-2019,x-00005,2019-03-02,t-00064,t-00002,1.0,1.0,3.0,4.0,2.02,3.59,4.07,1895.67883301,1853.62036133,1,6,1,-6,1.0,18,20,2.0,11.0,6.0,5.0,17.0,3.0,1.0,4.0,22.0,7.0,8.0,15.0,3.0,0.0,D,0,1,0,1.0,0.0,0.0
2018-2019,x-00005,2019-03-02,t-00069,t-00040,2.0,0.0,4.0,2.0,2.18,3.42,3.74,1681.25866699,1666.51000977,-2,4,1,-6,-1.0,14,22,3.0,7.0,4.0,3.0,10.0,3.0,0.0,0.0,16.0,4.0,7.0,10.0,3.0,0.0,H,1,0,0,0.0,0.0,1.0
2018-2019,x-00005,2019-03-02,t-00014,t-00022,1.0,3.0,4.0,4.0,2.95,3.26,2.66,1654.72839355,1678.99865723,1,3,0,5,1.0,21,21,0.0,6.0,1.0,2.0,10.0,2.0,0.0,1.5,23.0,5.5,6.5,12.5,0.5,0.0,A,0,0,1,1.0,0.0,0.0
2018-2019,x-00005,2019-03-02,t-00036,t-00057,3.0,2.0,6.0,3.0,1.47,4.55,7.8,1873.42687988,1643.35534668,6,-1,6,1,0.0,29,23,2.3636363636363638,15.0,6.909090909090909,4.909090909090909,10.181818181818182,1.8181818181818181,0.09090909090909091,1.3076923076923077,10.692307692307692,4.230769230769231,4.3076923076923075,11.384615384615385,1.7692307692307692,0.15384615384615385,H,1,0,0,0.0,1.0,0.0
2018-2019,x-00005,2019-03-03,t-00026,t-00018,1.0,2.0,5.0,7.0,8.62,4.85,1.43,1557.56677246,1839.19812012,-7,-5,-1,-10,0.0,19,20,0.0,0.0,0.0,0.0,0.0,0.0,0.0,0.0,0.0,0.0,0.0,0.0,0.0,0.0,A,0,0,1,0.0,0.0,0.0
2018-2019,x-00005,2019-03-03,t-00025,t-00033,0.0,0.0,3.0,3.0,6.44,4.09,1.61,1683.73815918,1952.33862305,-1,8,-7,2,0.0,18,29,1.5,9.0,3.5,2.0,10.5,1.0,0.0,2.0,15.0,4.0,5.5,10.0,3.0,0.0,D,0,1,0,0.0,1.0,0.0
2018-2019,x-00005,2019-03-03,t-00067,t-00032,2.0,1.0,5.0,2.0,2.83,3.32,2.75,1682.34533691,1675.78442383,-1,-5,1,-1,1.0,13,25,0.0,0.0,0.0,0.0,0.0,0.0,0.0,0.0,0.0,0.0,0.0,0.0,0.0,0.0,H,1,0,0,1.0,0.0,0.0
2018-2019,x-00005,2019-03-09,t-00057,t-00064,2.0,1.0,4.0,5.0,4.5,3.87,1.84,1647.70959473,1903.76269531,-2,0,0,5,0.0,22,18,1.3571428571428572,10.357142857142858,4.142857142857143,4.5,11.285714285714286,1.7142857142857142,0.14285714285714285,1.9402985074626866,15.044776119402986,5.417910447761194,5.82089552238806,10.164179104477611,1.3582089552238805,0.04477611940298507,H,1,0,0,0.0,1.0,0.0
2018-2019,x-00005,2019-03-09,t-00028,t-00009,0.0,2.0,1.0,5.0,3.15,3.32,2.48,1516.97070312,1670.61340332,-8,-10,-5,-14,3.0,16,12,0.3333333333333333,9.0,3.0,2.6666666666666665,9.666666666666666,1.3333333333333333,0.16666666666666666,1.2537313432835822,12.0,4.149253731343284,5.567164179104478,8.82089552238806,1.492537313432836,0.029850746268656716,A,0,0,1,1.0,0.0,0.0
2018-2019,x-00005,2019-03-09,t-00016,t-00069,2.0,0.0,7.0,2.0,3.01,3.46,2.5,1557.3104248,1696.42602539,-6,3,-8,-8,0.0,18,18,1.0,9.0,5.0,4.0,10.0,2.0,0.0,3.0,17.0,11.0,10.0,10.0,1.0,0.0,H,1,0,0,0.0,0.0,0.0
2018-2019,x-00005,2019-03-09,t-00022,t-00012,1.0,2.0,3.0,3.0,1.89,3.32,5.25,1698.48034668,1621.32861328,5,-4,-2,-6,1.0,22,23,1.3333333333333333,14.333333333333334,5.666666666666667,5.0,10.666666666666666,2.0,0.0,1.6666666666666667,10.333333333333334,3.3333333333333335,6.666666666666667,14.333333333333334,2.0,0.3333333333333333,A,0,0,1,1.0,0.0,0.0
2018-2019,x-00005,2019-03-09,t-00040,t-00025,3.0,2.0,7.0,3.0,2.73,3.1,3.0,1664.4050293,1695.49584961,1,-2,6,1,-1.0,22,16,0.5,10.0,3.5,4.0,13.0,3.0,0.0,2.0,15.5,3.5,8.5,10.0,1.0,0.0,H,1,0,0,0.0,0.0,1.0
2018-2019,x-00005,2019-03-09,t-00032,t-00026,3.0,1.0,8.0,3.0,1.6,4.36,5.9,1676.17419434,1560.92529297,-6,-10,-5,-10,0.0,25,17,1.0,14.0,2.0,5.0,12.0,1.0,0.0,1.0,12.0,5.0,5.0,11.0,2.0,0.0,H,1,0,0,0.0,0.0,0.0
2018-2019,x-00005,2019-03-09,t-00035,t-00067,3.0,1.0,9.0,1.0,1.11,11.44,21.87,1995.25488281,1695.01782227,12,1,13,-1,2.0,39,17,2.0,15.0,7.0,11.0,8.0,1.0,0.0,1.0,11.0,7.0,3.0,4.0,0.0,0.0,H,1,0,0,1.0,0.0,0.0
2018-2019,x-00005,2019-03-10,t-00002,t-00036,2.0,0.0,3.0,4.0,2.42,3.54,3.09,1851.28515625,1903.37463379,5,7,12,9,-2.0,20,26,2.103448275862069,12.172413793103448,4.620689655172414,5.206896551724138,11.137931034482758,1.7241379310344827,0.034482758620689655,2.4166666666666665,15.083333333333334,6.833333333333333,5.25,9.916666666666666,1.8333333333333333,0.08333333333333333,H,1,0,0,0.0,0.0,1.0
2018-2019,x-00005,2019-03-10,t-00018,t-00071,1.0,1.0,6.0,1.0,1.61,3.89,7.04,1855.17749023,1673.71472168,-2,3,7,0,0.0,26,18,1.0,17.0,3.0,5.0,10.0,4.0,0.0,2.0,6.0,2.0,1.0,18.0,4.0,0.0,D,0,1,0,0.0,0.0,0.0
2018-2019,x-00005,2019-03-10,t-00033,t-00014,4.0,2.0,5.0,2.0,1.17,8.19,17.08,1953.64331055,1648.30883789,8,-1,13,1,0.0,29,21,2.0,24.0,8.666666666666666,10.0,7.333333333333333,0.3333333333333333,0.0,1.0,9.333333333333334,4.666666666666667,3.3333333333333335,7.666666666666667,1.0,0.0,H,1,0,0,0.0,1.0,0.0
2018-2019,x-00005,2019-03-16,t-00069,t-00028,4.0,3.0,5.0,5.0,1.53,4.35,6.93,1694.45068359,1520.77307129,1,-5,5,-9,2.0,18,15,1.2333333333333334,11.166666666666666,4.0,4.866666666666666,9.233333333333333,1.7,0.03333333333333333,0.2857142857142857,8.857142857142858,2.7142857142857144,3.142857142857143,10.285714285714286,1.5714285714285714,0.14285714285714285,H,1,0,0,1.0,0.0,0.0
2018-2019,x-00005,2019-03-16,t-00009,t-00040,2.0,2.0,3.0,4.0,2.14,3.56,3.64,1690.96105957,1683.61279297,-6,3,5,-4,0.0,15,27,1.3333333333333333,16.0,5.0,9.0,11.666666666666666,1.3333333333333333,0.0,1.3333333333333333,16.333333333333332,4.666666666666667,6.333333333333333,10.0,2.6666666666666665,0.0,D,0,1,0,0.0,1.0,0.0
2018-2019,x-00005,2019-03-16,t-00014,t-00032,1.0,2.0,2.0,4.0,3.22,3.33,2.43,1658.42419434,1693.50732422,-3,-3,2,-3,1.0,17,27,1.0294117647058822,9.823529411764707,3.235294117647059,4.073529411764706,9.352941176470589,1.8235294117647058,0.014705882352941176,2.0,16.0,5.0,5.5,10.5,0.5,0.0,A,0,0,1,1.0,0.0,0.0
2018-2019,x-00005,2019-03-17,t-00026,t-00033,1.0,2.0,2.0,6.0,13.07,8.33,1.2,1567.74206543,1984.49609375,-10,10,-2,0,0.0,20,28,1.0,9.0,4.0,5.0,12.0,2.0,0.0,2.235294117647059,16.029411764705884,6.117647058823529,6.235294117647059,9.088235294117647,1.088235294117647,0.04411764705882353,A,0,0,1,0.0,0.0,0.0
2018-2019,x-00005,2019-03-17,t-00025,t-00018,2.0,0.0,8.0,5.0,4.68,3.75,1.85,1700.43798828,1866.07897949,-1,2,-3,-10,0.0,15,25,0.0,6.0,1.0,5.0,11.0,3.0,0.0,0.0,15.0,4.0,5.0,7.0,4.0,0.0,H,1,0,0,0.0,1.0,0.0
2018-2019,x-00005,2019-03-30,t-00036,t-00067,2.0,1.0,5.0,8.0,1.41,5.22,7.95,1904.83959961,1705.13781738,4,-1,5,-4,1.0,24,18,2.230769230769231,15.0,6.615384615384615,5.0,10.538461538461538,1.8461538461538463,0.07692307692307693,1.2045454545454546,11.045454545454545,3.8863636363636362,4.818181818181818,11.409090909090908,1.8863636363636365,0.045454545454545456,H,1,0,0,1.0,0.0,0.0
2018-2019,x-00005,2019-03-30,t-00026,t-00035,0.0,2.0,0.0,7.0,18.37,12.03,1.12,1566.27319336,2010.86181641,-8,12,-4,7,0.0,19,36,1.0,8.333333333333334,3.3333333333333335,3.6666666666666665,11.666666666666666,2.0,0.0,2.7205882352941178,17.485294117647058,6.867647058823529,7.588235294117647,8.794117647058824,1.3970588235294117,0.04411764705882353,A,0,0,1,0.0,0.0,0.0
2018-2019,x-00005,2019-03-30,t-00014,t-00071,2.0,0.0,1.0,1.0,2.89,3.16,2.78,1649.65637207,1691.97375488,-6,1,-1,-2,0.0,14,15,0.0,7.0,2.0,2.0,9.0,4.0,0.0,1.0,30.0,7.0,8.0,10.0,2.0,0.0,H,1,0,0,0.0,0.0,0.0
2018-2019,x-00005,2019-03-30,t-00022,t-00028,2.0,0.0,5.0,5.0,1.47,4.42,8.32,1698.70129395,1517.85498047,2,-5,-2,-9,-3.0,19,14,1.265625,12.703125,3.9375,5.5625,10.8125,1.75,0.03125,0.625,9.625,3.0,3.75,10.875,1.625,0.125,H,1,0,0,0.0,0.0,1.0
2018-2019,x-00005,2019-03-30,t-00032,t-00009,2.0,0.0,4.0,2.0,1.83,3.93,4.45,1702.27514648,1688.88330078,0,-3,-2,-9,0.0,22,16,2.0,13.666666666666666,4.666666666666667,4.666666666666667,10.333333333333334,0.6666666666666666,0.3333333333333333,1.2753623188405796,11.91304347826087,4.144927536231884,5.565217391304348,8.826086956521738,1.5072463768115942,0.028985507246376812,H,1,0,0,0.0,1.0,0.0
2018-2019,x-00005,2019-03-30,t-00069,t-00025,0.0,2.0,1.0,9.0,2.77,3.35,2.78,1697.36877441,1715.33312988,2,3,6,1,2.0,19,22,3.0,9.0,4.0,2.0,12.0,5.0,0.0,1.0,16.0,4.0,4.0,15.0,2.0,0.0,A,0,0,1,1.0,0.0,0.0
2018-2019,x-00005,2019-03-30,t-00012,t-00057,0.0,1.0,1.0,2.0,2.56,3.08,3.27,1645.25769043,1672.51586914,-1,-1,-1,-2,0.0,20,22,0.9850746268656716,10.029850746268657,3.1492537313432836,4.2835820895522385,11.701492537313433,1.5522388059701493,0.07462686567164178,1.4,10.466666666666667,4.133333333333334,4.266666666666667,11.6,1.8666666666666667,0.13333333333333333,A,0,0,1,0.0,1.0,0.0
2018-2019,x-00005,2019-03-31,t-00016,t-00018,1.0,2.0,3.0,3.0,9.28,4.7,1.42,1583.43566895,1851.18371582,-6,-5,-3,-13,0.0,20,23,1.0,6.0,2.0,4.0,10.0,0.0,0.0,4.0,18.0,7.0,5.0,8.0,0.0,0.0,A,0,0,1,0.0,0.0,0.0
2018-2019,x-00005,2019-03-31,t-00033,t-00064,2.0,1.0,3.0,2.0,1.58,4.42,6.04,1985.96496582,1903.10632324,8,-2,11,0,0.0,25,19,1.6666666666666667,12.666666666666666,6.666666666666667,4.0,13.0,1.3333333333333333,0.0,2.3333333333333335,12.666666666666666,5.0,5.0,9.333333333333334,0.3333333333333333,0.0,H,1,0,0,0.0,1.0,0.0
2018-2019,x-00005,2019-04-01,t-00002,t-00040,2.0,0.0,4.0,1.0,1.46,4.66,8.19,1888.32275391,1685.69055176,9,3,11,-4,1.0,21,28,2.0,12.0,2.0,4.0,11.0,0.0,0.0,1.0,4.0,2.0,10.0,13.0,0.0,0.0,H,1,0,0,1.0,0.0,0.0
2018-2019,x-00005,2019-04-02,t-00067,t-00026,4.0,1.0,7.0,7.0,1.76,3.84,5.09,1702.65136719,1564.53796387,-3,-8,1,-9,0.0,24,14,1.2,11.244444444444444,3.977777777777778,4.822222222222222,11.355555555555556,1.8888888888888888,0.044444444444444446,0.75,7.5,2.5,2.75,9.75,2.0,0.0,H,1,0,0,0.0,0.0,0.0
2018-2019,x-00005,2019-04-02,t-00071,t-00036,2.0,1.0,2.0,4.0,3.19,3.18,2.53,1681.4074707,1907.3260498,-1,2,4,5,0.0,10,22,1.2258064516129032,12.193548387096774,4.096774193548387,4.870967741935484,11.35483870967742,1.967741935483871,0.03225806451612903,2.2142857142857144,14.5,6.5,4.857142857142857,10.785714285714286,1.7857142857142858,0.07142857142857142,H,1,0,0,0.0,0.0,0.0
2018-2019,x-00005,2019-04-03,t-00018,t-00012,3.0,0.0,4.0,1.0,1.3,5.54,12.69,1854.65600586,1636.11437988,2,-2,8,-3,2.0,22,17,2.0,10.0,3.0,1.0,6.0,2.0,0.0,1.0,6.0,2.0,4.0,14.0,2.0,0.0,H,1,0,0,1.0,0.0,0.0
2018-2019,x-00005,2019-04-03,t-00035,t-00016,2.0,0.0,11.0,1.0,1.08,14.62,25.88,2012.59692383,1579.96350098,12,-8,14,-4,0.0,39,20,5.0,21.0,10.0,9.0,4.0,1.0,0.0,0.0,2.0,2.0,1.0,6.0,1.0,0.0,H,1,0,0,0.0,0.0,0.0
2018-2019,x-00005,2019-04-03,t-00064,t-00022,2.0,0.0,10.0,1.0,1.47,4.63,7.59,1898.61083984,1702.66918945,-5,4,3,6,1.0,16,19,1.0,12.333333333333334,2.6666666666666665,9.666666666666666,6.666666666666667,0.6666666666666666,0.0,0.0,9.0,3.3333333333333335,7.0,10.333333333333334,1.0,0.0,H,1,0,0,1.0,0.0,0.0
2018-2019,x-00005,2019-04-05,t-00057,t-00033,1.0,3.0,1.0,5.0,8.81,5.24,1.39,1681.65917969,1990.46044922,1,9,3,2,-2.0,17,27,1.375,10.3125,4.0,4.3125,11.5,1.875,0.125,2.2285714285714286,16.0,6.071428571428571,6.3428571428571425,9.0,1.0714285714285714,0.04285714285714286,A,0,0,1,0.0,0.0,1.0
2018-2019,x-00005,2019-04-06,t-00028,t-00032,1.0,4.0,4.0,9.0,5.42,4.08,1.67,1513.88720703,1710.60510254,-5,5,-6,-3,0.0,18,21,0.5555555555555556,10.222222222222221,3.2222222222222223,3.888888888888889,10.444444444444445,1.4444444444444444,0.1111111111111111,2.0,14.75,4.5,5.0,9.25,0.5,0.25,A,0,0,1,0.0,1.0,0.0
2018-2019,x-00005,2019-04-06,t-00040,t-00022,0.0,1.0,5.0,1.0,2.81,3.15,2.87,1682.22216797,1699.11755371,-1,-1,9,2,1.0,17,15,0.6666666666666666,8.0,4.666666666666667,4.666666666666667,10.333333333333334,2.0,0.0,0.3333333333333333,15.666666666666666,3.3333333333333335,6.333333333333333,11.0,1.3333333333333333,0.0,A,0,0,1,1.0,0.0,0.0
2018-2019,x-00005,2019-04-06,t-00009,t-00014,1.0,3.0,2.0,3.0,2.1,3.51,3.83,1680.55334473,1660.22265625,-5,-5,5,-2,-1.0,15,11,1.0,15.0,4.0,6.666666666666667,8.0,0.0,0.0,2.3333333333333335,11.333333333333334,4.333333333333333,5.333333333333333,14.0,1.0,0.0,A,0,0,1,0.0,0.0,1.0
2018-2019,x-00005,2019-04-07,t-00025,t-00002,1.0,0.0,6.0,2.0,2.82,3.6,2.59,1728.38818359,1891.7911377,6,10,0,-6,-3.0,27,21,0.0,9.0,6.0,9.0,12.0,1.0,0.0,2.0,9.0,5.0,5.0,17.0,2.0,0.0,H,1,0,0,0.0,0.0,1.0
2018-2019,x-00005,2019-04-08,t-00018,t-00069,2.0,0.0,7.0,2.0,1.25,6.86,13.14,1858.56970215,1684.31384277,3,-2,11,-8,0.0,25,13,0.0,17.0,6.0,8.0,9.0,1.0,0.0,0.0,6.0,1.0,1.0,11.0,2.0,0.0,H,1,0,0,0.0,1.0,0.0
2018-2019,x-00005,2019-04-12,t-00032,t-00040,0.0,1.0,5.0,5.0,1.68,3.86,5.98,1722.99194336,1676.57141113,7,-4,1,-5,-1.0,27,19,2.4,15.4,5.4,5.0,9.6,0.4,0.2,0.9859154929577465,11.704225352112676,3.76056338028169,4.647887323943662,11.098591549295774,1.4366197183098592,0.056338028169014086,A,0,0,1,0.0,0.0,1.0
2018-2019,x-00005,2019-04-13,t-00012,t-00009,0.0,5.0,1.0,7.0,2.35,3.29,3.42,1636.04333496,1669.70800781,-3,-3,-3,-9,0.0,12,12,1.0,11.333333333333334,4.333333333333333,4.666666666666667,14.333333333333334,0.6666666666666666,0.3333333333333333,2.0,18.333333333333332,4.666666666666667,8.0,7.333333333333333,1.0,0.0,A,0,0,1,0.0,1.0,0.0
2018-2019,x-00005,2019-04-13,t-00014,t-00016,2.0,0.0,7.0,2.0,1.88,3.57,4.76,1678.75354004,1582.90344238,-1,-6,0,-7,0.0,12,15,2.0,3.0,2.0,2.0,15.0,3.0,0.0,1.0,19.0,5.0,10.0,11.0,1.0,0.0,H,1,0,0,0.0,0.0,0.0
2018-2019,x-00005,2019-04-13,t-00057,t-00071,3.0,1.0,6.0,2.0,2.79,3.17,2.87,1681.49572754,1697.3927002,1,0,0,-1,0.0,14,10,1.3529411764705883,10.352941176470589,3.823529411764706,4.470588235294118,11.294117647058824,1.8823529411764706,0.11764705882352941,1.25,12.09375,4.03125,4.8125,11.15625,1.9375,0.03125,H,1,0,0,0.0,0.0,0.0
2018-2019,x-00005,2019-04-13,t-00064,t-00028,4.0,0.0,5.0,1.0,1.2,7.01,17.59,1912.01721191,1509.18603516,-2,-9,6,-11,2.0,20,19,1.9142857142857144,15.157142857142857,5.428571428571429,5.871428571428571,10.085714285714285,1.3571428571428572,0.04285714285714286,0.6,10.2,3.3,4.3,10.7,1.6,0.1,H,1,0,0,1.0,0.0,0.0
2018-2019,x-00005,2019-04-13,t-00026,t-00025,2.0,0.0,5.0,1.0,4.88,4.2,1.72,1562.52294922,1742.63916016,-9,4,-5,4,0.0,17,29,0.8,9.4,3.4,3.0,8.8,2.0,0.0,1.3859649122807018,12.052631578947368,3.754385964912281,5.087719298245614,11.631578947368421,1.5614035087719298,0.14035087719298245,H,1,0,0,0.0,0.0,0.0
2018-2019,x-00005,2019-04-13,t-00036,t-00069,2.0,1.0,4.0,4.0,1.33,5.93,9.7,1894.33374023,1684.21875,1,-3,3,-8,4.0,23,14,2.1333333333333333,14.733333333333333,6.333333333333333,4.866666666666666,10.8,1.8,0.13333333333333333,1.2424242424242424,11.0,3.878787878787879,4.818181818181818,9.030303030303031,1.606060606060606,0.030303030303030304,H,1,0,0,1.0,0.0,0.0
2018-2019,x-00005,2019-04-14,t-00033,t-00018,2.0,0.0,7.0,3.0,1.75,3.81,5.4,2002.90039062,1869.91918945,6,4,11,-10,0.0,22,25,1.0,13.0,6.0,4.0,9.0,2.0,0.0,1.0,10.0,4.0,4.0,7.0,0.0,0.0,H,1,0,0,0.0,1.0,0.0
2018-2019,x-00005,2019-04-14,t-00022,t-00035,1.0,3.0,3.0,6.0,13.3,7.06,1.24,1712.45385742,2011.33056641,2,8,1,7,0.0,14,41,1.0,6.666666666666667,1.3333333333333333,3.0,9.0,3.3333333333333335,0.0,2.3333333333333335,19.666666666666668,6.0,9.666666666666666,8.0,2.3333333333333335,0.0,A,0,0,1,0.0,1.0,0.0
2018-2019,x-00005,2019-04-15,t-00067,t-00002,0.0,1.0,3.0,6.0,3.63,3.74,2.09,1712.35192871,1893.81140137,-4,7,5,-3,1.0,24,19,0.0,13.0,4.0,6.0,17.0,2.0,0.0,2.0,9.0,2.0,6.0,11.0,2.0,0.0,A,0,0,1,1.0,0.0,0.0
2018-2019,x-00005,2019-04-16,t-00012,t-00016,0.0,2.0,2.0,3.0,2.02,3.26,4.51,1616.32910156,1576.8939209,-7,-5,-7,-6,0.0,10,17,1.0,7.0,3.0,1.0,21.0,1.0,1.0,2.0,20.0,6.0,4.0,7.0,2.0,0.0,A,0,0,1,0.0,0.0,0.0
2018-2019,x-00005,2019-04-20,t-00069,t-00032,2.0,2.0,3.0,5.0,3.29,3.64,2.25,1683.62426758,1713.60144043,-6,7,3,1,0.0,14,30,1.2352941176470589,11.205882352941176,3.8823529411764706,5.0,8.911764705882353,1.588235294117647,0.029411764705882353,2.0,14.833333333333334,5.333333333333333,4.5,9.0,0.6666666666666666,0.16666666666666666,D,0,1,0,0.0,1.0,0.0
2018-2019,x-00005,2019-04-20,t-00028,t-00067,1.0,2.0,3.0,6.0,4.08,3.54,2.0,1509.32873535,1708.90661621,-12,0,-6,-4,1.0,16,24,0.5454545454545454,9.909090909090908,3.090909090909091,4.090909090909091,10.818181818181818,1.6363636363636365,0.09090909090909091,1.2340425531914894,11.319148936170214,4.0212765957446805,4.872340425531915,11.382978723404255,1.9148936170212767,0.06382978723404255,A,0,0,1,1.0,0.0,0.0
2018-2019,x-00005,2019-04-20,t-00040,t-00057,3.0,1.0,6.0,3.0,2.52,3.06,3.38,1689.43481445,1692.81945801,-1,1,5,-1,3.0,22,16,0.9861111111111112,11.694444444444445,3.7777777777777777,4.625,11.083333333333334,1.4583333333333333,0.05555555555555555,1.4444444444444444,10.5,3.9444444444444446,4.444444444444445,11.38888888888889,1.8333333333333333,0.1111111111111111,H,1,0,0,1.0,0.0,0.0
2018-2019,x-00005,2019-04-20,t-00009,t-00026,0.0,1.0,5.0,5.0,1.76,4.09,4.66,1691.15869141,1579.54846191,3,-6,1,-11,0.0,19,17,1.3055555555555556,11.86111111111111,4.125,5.402777777777778,8.875,1.5555555555555556,0.027777777777777776,1.0,9.833333333333334,3.6666666666666665,3.6666666666666665,8.666666666666666,2.0,0.0,A,0,0,1,0.0,0.0,0.0
2018-2019,x-00005,2019-04-20,t-00035,t-00064,1.0,0.0,4.0,4.0,1.27,6.62,11.39,2012.11706543,1920.52038574,9,4,13,-4,3.0,40,25,2.6666666666666665,16.666666666666668,7.666666666666667,6.0,12.666666666666666,2.6666666666666665,0.0,0.6666666666666666,6.333333333333333,2.0,3.0,14.666666666666666,3.0,0.0,H,1,0,0,1.0,0.0,0.0
2018-2019,x-00005,2019-04-20,t-00071,t-00012,0.0,0.0,5.0,0.0,1.96,3.17,5.02,1689.54187012,1602.36035156,-1,-10,7,-6,0.0,12,8,0.0,25.0,7.0,10.0,8.0,0.0,0.0,1.0,2.0,1.0,1.0,11.0,3.0,0.0,D,0,1,0,0.0,0.0,0.0
2018-2019,x-00005,2019-04-21,t-00016,t-00033,0.0,2.0,2.0,6.0,14.55,8.03,1.19,1594.33569336,2013.81982422,-1,8,-4,3,0.0,16,26,1.0,2.0,1.0,0.0,4.0,0.0,0.0,4.0,19.0,7.0,8.0,6.0,0.0,0.0,A,0,0,1,0.0,0.0,0.0
2018-2019,x-00005,2019-04-21,t-00025,t-00036,4.0,0.0,8.0,1.0,3.17,3.55,2.37,1729.08654785,1892.70043945,2,0,-1,3,-2.0,27,23,1.3620689655172413,11.982758620689655,3.706896551724138,5.051724137931035,11.60344827586207,1.5517241379310345,0.13793103448275862,2.125,14.6875,6.1875,4.75,11.0,1.75,0.125,H,1,0,0,0.0,0.0,1.0
2018-2019,x-00005,2019-04-21,t-00002,t-00022,2.0,3.0,5.0,7.0,1.52,4.7,6.55,1906.23242188,1709.96728516,4,-2,11,4,3.0,19,13,2.0,7.0,2.0,4.0,16.0,2.0,0.0,2.0,16.0,3.0,6.0,10.0,1.0,0.0,A,0,0,1,1.0,0.0,0.0
2018-2019,x-00005,2019-04-22,t-00018,t-00014,2.0,2.0,9.0,3.0,1.24,6.46,14.91,1868.23144531,1686.49951172,2,3,12,0,-1.0,22,15,4.0,24.0,8.0,4.0,10.0,2.0,0.0,0.0,7.0,1.0,4.0,14.0,4.0,0.0,D,0,1,0,0.0,0.0,1.0
2018-2019,x-00005,2019-04-23,t-00067,t-00057,1.0,1.0,4.0,4.0,2.23,3.5,3.52,1713.80627441,1683.56860352,0,0,4,-4,0.0,25,16,1.25,11.3125,4.0625,4.8125,11.333333333333334,1.9166666666666667,0.0625,1.4210526315789473,10.736842105263158,3.8947368421052633,4.7894736842105265,11.368421052631579,1.8421052631578947,0.10526315789473684,D,0,1,0,0.0,1.0,0.0
2018-2019,x-00005,2019-04-23,t-00064,t-00012,1.0,0.0,5.0,1.0,1.26,6.34,13.48,1916.35754395,1606.59057617,3,-11,9,-5,2.0,26,5,1.6666666666666667,19.0,7.0,7.0,6.333333333333333,0.6666666666666666,0.0,0.6666666666666666,7.666666666666667,4.333333333333333,3.3333333333333335,10.333333333333334,1.3333333333333333,0.0,H,1,0,0,1.0,0.0,0.0
2018-2019,x-00005,2019-04-24,t-00036,t-00035,0.0,2.0,1.0,5.0,6.85,4.78,1.5,1871.63256836,2016.2800293,-5,9,3,6,-1.0,18,37,2.0,14.235294117647058,5.882352941176471,4.588235294117647,10.764705882352942,1.7058823529411764,0.11764705882352941,2.6805555555555554,17.708333333333332,6.875,7.597222222222222,8.819444444444445,1.3333333333333333,0.041666666666666664,A,0,0,1,0.0,0.0,1.0
2018-2019,x-00005,2019-04-24,t-00071,t-00002,3.0,1.0,3.0,1.0,2.77,3.45,2.72,1685.31152344,1892.03210449,-3,3,6,-1,0.0,11,20,1.0,12.0,5.0,2.0,16.0,2.0,0.0,1.0,10.0,3.0,11.0,9.0,2.0,0.0,H,1,0,0,0.0,0.0,0.0
2018-2019,x-00005,2019-04-26,t-00033,t-00028,5.0,0.0,7.0,1.0,1.08,14.1,34.97,2015.98327637,1504.42907715,8,-11,13,-10,3.0,27,18,2.232876712328767,16.013698630136986,6.068493150684931,6.410958904109589,8.863013698630137,1.095890410958904,0.0410958904109589,0.5833333333333334,10.166666666666666,3.0833333333333335,3.9166666666666665,11.166666666666666,1.6666666666666667,0.08333333333333333,H,1,0,0,1.0,0.0,0.0
2018-2019,x-00005,2019-04-27,t-00026,t-00016,1.0,0.0,2.0,8.0,2.21,3.69,3.35,1591.83703613,1592.17224121,-3,-5,-5,-3,0.0,19,11,1.0,10.857142857142858,3.857142857142857,4.142857142857143,10.0,2.142857142857143,0.0,0.8571428571428571,10.657142857142857,3.0285714285714285,4.371428571428571,10.17142857142857,1.7714285714285714,0.02857142857142857,H,1,0,0,0.0,0.0,0.0
2018-2019,x-00005,2019-04-27,t-00057,t-00009,3.0,3.0,7.0,5.0,1.81,3.97,4.58,1686.41711426,1678.87011719,-1,0,2,-2,1.0,16,19,1.4,10.6,3.9,4.75,11.5,1.85,0.1,1.2876712328767124,11.904109589041095,4.136986301369863,5.36986301369863,8.904109589041095,1.547945205479452,0.0273972602739726,D,0,1,0,1.0,0.0,0.0
2018-2019,x-00005,2019-04-27,t-00067,t-00071,1.0,2.0,1.0,4.0,2.73,3.26,2.87,1710.9576416,1701.61376953,2,-1,4,-5,0.0,28,13,2.0,9.0,3.0,2.0,13.0,1.0,0.0,0.0,10.0,1.0,8.0,23.0,3.0,0.0,A,0,0,1,0.0,0.0,0.0
2018-2019,x-00005,2019-04-27,t-00022,t-00025,0.0,0.0,0.0,3.0,3.05,3.49,2.46,1724.16760254,1750.15441895,0,7,-3,1,0.0,17,32,1.0,10.5,3.5,4.5,15.5,1.5,0.0,1.5,13.5,3.0,8.0,15.5,1.5,0.5,D,0,1,0,0.0,1.0,0.0
2018-2019,x-00005,2019-04-27,t-00064,t-00069,0.0,1.0,4.0,7.0,1.36,5.55,8.95,1917.69677734,1682.4876709,5,-4,9,-6,0.0,26,15,1.0,10.0,2.0,6.0,10.0,0.0,0.0,0.0,13.0,4.0,10.0,8.0,3.0,0.0,A,0,0,1,0.0,1.0,0.0
2018-2019,x-00005,2019-04-27,t-00012,t-00040,1.0,1.0,2.0,1.0,2.25,3.29,3.68,1605.25134277,1698.68579102,-11,0,-9,-3,1.0,5,21,0.6666666666666666,8.333333333333334,2.6666666666666665,3.3333333333333335,11.0,2.0,0.0,0.0,18.333333333333332,4.333333333333333,7.0,10.666666666666666,1.0,0.0,D,0,1,0,1.0,0.0,0.0
2018-2019,x-00005,2019-04-28,t-00014,t-00035,0.0,1.0,0.0,7.0,18.2,9.44,1.16,1692.68444824,2024.86499023,5,9,2,9,0.0,16,33,0.3333333333333333,6.333333333333333,1.0,3.0,6.666666666666667,3.0,0.0,3.0,19.666666666666668,9.0,9.0,9.0,1.6666666666666667,0.0,A,0,0,1,0.0,1.0,0.0
2018-2019,x-00005,2019-04-28,t-00032,t-00002,3.0,0.0,12.0,1.0,2.6,3.65,2.77,1714.73815918,1875.72998047,5,-1,1,-1,2.0,27,18,2.0,14.285714285714286,5.285714285714286,5.0,9.0,0.5714285714285714,0.14285714285714285,1.9714285714285715,12.085714285714285,4.428571428571429,5.285714285714286,11.057142857142857,1.8571428571428572,0.02857142857142857,H,1,0,0,1.0,0.0,0.0
2018-2019,x-00005,2019-04-28,t-00036,t-00018,1.0,1.0,5.0,3.0,2.77,3.38,2.76,1863.04760742,1862.04663086,-5,4,1,-8,1.0,15,26,1.8888888888888888,14.11111111111111,5.611111111111111,4.388888888888889,10.722222222222221,1.7222222222222223,0.1111111111111111,1.6857142857142857,15.914285714285715,5.2,5.6571428571428575,8.885714285714286,1.3142857142857143,0.0,D,0,1,0,1.0,0.0,0.0
2018-2019,x-00005,2019-05-03,t-00025,t-00014,2.0,0.0,6.0,1.0,1.71,3.85,5.56,1747.39538574,1686.12341309,5,5,5,0,-1.0,27,14,2.5,12.0,4.0,6.0,15.5,2.0,0.5,1.0,9.5,4.5,4.0,10.5,1.5,0.0,H,1,0,0,0.0,0.0,1.0
2018-2019,x-00005,2019-05-04,t-00069,t-00057,3.0,0.0,6.0,1.0,2.4,3.69,3.0,1693.11535645,1680.08666992,-4,-2,3,-4,3.0,17,21,2.0,16.0,5.0,5.0,3.0,0.0,0.0,1.0,11.0,5.0,4.0,10.0,2.0,0.0,H,1,0,0,1.0,0.0,0.0
2018-2019,x-00005,2019-05-04,t-00040,t-00033,2.0,3.0,7.0,4.0,9.8,5.56,1.34,1693.99401855,2000.27160645,0,12,6,5,0.0,18,28,0.3333333333333333,7.0,3.0,2.0,9.666666666666666,0.3333333333333333,0.0,2.3333333333333335,15.666666666666666,4.333333333333333,7.666666666666667,6.666666666666667,0.3333333333333333,0.0,A,0,0,1,0.0,1.0,0.0
2018-2019,x-00005,2019-05-04,t-00071,t-00026,1.0,0.0,6.0,2.0,1.52,4.39,7.01,1707.67565918,1593.98291016,2,-1,5,-8,0.0,16,19,1.2777777777777777,12.444444444444445,3.9722222222222223,5.194444444444445,10.777777777777779,1.9166666666666667,0.027777777777777776,1.0,10.5,3.625,4.875,10.0,1.875,0.0,H,1,0,0,0.0,0.0,0.0
2018-2019,x-00005,2019-05-04,t-00016,t-00022,2.0,3.0,8.0,7.0,2.53,3.79,2.75,1581.8704834,1718.77075195,-5,-2,-8,5,0.0,16,12,0.0,9.0,4.0,1.0,11.0,3.0,0.0,0.0,31.0,5.0,12.0,9.0,0.0,0.0,A,0,0,1,0.0,0.0,0.0
2018-2019,x-00005,2019-05-04,t-00009,t-00064,1.0,0.0,6.0,5.0,5.99,4.75,1.54,1677.0447998,1888.15014648,0,5,-4,-6,-3.0,21,28,0.3333333333333333,11.0,2.6666666666666665,4.333333333333333,8.333333333333334,1.6666666666666667,0.0,3.3333333333333335,13.333333333333334,7.0,5.666666666666667,6.666666666666667,1.3333333333333333,0.0,H,1,0,0,0.0,0.0,1.0
2018-2019,x-00005,2019-05-05,t-00002,t-00012,1.0,1.0,8.0,5.0,1.27,6.31,12.29,1862.13378906,1601.78723145,-6,-8,9,-4,2.0,15,6,1.0,7.0,4.0,9.0,4.0,1.0,0.0,1.0,12.0,3.0,4.0,10.0,2.0,0.0,D,0,1,0,1.0,0.0,0.0
2018-2019,x-00005,2019-05-05,t-00018,t-00067,3.0,0.0,9.0,3.0,1.31,5.98,10.83,1862.09265137,1696.73986816,3,2,7,-3,2.0,26,21,2.0,10.0,4.0,4.0,5.0,0.0,0.0,1.0,10.0,2.0,3.0,15.0,1.0,0.0,H,1,0,0,1.0,0.0,0.0
2018-2019,x-00005,2019-05-05,t-00028,t-00036,1.0,1.0,3.0,7.0,9.96,5.76,1.33,1499.45239258,1856.98010254,-15,-6,-6,-2,1.0,14,15,0.5384615384615384,9.76923076923077,2.923076923076923,3.923076923076923,11.384615384615385,1.5384615384615385,0.07692307692307693,1.8421052631578947,13.736842105263158,5.578947368421052,4.473684210526316,10.631578947368421,1.7894736842105263,0.10526315789473684,D,0,1,0,1.0,0.0,0.0
2018-2019,x-00005,2019-05-06,t-00035,t-00032,1.0,0.0,5.0,2.0,1.17,9.36,15.0,2023.2701416,1728.4777832,8,7,12,1,4.0,33,35,2.6486486486486487,17.675675675675677,6.851351351351352,7.486486486486487,8.81081081081081,1.337837837837838,0.04054054054054054,2.125,15.5,6.125,5.375,9.5,0.875,0.125,H,1,0,0,1.0,0.0,0.0
2018-2019,x-00005,2019-05-12,t-00012,t-00035,1.0,4.0,2.0,9.0,13.17,7.24,1.22,1623.02709961,2038.48815918,-3,7,-7,8,-2.0,10,27,0.3333333333333333,5.333333333333333,2.0,3.0,7.666666666666667,1.3333333333333333,0.0,2.3333333333333335,20.333333333333332,6.333333333333333,8.0,6.0,0.6666666666666666,0.0,A,0,0,1,0.0,0.0,1.0
2018-2019,x-00005,2019-05-12,t-00067,t-00069,1.0,4.0,8.0,9.0,2.11,3.86,3.41,1705.56555176,1717.17175293,-4,1,2,-5,2.0,17,22,2.0,11.0,5.0,4.0,11.0,2.0,0.0,0.0,18.0,7.0,10.0,9.0,3.0,0.0,A,0,0,1,1.0,0.0,0.0
2018-2019,x-00005,2019-05-12,t-00036,t-00016,0.0,2.0,10.0,4.0,1.3,6.06,9.71,1864.02929688,1589.28686523,-5,-4,1,-5,0.0,18,23,5.0,17.0,9.0,7.0,13.0,1.0,0.0,1.0,9.0,3.0,4.0,13.0,2.0,0.0,A,0,0,1,0.0,0.0,0.0
2018-2019,x-00005,2019-05-12,t-00057,t-00028,1.0,1.0,3.0,3.0,1.37,5.36,8.49,1683.68078613,1520.05395508,-3,-13,3,-13,0.0,21,12,1.4090909090909092,11.136363636363637,3.909090909090909,5.045454545454546,11.318181818181818,1.8181818181818181,0.09090909090909091,0.5714285714285714,9.571428571428571,2.9285714285714284,3.857142857142857,11.285714285714286,1.5,0.07142857142857142,D,0,1,0,0.0,1.0,0.0
2018-2019,x-00005,2019-05-12,t-00026,t-00040,0.0,4.0,2.0,6.0,2.49,3.55,2.93,1604.00646973,1704.90222168,0,1,-1,-3,0.0,21,24,0.8888888888888888,10.0,3.4444444444444446,4.444444444444445,10.555555555555555,2.0,0.0,1.0266666666666666,11.733333333333333,3.8133333333333335,4.573333333333333,10.973333333333333,1.4533333333333334,0.05333333333333334,A,0,0,1,0.0,0.0,0.0
2018-2019,x-00005,2019-05-12,t-00022,t-00009,5.0,3.0,8.0,8.0,1.79,4.4,4.16,1739.00500488,1702.40527344,1,3,-3,1,0.0,18,25,1.6666666666666667,15.666666666666666,5.333333333333333,4.0,11.666666666666666,3.6666666666666665,0.0,2.0,14.0,5.0,5.666666666666667,10.333333333333334,2.3333333333333335,0.0,H,1,0,0,0.0,1.0,0.0
2018-2019,x-00005,2019-05-12,t-00064,t-00025,2.0,2.0,3.0,9.0,1.91,3.81,4.15,1906.6829834,1768.24365234,2,5,6,2,4.0,23,24,3.5,12.5,5.0,1.5,8.5,1.5,0.5,1.5,8.0,2.5,4.5,14.5,2.0,0.0,D,0,1,0,1.0,0.0,0.0
2018-2019,x-00005,2019-05-12,t-00033,t-00071,2.0,0.0,5.0,2.0,1.32,5.89,9.48,2041.96081543,1725.30273438,12,2,15,-4,0.0,29,20,2.0,15.0,6.0,10.0,3.0,0.0,0.0,0.0,11.0,5.0,1.0,7.0,0.0,0.0,H,1,0,0,0.0,0.0,0.0
2018-2019,x-00005,2019-05-12,t-00032,t-00018,0.0,0.0,3.0,4.0,2.42,3.63,2.98,1740.91040039,1874.41162109,4,3,7,-2,-1.0,33,31,1.8888888888888888,14.555555555555555,5.666666666666667,4.777777777777778,9.0,1.0,0.1111111111111111,1.7027027027027026,16.0,5.243243243243243,5.675675675675675,8.945945945945946,1.2972972972972974,0.0,D,0,1,0,0.0,0.0,1.0
2018-2019,x-00005,2019-05-12,t-00014,t-00002,1.0,3.0,5.0,6.0,2.52,3.69,2.8,1692.92578125,1877.94006348,1,-5,0,-5,-1.0,14,21,1.0,7.0,2.0,3.0,14.0,5.0,0.0,3.0,10.0,6.0,1.0,10.0,2.0,0.0,A,0,0,1,0.0,0.0,1.0
2019-2020,x-00005,2019-08-09,t-00033,t-00041,4.0,1.0,7.0,5.0,1.14,10.43,19.63,2050.40185547,1634.85314941,12,0,12,0,0.0,29,0,0.0,0.0,0.0,0.0,0.0,0.0,0.0,0.0,0.0,0.0,0.0,0.0,0.0,0.0,H,1,0,0,0.0,0.0,0.0
2019-2020,x-00005,2019-08-10,t-00064,t-00003,3.0,1.0,7.0,4.0,1.39,5.35,8.42,1894.99633789,1616.38537598,-2,0,6,0,0.0,21,0,0.0,0.0,0.0,0.0,0.0,0.0,0.0,0.0,0.0,0.0,0.0,0.0,0.0,0.0,H,1,0,0,0.0,0.0,0.0
2019-2020,x-00005,2019-08-10,t-00067,t-00012,0.0,3.0,3.0,3.0,2.05,3.38,4.12,1689.49072266,1620.44067383,-6,-4,-2,-3,2.0,22,10,0.0,0.0,0.0,0.0,0.0,0.0,0.0,0.0,0.0,0.0,0.0,0.0,0.0,0.0,A,0,0,1,1.0,1.0,0.0
2019-2020,x-00005,2019-08-10,t-00009,t-00055,1.0,1.0,3.0,3.0,1.98,3.67,4.06,1695.07556152,1623.74536133,3,0,-3,0,0.0,31,0,0.0,0.0,0.0,0.0,0.0,0.0,0.0,0.0,0.0,0.0,0.0,0.0,0.0,0.0,D,0,1,0,0.0,0.0,0.0
2019-2020,x-00005,2019-08-10,t-00022,t-00025,0.0,0.0,2.0,3.0,3.37,3.45,2.27,1746.71411133,1773.84375,2,4,1,-1,0.0,25,27,0.6666666666666666,9.666666666666666,2.3333333333333335,4.666666666666667,13.333333333333334,1.6666666666666667,0.0,1.0,16.333333333333332,3.0,8.666666666666666,15.333333333333334,1.0,0.3333333333333333,D,0,1,0,0.0,2.0,0.0
2019-2020,x-00005,2019-08-10,t-00069,t-00035,0.0,5.0,3.0,9.0,11.11,6.68,1.27,1733.62585449,2041.45385742,6,8,4,10,-7.0,29,30,0.0,5.5,1.0,5.0,6.0,1.0,0.0,2.5,14.5,6.5,6.5,2.5,0.0,0.0,A,0,0,1,0.0,0.0,2.0
2019-2020,x-00005,2019-08-10,t-00014,t-00057,3.0,0.0,4.0,3.0,2.71,3.19,2.9,1685.84460449,1677.9675293,-3,-5,0,-5,0.0,16,18,1.0,15.0,6.0,4.0,10.0,3.0,0.0,1.0,10.0,4.0,2.0,9.0,1.0,0.0,H,1,0,0,0.0,2.0,0.0
2019-2020,x-00005,2019-08-11,t-00040,t-00002,0.0,1.0,2.0,2.0,3.36,3.56,2.25,1719.76818848,1871.06481934,6,-4,3,-3,0.0,25,21,0.0,0.0,0.0,0.0,0.0,0.0,0.0,0.0,0.0,0.0,0.0,0.0,0.0,0.0,A,0,0,1,1.0,0.0,1.0
2019-2020,x-00005,2019-08-11,t-00032,t-00071,0.0,0.0,1.0,2.0,2.5,3.12,3.3,1742.85253906,1724.2980957,1,2,6,-5,2.0,27,20,1.7,14.0,5.4,4.7,9.0,0.9,0.1,1.236842105263158,12.473684210526315,3.973684210526316,5.131578947368421,10.763157894736842,1.894736842105263,0.02631578947368421,D,0,1,0,1.0,0.0,0.0
2019-2020,x-00005,2019-08-11,t-00036,t-00018,4.0,0.0,5.0,7.0,2.04,3.44,4.14,1842.4074707,1887.18469238,-8,1,-2,-3,1.0,24,28,0.0,0.0,0.0,0.0,0.0,0.0,0.0,0.0,0.0,0.0,0.0,0.0,0.0,0.0,H,1,0,0,1.0,1.0,0.0
2019-2020,x-00005,2019-08-17,t-00025,t-00067,1.0,0.0,2.0,2.0,1.85,3.66,4.64,1775.0020752,1669.6583252,6,-10,9,-10,1.0,29,19,1.0,10.5,4.5,4.0,11.5,0.5,0.5,1.5,11.0,2.5,7.0,17.0,1.5,0.0,H,1,0,0,1.0,1.0,0.0
2019-2020,x-00005,2019-08-17,t-00057,t-00033,1.0,2.0,3.0,6.0,6.43,4.57,1.53,1667.22753906,2051.7043457,-6,13,1,6,-4.0,18,29,1.0,11.0,1.0,7.0,8.0,2.0,0.0,3.0,17.0,5.0,5.0,7.0,4.0,0.0,A,0,0,1,0.0,0.0,2.0
2019-2020,x-00005,2019-08-17,t-00012,t-00069,1.0,1.0,4.0,3.0,2.22,3.6,3.34,1640.47888184,1727.70458984,-1,2,-11,-1,3.0,13,28,3.0,5.0,3.0,2.0,11.0,1.0,0.0,1.3333333333333333,11.435897435897436,4.102564102564102,4.82051282051282,8.64102564102564,1.564102564102564,0.02564102564102564,D,0,1,0,2.0,0.0,0.0
2019-2020,x-00005,2019-08-17,t-00041,t-00040,3.0,1.0,8.0,3.0,2.14,3.57,3.58,1633.75634766,1714.13769531,-3,4,0,3,0.0,5,22,1.0,12.0,5.0,2.0,9.0,2.0,0.0,0.0,9.0,2.0,5.0,12.0,1.0,0.0,H,1,0,0,0.0,0.0,0.0
2019-2020,x-00005,2019-08-17,t-00035,t-00064,2.0,2.0,10.0,2.0,1.37,5.63,8.39,2047.58081055,1897.41186523,12,1,7,-6,4.0,35,24,2.25,16.25,6.75,5.5,12.25,2.25,0.0,0.5,7.25,2.5,3.25,13.75,2.75,0.0,D,0,1,0,2.0,0.0,0.0
2019-2020,x-00005,2019-08-17,t-00002,t-00014,2.0,1.0,9.0,5.0,1.38,5.35,8.78,1876.90087891,1696.7902832,-2,-2,7,-4,7.0,18,13,3.0,13.5,6.0,3.0,6.5,1.5,0.0,1.0,10.5,3.5,3.5,12.5,5.0,0.0,H,1,0,0,2.0,0.0,0.0
2019-2020,x-00005,2019-08-17,t-00003,t-00009,1.0,2.0,7.0,4.0,2.3,3.69,3.11,1614.17553711,1691.47058105,-2,-2,0,3,0.0,4,27,1.0,7.0,4.0,0.0,9.0,0.0,0.0,1.3246753246753247,12.03896103896104,4.207792207792208,5.35064935064935,8.935064935064934,1.5194805194805194,0.025974025974025976,A,0,0,1,0.0,0.0,0.0
2019-2020,x-00005,2019-08-18,t-00055,t-00022,1.0,0.0,3.0,4.0,2.51,3.33,3.08,1627.55615234,1745.76147461,0,4,0,3,0.0,3,24,1.0,8.0,3.0,4.0,19.0,1.0,0.0,1.3150684931506849,12.534246575342467,3.9178082191780823,5.36986301369863,10.73972602739726,1.6712328767123288,0.0273972602739726,H,1,0,0,0.0,0.0,0.0
2019-2020,x-00005,2019-08-18,t-00018,t-00032,1.0,1.0,5.0,3.0,1.73,3.9,5.23,1872.140625,1740.62561035,-1,2,8,2,-1.0,32,23,0.0,18.0,7.0,5.0,13.0,4.0,0.0,1.5454545454545454,14.090909090909092,5.0,5.363636363636363,8.454545454545455,0.8181818181818182,0.09090909090909091,D,0,1,0,0.0,1.0,1.0
2019-2020,x-00005,2019-08-19,t-00071,t-00036,1.0,1.0,2.0,2.0,2.98,3.32,2.56,1727.05090332,1857.65710449,2,0,6,-5,1.0,17,28,2.0,9.0,2.0,3.0,5.0,1.0,0.0,1.0,18.0,4.0,5.0,11.0,2.0,1.0,D,0,1,0,1.0,0.0,0.0
2019-2020,x-00005,2019-08-23,t-00003,t-00025,2.0,0.0,3.0,1.0,3.1,3.41,2.43,1609.71691895,1782.04272461,-3,3,-1,0,0.0,11,23,1.0,14.5,5.5,5.0,9.5,0.0,0.0,1.375,12.359375,3.84375,5.171875,11.640625,1.5,0.140625,H,1,0,0,0.0,0.0,0.0
2019-2020,x-00005,2019-08-24,t-00036,t-00022,1.0,2.0,3.0,3.0,1.37,5.33,9.23,1858.8314209,1739.2833252,2,2,1,0,4.0,29,21,3.0,13.0,4.0,6.0,9.0,3.0,0.0,1.0,17.0,2.0,5.0,8.0,2.0,0.0,A,0,0,1,1.0,1.0,0.0
2019-2020,x-00005,2019-08-24,t-00067,t-00069,1.0,3.0,3.0,10.0,2.16,3.61,3.48,1668.55407715,1730.00061035,-11,2,-8,1,-1.0,17,28,1.5,14.0,6.5,5.5,10.5,1.5,0.5,2.0,17.0,8.0,6.0,9.5,1.5,0.0,A,0,0,1,1.0,0.0,1.0
2019-2020,x-00005,2019-08-24,t-00012,t-00057,0.0,2.0,3.0,4.0,2.33,3.26,3.44,1644.1192627,1668.41455078,0,-7,-10,-7,-1.0,16,17,2.0,10.5,3.5,5.0,11.0,0.5,0.0,1.32,11.2,3.8,5.08,11.16,1.68,0.08,A,0,0,1,0.0,1.0,1.0
2019-2020,x-00005,2019-08-24,t-00041,t-00018,2.0,3.0,5.0,8.0,4.17,3.91,1.89,1648.70080566,1869.96850586,-1,-1,2,-5,0.0,13,28,2.0,13.5,6.5,4.5,9.0,1.5,0.0,0.5,16.0,6.0,4.5,11.0,2.5,0.0,A,0,0,1,0.0,0.0,0.0
2019-2020,x-00005,2019-08-24,t-00055,t-00032,1.0,2.0,3.0,2.0,3.19,3.28,2.44,1639.97070312,1748.73425293,1,2,1,3,0.0,6,21,1.0,11.5,3.0,6.0,17.5,2.0,0.0,1.5,13.916666666666666,4.833333333333333,5.333333333333333,8.916666666666666,0.75,0.08333333333333333,A,0,0,1,0.0,0.0,0.0
2019-2020,x-00005,2019-08-24,t-00033,t-00002,3.0,1.0,5.0,3.0,1.46,5.12,6.74,2056.45385742,1882.62329102,12,1,13,-1,8.0,29,26,3.0,14.0,7.0,6.5,7.5,1.0,0.0,1.0,10.0,3.0,4.0,10.0,1.5,0.0,H,1,0,0,2.0,0.0,0.0
2019-2020,x-00005,2019-08-25,t-00071,t-00014,1.0,1.0,2.0,4.0,1.78,3.51,5.6,1741.046875,1697.00439453,0,-3,4,-3,1.0,16,15,0.5,19.0,4.0,6.5,10.0,1.5,0.0,1.0,6.0,1.5,1.5,10.5,2.5,0.0,D,0,1,0,1.0,0.0,0.0
2019-2020,x-00005,2019-08-25,t-00064,t-00040,0.0,1.0,2.0,3.0,1.28,6.21,11.48,1905.86303711,1705.12963867,0,0,6,1,2.0,21,19,1.8717948717948718,15.282051282051283,5.32051282051282,5.846153846153846,9.948717948717949,1.358974358974359,0.0641025641025641,0.5,9.5,2.5,5.0,11.5,2.0,0.0,A,0,0,1,2.0,0.0,0.0
2019-2020,x-00005,2019-08-25,t-00009,t-00035,1.0,3.0,7.0,5.0,17.0,9.5,1.16,1701.86572266,2045.06591797,0,10,-2,13,-2.0,26,40,0.5,4.5,1.25,3.0,7.5,1.75,0.0,2.5,18.0,6.5,7.75,9.5,1.5,0.25,A,0,0,1,0.0,0.0,2.0
2019-2020,x-00005,2019-08-31,t-00057,t-00036,1.0,1.0,2.0,8.0,4.12,3.59,1.99,1682.74060059,1847.31396484,-5,1,-1,-7,-1.0,14,27,2.0,6.0,3.0,7.0,10.0,1.0,0.0,3.0,16.0,6.0,9.0,7.0,2.0,0.0,D,0,1,0,0.0,1.0,1.0
2019-2020,x-00005,2019-08-31,t-00069,t-00041,2.0,0.0,8.0,3.0,1.93,4.12,3.8,1742.69213867,1645.66796875,3,-2,-3,-3,0.0,31,18,1.3658536585365855,11.463414634146341,4.219512195121951,4.902439024390244,8.731707317073171,1.5609756097560976,0.024390243902439025,2.0,11.0,6.0,3.3333333333333335,9.0,1.3333333333333333,0.0,H,1,0,0,0.0,0.0,0.0
2019-2020,x-00005,2019-08-31,t-00035,t-00012,4.0,0.0,6.0,2.0,1.09,13.06,35.17,2049.29321289,1632.16833496,11,-2,6,-1,4.0,38,17,2.670886075949367,17.848101265822784,6.89873417721519,7.468354430379747,9.012658227848101,1.3670886075949367,0.0379746835443038,1.3333333333333333,11.0,3.3333333333333335,6.0,10.333333333333334,0.6666666666666666,0.3333333333333333,H,1,0,0,2.0,0.0,0.0
2019-2020,x-00005,2019-08-31,t-00014,t-00033,0.0,3.0,2.0,7.0,9.22,5.77,1.34,1701.16247559,2061.48413086,-2,9,4,7,-3.0,19,27,1.25,7.75,4.0,3.25,7.5,0.75,0.0,2.5,23.75,7.75,9.25,6.5,0.75,0.0,A,0,0,1,0.0,0.0,2.0
2019-2020,x-00005,2019-08-31,t-00022,t-00003,1.0,0.0,5.0,2.0,2.29,3.39,3.4,1753.17590332,1625.97106934,3,-1,2,-2,0.0,24,14,1.3066666666666666,12.346666666666666,3.9066666666666667,5.293333333333333,10.84,1.6933333333333334,0.02666666666666667,1.3333333333333333,12.0,4.666666666666667,3.3333333333333335,9.666666666666666,0.6666666666666666,0.0,H,1,0,0,0.0,0.0,0.0
2019-2020,x-00005,2019-08-31,t-00040,t-00067,1.0,1.0,5.0,3.0,2.53,3.21,3.13,1720.53259277,1658.2376709,1,-12,0,-6,-2.0,21,19,0.6666666666666666,9.0,2.6666666666666665,5.333333333333333,9.333333333333334,2.0,0.0,1.1636363636363636,11.672727272727272,3.981818181818182,4.927272727272728,11.345454545454546,1.9272727272727272,0.07272727272727272,D,0,1,0,1.0,0.0,1.0
2019-2020,x-00005,2019-08-31,t-00032,t-00009,3.0,1.0,5.0,2.0,1.68,4.03,5.4,1756.99560547,1700.01367188,0,-2,4,2,2.0,11,28,2.0,18.0,4.0,6.0,6.0,0.0,0.0,0.0,8.0,2.0,1.0,12.0,2.0,0.0,H,1,0,0,1.0,1.0,0.0
2019-2020,x-00005,2019-08-31,t-00018,t-00055,2.0,2.0,5.0,2.0,1.44,4.65,8.21,1875.37658691,1634.08447266,0,0,8,0,0.0,33,9,1.3333333333333333,18.333333333333332,6.666666666666667,5.666666666666667,10.333333333333334,2.0,0.0,1.0,10.333333333333334,3.0,6.333333333333333,15.333333333333334,1.6666666666666667,0.0,D,0,1,0,0.0,0.0,0.0
2019-2020,x-00005,2019-09-01,t-00002,t-00064,2.0,2.0,8.0,9.0,2.59,3.7,2.72,1879.96801758,1892.83532715,2,0,4,-4,4.0,28,19,2.5,15.5,5.5,6.0,14.5,2.5,0.5,1.5,10.5,4.5,4.0,16.0,3.0,0.5,D,0,1,0,2.0,0.0,0.0
2019-2020,x-00005,2019-09-01,t-00025,t-00071,3.0,2.0,6.0,5.0,2.08,3.29,4.19,1768.16381836,1742.95507812,1,-1,10,-5,-2.0,21,14,1.5,9.5,4.5,4.5,9.5,2.0,0.5,2.5,9.5,4.0,2.0,11.0,0.5,0.0,H,1,0,0,0.0,0.0,1.0
2019-2020,x-00005,2019-09-14,t-00055,t-00057,0.0,1.0,4.0,7.0,2.44,3.3,3.18,1641.10388184,1685.62683105,0,-2,0,-6,0.0,11,15,1.25,9.75,2.75,5.75,14.25,1.5,0.0,1.3333333333333333,11.185185185185185,3.740740740740741,4.962962962962963,11.333333333333334,1.7037037037037037,0.1111111111111111,A,0,0,1,0.0,0.0,0.0
2019-2020,x-00005,2019-09-14,t-00036,t-00032,1.0,0.0,5.0,3.0,2.19,3.37,3.66,1844.42773438,1764.15539551,1,3,-1,3,3.0,28,14,1.72,14.92,5.64,4.92,10.36,1.88,0.08,1.6428571428571428,13.571428571428571,4.642857142857143,5.142857142857143,8.714285714285714,0.7142857142857143,0.07142857142857142,H,1,0,0,2.0,0.0,0.0
2019-2020,x-00005,2019-09-14,t-00071,t-00018,2.0,5.0,4.0,6.0,3.1,3.43,2.42,1737.02600098,1868.35717773,-3,-3,3,-5,1.0,13,29,1.2142857142857142,12.214285714285714,3.857142857142857,5.071428571428571,10.952380952380953,1.9047619047619047,0.047619047619047616,1.5,17.0,6.25,5.0,9.25,1.5,0.0,A,0,0,1,1.0,0.0,0.0
2019-2020,x-00005,2019-09-14,t-00064,t-00022,4.0,0.0,5.0,6.0,1.44,4.91,7.61,1894.2088623,1756.89135742,1,3,1,3,3.0,23,22,1.25,15.75,4.5,9.25,7.0,0.75,0.0,0.0,8.0,2.75,5.75,9.0,0.75,0.0,H,1,0,0,2.0,0.0,0.0
2019-2020,x-00005,2019-09-14,t-00012,t-00014,1.0,1.0,5.0,1.0,2.15,3.44,3.68,1630.68847656,1697.64562988,-6,-3,-7,-1,-2.0,14,20,1.0,9.75,3.0,4.75,9.25,0.75,0.25,1.075,9.825,3.2125,4.0625,9.3375,1.7875,0.0125,D,0,1,0,0.0,1.0,1.0
2019-2020,x-00005,2019-09-14,t-00033,t-00040,3.0,1.0,9.0,1.0,1.21,7.29,14.23,2065.00097656,1717.11645508,11,2,14,4,6.0,30,19,2.3125,16.05,6.05,6.3625,8.725,1.0375,0.0375,0.75,10.0,3.25,5.5,8.25,2.0,0.0,H,1,0,0,2.0,0.0,0.0
2019-2020,x-00005,2019-09-14,t-00041,t-00035,3.0,2.0,3.0,8.0,25.83,13.49,1.09,1639.78759766,2050.77294922,-4,14,1,13,0.0,21,39,1.5,10.25,5.25,3.0,9.25,1.25,0.0,2.6875,17.8125,6.8875,7.475,9.025,1.3625,0.0375,H,1,0,0,0.0,0.0,0.0
2019-2020,x-00005,2019-09-15,t-00009,t-00025,3.0,1.0,6.0,5.0,3.37,3.57,2.23,1692.85388184,1774.09289551,-5,0,-4,-4,1.0,24,21,0.6666666666666666,13.0,4.666666666666667,7.666666666666667,8.666666666666666,0.3333333333333333,0.3333333333333333,2.0,15.0,4.333333333333333,4.0,13.666666666666666,3.6666666666666665,0.3333333333333333,H,1,0,0,1.0,1.0,0.0
2019-2020,x-00005,2019-09-15,t-00067,t-00002,2.0,2.0,7.0,4.0,4.22,3.92,1.88,1661.65380859,1878.59448242,-9,2,-9,-4,0.0,19,28,0.0,0.0,0.0,0.0,0.0,0.0,0.0,0.0,0.0,0.0,0.0,0.0,0.0,0.0,D,0,1,0,1.0,0.0,1.0
2019-2020,x-00005,2019-09-16,t-00003,t-00069,0.0,0.0,5.0,1.0,2.72,3.71,2.57,1622.25561523,1748.57263184,-2,2,1,5,0.0,16,33,1.0,11.5,4.0,3.0,11.25,1.5,0.25,1.380952380952381,11.619047619047619,4.309523809523809,4.976190476190476,8.904761904761905,1.5714285714285714,0.023809523809523808,D,0,1,0,0.0,0.0,0.0
2019-2020,x-00005,2019-09-20,t-00057,t-00009,1.0,3.0,6.0,3.0,2.17,3.6,3.46,1686.10791016,1696.83068848,-1,-1,1,2,1.0,19,22,3.0,22.0,7.0,9.0,8.0,2.0,0.0,3.0,9.0,5.0,3.0,9.0,1.0,0.0,A,0,0,1,1.0,1.0,0.0
2019-2020,x-00005,2019-09-21,t-00014,t-00041,2.0,0.0,6.0,2.0,2.02,3.88,3.67,1689.4654541,1647.44519043,-1,-3,-1,-5,0.0,16,24,1.0740740740740742,9.790123456790123,3.185185185185185,4.08641975308642,9.308641975308642,1.7901234567901234,0.012345679012345678,1.8,9.6,4.8,3.0,9.0,1.6,0.0,H,1,0,0,0.0,0.0,0.0
2019-2020,x-00005,2019-09-21,t-00040,t-00012,0.0,0.0,4.0,3.0,2.42,3.24,3.3,1707.50024414,1622.84094238,-4,-3,-1,-2,-1.0,14,17,0.8,9.6,2.8,4.6,7.4,1.6,0.0,1.0,10.6,3.4,4.4,10.0,0.6,0.2,D,0,1,0,0.0,1.0,1.0
2019-2020,x-00005,2019-09-21,t-00025,t-00055,0.0,2.0,3.0,1.0,1.79,3.57,5.31,1754.08837891,1624.59509277,-2,-1,9,0,0.0,17,15,1.373134328358209,12.417910447761194,3.8507462686567164,5.2388059701492535,11.776119402985074,1.5522388059701493,0.13432835820895522,1.0,11.2,3.0,7.0,13.4,1.4,0.2,A,0,0,1,0.0,0.0,0.0
2019-2020,x-00005,2019-09-21,t-00035,t-00067,8.0,0.0,11.0,4.0,1.11,11.33,25.74,2033.51879883,1657.83178711,10,-6,8,-4,4.0,38,18,2.6790123456790123,17.901234567901234,6.901234567901234,7.580246913580247,9.0,1.3580246913580247,0.037037037037037035,2.0,31.0,7.0,7.0,14.0,3.0,0.0,H,1,0,0,2.0,0.0,0.0
2019-2020,x-00005,2019-09-21,t-00032,t-00064,2.0,1.0,7.0,4.0,2.72,3.51,2.69,1751.4552002,1890.74951172,2,5,4,-3,-1.0,14,25,1.5333333333333334,13.266666666666667,4.533333333333333,5.4,9.066666666666666,0.8,0.06666666666666667,1.876543209876543,15.246913580246913,5.320987654320987,5.827160493827161,10.17283950617284,1.4444444444444444,0.06172839506172839,H,1,0,0,1.0,0.0,1.0
2019-2020,x-00005,2019-09-22,t-00002,t-00003,3.0,2.0,6.0,9.0,1.42,5.23,7.59,1878.61181641,1616.08642578,0,-2,2,-3,0.0,26,21,1.8837209302325582,12.44186046511628,4.558139534883721,5.604651162790698,10.55813953488372,1.9534883720930232,0.046511627906976744,0.8,11.2,4.2,2.8,11.6,1.6,0.2,H,1,0,0,0.0,0.0,0.0
2019-2020,x-00005,2019-09-22,t-00018,t-00033,1.0,2.0,2.0,3.0,3.24,3.64,2.27,1859.19213867,2041.2199707,0,11,5,9,1.0,31,34,2.2,16.6,6.2,5.0,9.6,1.6,0.0,2.3209876543209877,16.11111111111111,6.08641975308642,6.407407407407407,8.679012345679013,1.0246913580246915,0.037037037037037035,A,0,0,1,1.0,1.0,0.0
2019-2020,x-00005,2019-09-22,t-00022,t-00071,1.0,1.0,4.0,4.0,2.9,3.1,2.81,1741.7479248,1705.54748535,-3,-4,1,-4,-1.0,20,15,1.0,14.0,4.0,8.0,9.0,2.0,0.0,0.5,8.0,1.5,3.0,11.0,4.0,0.0,D,0,1,0,0.0,0.0,1.0
2019-2020,x-00005,2019-09-22,t-00069,t-00036,2.0,0.0,6.0,3.0,3.07,3.45,2.45,1738.71398926,1842.23120117,-1,4,-2,-5,2.0,25,23,1.0,18.0,4.0,11.0,5.0,1.0,0.0,2.0,14.0,4.0,3.0,14.0,1.0,0.0,H,1,0,0,1.0,1.0,0.0
2019-2020,x-00005,2019-09-28,t-00025,t-00035,1.0,3.0,8.0,9.0,8.9,5.51,1.36,1736.07287598,2036.09838867,-4,13,6,10,-4.0,17,40,0.5,6.75,2.0,2.75,10.25,1.5,0.0,3.5,18.25,6.5,8.0,6.75,0.75,0.0,A,0,0,1,0.0,0.0,2.0
2019-2020,x-00005,2019-09-28,t-00018,t-00012,2.0,0.0,10.0,1.0,1.45,4.64,8.06,1854.31384277,1626.79516602,3,-6,2,-2,5.0,26,17,2.0,16.0,5.5,5.166666666666667,9.333333333333334,1.8333333333333333,0.0,0.8333333333333334,11.5,3.3333333333333335,4.166666666666667,9.666666666666666,0.6666666666666666,0.16666666666666666,H,1,0,0,2.0,0.0,0.0
2019-2020,x-00005,2019-09-28,t-00022,t-00041,2.0,0.0,3.0,3.0,1.91,3.89,4.09,1739.09228516,1639.80847168,-3,-2,3,-7,0.0,22,21,1.2820512820512822,12.461538461538462,3.948717948717949,5.371794871794871,10.846153846153847,1.705128205128205,0.02564102564102564,1.5,9.833333333333334,4.333333333333333,3.0,9.166666666666666,1.5,0.0,H,1,0,0,0.0,0.0,0.0
2019-2020,x-00005,2019-09-28,t-00003,t-00014,2.0,2.0,3.0,3.0,2.36,3.44,3.19,1614.28503418,1697.10217285,-1,-2,1,-3,0.0,26,18,1.0,11.666666666666666,5.0,3.0,12.166666666666666,1.5,0.16666666666666666,1.0853658536585367,9.829268292682928,3.2195121951219514,4.121951219512195,9.329268292682928,1.7682926829268293,0.012195121951219513,D,0,1,0,0.0,0.0,0.0
2019-2020,x-00005,2019-09-28,t-00071,t-00067,2.0,0.0,2.0,5.0,1.96,3.52,4.34,1708.203125,1655.25231934,-4,-11,0,-11,-2.0,17,19,1.2272727272727273,12.227272727272727,3.8636363636363638,5.159090909090909,10.863636363636363,1.8636363636363635,0.06818181818181818,1.0,18.0,5.5,5.5,11.5,2.5,0.0,H,1,0,0,0.0,0.0,1.0
2019-2020,x-00005,2019-09-28,t-00064,t-00057,2.0,1.0,4.0,6.0,1.38,5.23,8.73,1880.5970459,1673.05871582,2,0,4,-3,5.0,22,22,1.0,16.0,5.0,10.0,9.0,2.0,0.0,2.0,12.0,4.0,1.0,16.0,4.0,0.0,H,1,0,0,2.0,0.0,0.0
2019-2020,x-00005,2019-09-28,t-00055,t-00033,0.0,1.0,2.0,4.0,9.44,5.53,1.34,1642.6105957,2046.09814453,1,9,-1,8,0.0,13,30,1.1666666666666667,9.666666666666666,2.6666666666666665,6.333333333333333,12.666666666666666,1.6666666666666667,0.16666666666666666,2.317073170731707,15.987804878048781,6.048780487804878,6.378048780487805,8.731707317073171,1.048780487804878,0.036585365853658534,A,0,0,1,0.0,0.0,0.0
2019-2020,x-00005,2019-09-28,t-00009,t-00069,2.0,2.0,5.0,6.0,2.41,3.65,2.96,1709.87976074,1751.78112793,1,6,0,6,2.0,22,28,2.0,11.0,4.5,3.0,8.0,1.0,0.0,0.5,10.0,3.0,4.5,12.0,3.5,0.0,D,0,1,0,1.0,1.0,0.0
2019-2020,x-00005,2019-09-29,t-00032,t-00040,5.0,0.0,5.0,0.0,1.52,4.33,7.04,1761.60778809,1703.54602051,3,-3,6,1,-2.0,20,16,1.5625,13.4375,4.6875,5.5625,9.5,0.8125,0.0625,0.6666666666666666,9.833333333333334,3.0,4.666666666666667,8.166666666666666,1.6666666666666667,0.0,H,1,0,0,0.0,0.0,2.0
2019-2020,x-00005,2019-09-30,t-00036,t-00002,1.0,1.0,4.0,5.0,2.26,3.57,3.29,1829.16418457,1880.41333008,-2,0,2,-2,1.0,21,30,0.0,14.0,4.0,2.0,18.0,2.0,0.0,2.0,14.0,3.0,5.0,12.0,2.0,0.0,D,0,1,0,1.0,1.0,0.0
2019-2020,x-00005,2019-10-05,t-00014,t-00025,1.0,0.0,3.0,2.0,3.22,3.35,2.39,1694.89123535,1730.64294434,-1,-7,-1,-4,-3.0,16,23,0.6666666666666666,8.0,3.3333333333333335,3.0,10.0,1.6666666666666667,0.0,2.3333333333333335,14.666666666666666,4.666666666666667,6.666666666666667,13.0,1.3333333333333333,0.3333333333333333,H,1,0,0,1.0,0.0,1.0
2019-2020,x-00005,2019-10-05,t-00041,t-00003,1.0,5.0,5.0,12.0,2.46,3.62,2.9,1632.28063965,1613.44152832,-6,0,2,-4,0.0,16,22,1.2857142857142858,9.857142857142858,4.142857142857143,3.2857142857142856,9.285714285714286,1.4285714285714286,0.0,1.1428571428571428,12.285714285714286,4.714285714285714,3.5714285714285716,11.857142857142858,1.4285714285714286,0.14285714285714285,A,0,0,1,0.0,0.0,0.0
2019-2020,x-00005,2019-10-05,t-00033,t-00032,2.0,1.0,8.0,1.0,1.59,4.42,5.76,2047.96130371,1771.94616699,9,8,14,-1,1.0,28,22,2.3012048192771086,15.987951807228916,6.024096385542169,6.36144578313253,8.674698795180722,1.0481927710843373,0.03614457831325301,1.7647058823529411,13.411764705882353,4.705882352941177,5.764705882352941,9.647058823529411,0.8235294117647058,0.058823529411764705,H,1,0,0,1.0,1.0,0.0
2019-2020,x-00005,2019-10-05,t-00012,t-00064,3.0,0.0,6.0,3.0,5.15,3.89,1.74,1622.07006836,1862.49963379,-8,3,-5,-3,-1.0,14,24,0.7142857142857143,11.0,3.0,3.857142857142857,10.142857142857142,1.0,0.14285714285714285,1.8674698795180722,15.120481927710843,5.289156626506024,5.783132530120482,10.144578313253012,1.4337349397590362,0.07228915662650602,H,1,0,0,0.0,1.0,1.0
2019-2020,x-00005,2019-10-05,t-00067,t-00055,0.0,0.0,2.0,3.0,2.38,3.27,3.32,1646.25720215,1639.50512695,-12,-1,-9,2,0.0,22,12,0.6666666666666666,16.666666666666668,5.333333333333333,5.666666666666667,9.666666666666666,2.0,0.0,1.0,10.0,2.5714285714285716,6.285714285714286,12.0,1.5714285714285714,0.14285714285714285,D,0,1,0,0.0,0.0,0.0
2019-2020,x-00005,2019-10-05,t-00069,t-00022,1.0,2.0,4.0,4.0,2.02,3.75,3.85,1750.74645996,1743.5657959,6,0,2,-2,1.0,31,21,2.0,9.5,5.0,4.5,9.5,0.5,0.0,1.5,16.5,4.5,6.5,10.0,2.5,0.0,A,0,0,1,1.0,1.0,0.0
2019-2020,x-00005,2019-10-06,t-00035,t-00071,0.0,2.0,2.0,2.0,1.14,8.98,21.94,2039.91918945,1719.90148926,15,-2,14,-2,3.0,39,17,2.0,21.0,7.5,10.5,7.0,1.5,0.0,0.5,7.0,1.0,3.0,8.0,0.5,0.5,A,0,0,1,1.0,0.0,0.0
2019-2020,x-00005,2019-10-06,t-00002,t-00009,1.0,0.0,2.0,2.0,1.37,5.83,7.87,1882.16320801,1707.86010742,-1,0,1,-1,7.0,26,23,3.5,18.0,5.0,8.5,10.0,1.5,0.0,1.0,12.0,5.0,4.5,7.5,2.0,0.0,H,1,0,0,2.0,0.0,0.0
2019-2020,x-00005,2019-10-06,t-00040,t-00036,1.0,0.0,2.0,3.0,3.92,3.37,2.12,1690.15319824,1824.25561523,-6,-2,0,-6,-1.0,13,23,0.5714285714285714,8.857142857142858,2.5714285714285716,4.0,8.285714285714286,1.5714285714285714,0.14285714285714285,1.6071428571428572,14.571428571428571,5.464285714285714,5.035714285714286,10.714285714285714,1.9285714285714286,0.07142857142857142,H,1,0,0,1.0,0.0,1.0
2019-2020,x-00005,2019-10-06,t-00057,t-00018,1.0,4.0,3.0,7.0,4.75,4.29,1.71,1669.04675293,1861.44934082,0,5,-3,0,-4.0,25,31,1.3,11.733333333333333,4.0,5.0,11.233333333333333,1.6666666666666667,0.1,2.0,17.142857142857142,6.142857142857143,5.142857142857143,8.714285714285714,1.8571428571428572,0.0,A,0,0,1,0.0,0.0,2.0
2019-2020,x-00005,2019-10-19,t-00064,t-00067,1.0,1.0,2.0,2.0,1.53,4.35,6.74,1840.6505127,1644.38378906,1,-10,6,-14,3.0,25,21,1.8452380952380953,15.035714285714286,5.261904761904762,5.761904761904762,10.107142857142858,1.4285714285714286,0.07142857142857142,0.5,14.5,4.5,6.0,9.0,1.5,0.0,D,0,1,0,2.0,0.0,0.0
2019-2020,x-00005,2019-10-19,t-00009,t-00041,0.0,0.0,2.0,1.0,1.78,4.18,4.42,1705.13085938,1612.46679688,1,-9,1,-9,0.0,18,16,1.3571428571428572,11.892857142857142,4.2023809523809526,5.345238095238095,8.880952380952381,1.5595238095238095,0.023809523809523808,1.25,11.25,4.25,4.125,9.875,1.375,0.0,D,0,1,0,0.0,0.0,0.0
2019-2020,x-00005,2019-10-19,t-00003,t-00012,2.0,1.0,8.0,5.0,2.43,3.49,3.04,1633.25549316,1643.91918945,2,-3,1,-3,0.0,31,17,1.625,13.5,5.625,3.875,12.5,1.625,0.125,1.0,11.75,3.375,3.875,10.25,1.125,0.125,H,1,0,0,0.0,0.0,0.0
2019-2020,x-00005,2019-10-19,t-00018,t-00040,1.0,0.0,8.0,0.0,1.27,6.4,11.56,1869.82348633,1700.28808594,7,-6,4,-4,3.0,30,12,2.25,16.625,6.25,5.0,9.5,1.75,0.0,0.625,9.25,2.5,4.0,8.75,1.75,0.125,H,1,0,0,2.0,0.0,0.0
2019-2020,x-00005,2019-10-19,t-00022,t-00035,0.0,2.0,2.0,10.0,12.5,7.64,1.21,1753.17407227,2017.5826416,0,11,5,11,-2.0,22,36,1.0,6.75,1.75,2.75,8.0,2.5,0.0,2.5,19.75,6.0,9.5,8.75,1.75,0.0,A,0,0,1,0.0,1.0,1.0
2019-2020,x-00005,2019-10-19,t-00071,t-00057,1.0,1.0,1.0,5.0,2.11,3.24,4.1,1742.23803711,1660.67272949,0,-5,0,-4,2.0,17,24,1.0,17.0,2.0,9.0,8.0,3.0,0.0,3.0,13.0,6.0,4.0,13.0,1.0,0.0,D,0,1,0,1.0,0.0,0.0
2019-2020,x-00005,2019-10-19,t-00032,t-00014,2.0,1.0,3.0,4.0,1.5,4.48,7.15,1770.26086426,1702.32043457,6,0,8,-3,1.0,21,15,2.0,9.0,4.0,3.0,10.0,1.0,1.0,1.0,13.0,2.0,9.0,9.0,1.0,0.0,H,1,0,0,1.0,1.0,0.0
2019-2020,x-00005,2019-10-19,t-00025,t-00069,2.0,0.0,10.0,4.0,1.79,4.15,4.41,1723.21374512,1741.13806152,-6,3,0,5,2.0,24,25,1.5,16.5,6.5,6.5,14.5,1.5,0.0,1.5,6.0,2.5,3.0,9.5,3.0,0.0,H,1,0,0,1.0,0.0,1.0
2019-2020,x-00005,2019-10-20,t-00036,t-00033,1.0,1.0,2.0,4.0,4.19,3.49,2.01,1814.12060547,2049.64672852,-2,8,2,7,1.0,23,31,0.0,6.0,3.0,3.0,15.0,1.0,0.0,0.0,7.0,1.0,7.0,17.0,3.0,0.0,D,0,1,0,1.0,1.0,0.0
2019-2020,x-00005,2019-10-21,t-00055,t-00002,1.0,0.0,2.0,3.0,3.72,3.63,2.08,1641.37866211,1884.89257812,0,2,-2,1,0.0,12,25,0.875,9.875,2.625,6.375,11.25,1.625,0.125,1.8695652173913044,12.565217391304348,4.543478260869565,5.891304347826087,10.695652173913043,2.0,0.06521739130434782,H,1,0,0,0.0,0.0,0.0
2019-2020,x-00005,2019-10-25,t-00057,t-00032,0.0,9.0,3.0,15.0,3.13,3.32,2.46,1673.70129395,1784.35632324,-5,5,-6,-2,-4.0,27,19,1.28125,11.75,4.0,4.875,11.3125,1.625,0.09375,1.736842105263158,13.105263157894736,4.421052631578948,5.947368421052632,9.736842105263158,0.9473684210526315,0.05263157894736842,A,0,0,1,0.0,0.0,2.0
2019-2020,x-00005,2019-10-26,t-00069,t-00055,1.0,1.0,4.0,4.0,2.29,3.4,3.39,1740.56604004,1662.80358887,-1,1,1,2,0.0,21,12,1.3404255319148937,11.553191489361701,4.297872340425532,4.808510638297872,9.106382978723405,1.5957446808510638,0.0425531914893617,0.8888888888888888,9.666666666666666,2.5555555555555554,6.444444444444445,11.11111111111111,1.8888888888888888,0.1111111111111111,D,0,1,0,0.0,0.0,0.0
2019-2020,x-00005,2019-10-26,t-00067,t-00009,0.0,0.0,3.0,5.0,2.33,3.59,3.12,1659.81762695,1710.10717773,-10,3,-8,-2,-4.0,20,18,0.6,13.0,4.0,5.2,9.0,1.8,0.0,1.3411764705882352,11.882352941176471,4.176470588235294,5.352941176470588,8.870588235294118,1.5529411764705883,0.023529411764705882,D,0,1,0,0.0,1.0,1.0
2019-2020,x-00005,2019-10-26,t-00035,t-00003,3.0,0.0,9.0,5.0,1.06,16.5,33.5,2034.31018066,1649.1895752,9,4,11,0,0.0,40,37,2.7058823529411766,18.08235294117647,6.952941176470588,7.5058823529411764,8.976470588235294,1.411764705882353,0.03529411764705882,1.6666666666666667,14.666666666666666,5.888888888888889,4.222222222222222,12.11111111111111,1.5555555555555556,0.1111111111111111,H,1,0,0,0.0,0.0,0.0
2019-2020,x-00005,2019-10-26,t-00014,t-00018,2.0,4.0,5.0,7.0,5.06,4.07,1.71,1706.49755859,1892.25524902,2,8,1,3,-5.0,17,33,1.0941176470588236,9.858823529411765,3.223529411764706,4.141176470588236,9.364705882352942,1.811764705882353,0.011764705882352941,2.111111111111111,16.555555555555557,6.444444444444445,5.666666666666667,9.444444444444445,1.7777777777777777,0.0,A,0,0,1,0.0,0.0,2.0
2019-2020,x-00005,2019-10-26,t-00012,t-00025,3.0,2.0,4.0,6.0,2.76,3.3,2.77,1646.25756836,1742.05834961,0,-5,-2,-5,1.0,20,28,1.0,12.666666666666666,3.5555555555555554,4.0,11.0,1.2222222222222223,0.2222222222222222,1.3380281690140845,12.535211267605634,3.9577464788732395,5.464788732394366,11.67605633802817,1.5492957746478873,0.14084507042253522,H,1,0,0,1.0,1.0,0.0
2019-2020,x-00005,2019-10-27,t-00040,t-00071,1.0,1.0,2.0,5.0,3.48,3.09,2.42,1706.39758301,1750.01477051,-7,1,-1,-1,-1.0,7,13,0.5555555555555556,8.777777777777779,2.2222222222222223,3.5555555555555554,9.11111111111111,1.6666666666666667,0.1111111111111111,1.2553191489361701,11.808510638297872,3.723404255319149,4.8936170212765955,10.787234042553191,1.851063829787234,0.06382978723404255,D,0,1,0,0.0,0.0,1.0
2019-2020,x-00005,2019-10-27,t-00002,t-00022,2.0,2.0,6.0,4.0,1.48,4.79,6.92,1882.70019531,1757.5534668,1,-3,3,-2,2.0,20,19,2.0,9.5,3.5,6.0,15.5,3.0,0.0,2.5,16.0,5.0,4.5,11.0,1.0,0.0,D,0,1,0,1.0,0.0,1.0
2019-2020,x-00005,2019-10-27,t-00033,t-00064,2.0,1.0,13.0,4.0,1.47,5.04,6.57,2056.80932617,1850.55249023,5,1,10,-5,1.0,28,18,1.75,13.0,5.75,5.5,11.0,1.0,0.0,2.0,12.25,4.25,4.5,9.0,0.5,0.0,H,1,0,0,1.0,1.0,0.0
2019-2020,x-00005,2019-10-27,t-00041,t-00036,1.0,3.0,3.0,11.0,4.72,3.73,1.83,1625.76293945,1830.49499512,-7,-2,-2,-3,0.0,14,17,1.1111111111111112,11.11111111111111,3.888888888888889,4.444444444444445,10.0,1.5555555555555556,0.0,1.5333333333333334,14.233333333333333,5.266666666666667,5.0,10.533333333333333,1.9,0.06666666666666667,A,0,0,1,0.0,0.0,0.0
2019-2020,x-00005,2019-11-02,t-00003,t-00033,1.0,2.0,2.0,6.0,10.13,6.57,1.28,1647.73779297,2059.15966797,1,4,2,6,0.0,37,32,1.5,14.3,5.8,4.5,11.4,1.5,0.1,2.2790697674418605,16.0,6.104651162790698,6.290697674418604,8.744186046511627,1.069767441860465,0.03488372093023256,A,0,0,1,0.0,0.0,0.0
2019-2020,x-00005,2019-11-02,t-00067,t-00018,1.0,2.0,3.0,10.0,5.34,4.43,1.63,1659.40600586,1899.36486816,-10,7,-5,5,2.0,16,34,0.5,12.0,3.8333333333333335,5.166666666666667,9.833333333333334,2.3333333333333335,0.0,2.3,16.5,6.5,5.7,9.3,1.8,0.0,A,0,0,1,1.0,0.0,1.0
2019-2020,x-00005,2019-11-02,t-00012,t-00041,2.0,0.0,5.0,0.0,1.57,4.56,5.8,1655.20654297,1619.15966797,1,-10,2,-9,0.0,19,14,1.2,12.2,3.6,3.6,11.1,1.3,0.2,1.1,11.0,3.8,4.1,10.3,1.6,0.0,H,1,0,0,0.0,0.0,0.0
2019-2020,x-00005,2019-11-02,t-00002,t-00071,1.0,1.0,4.0,8.0,1.76,3.95,4.87,1877.68005371,1750.67626953,1,4,3,1,0.0,22,14,1.0,10.5,2.0,8.0,9.0,2.5,0.0,2.0,11.5,4.0,3.5,14.0,2.0,0.0,D,0,1,0,0.0,1.0,0.0
2019-2020,x-00005,2019-11-02,t-00069,t-00040,2.0,3.0,6.0,9.0,1.89,3.64,4.48,1736.68347168,1705.73608398,-1,-5,-2,-9,1.0,24,8,1.3333333333333333,11.5625,4.291666666666667,4.916666666666667,9.0625,1.6041666666666667,0.041666666666666664,0.6,9.2,2.2,3.5,9.0,1.7,0.2,A,0,0,1,1.0,0.0,1.0
2019-2020,x-00005,2019-11-02,t-00035,t-00057,2.0,1.0,4.0,3.0,1.07,14.49,36.78,2035.76184082,1652.9095459,13,-15,13,-1,6.0,41,23,3.0,14.0,6.0,8.0,10.0,3.0,0.0,1.0,5.0,4.0,3.0,11.0,2.0,1.0,H,1,0,0,2.0,0.0,0.0
2019-2020,x-00005,2019-11-02,t-00009,t-00036,1.0,0.0,6.0,4.0,3.67,3.6,2.11,1710.5189209,1837.0982666,1,-1,0,-1,-3.0,17,23,1.0,7.0,3.0,5.0,7.0,0.0,0.0,4.0,11.0,8.0,4.0,10.0,2.0,1.0,H,1,0,0,0.0,0.0,2.0
2019-2020,x-00005,2019-11-02,t-00055,t-00014,3.0,0.0,6.0,0.0,2.29,3.22,3.58,1666.6862793,1699.38806152,2,0,-1,-2,0.0,12,21,0.9,9.7,2.7,6.2,11.0,1.9,0.1,1.1046511627906976,9.895348837209303,3.244186046511628,4.151162790697675,9.337209302325581,1.8255813953488371,0.011627906976744186,H,1,0,0,0.0,0.0,0.0
2019-2020,x-00005,2019-11-03,t-00025,t-00064,1.0,1.0,3.0,2.0,2.54,3.62,2.82,1733.109375,1848.20214844,-4,-4,0,-5,-7.0,29,17,1.6666666666666667,11.0,4.666666666666667,4.333333333333333,14.0,2.0,0.0,3.0,12.0,4.333333333333333,3.3333333333333335,9.0,1.0,0.3333333333333333,D,0,1,0,0.0,0.0,2.0
2019-2020,x-00005,2019-11-03,t-00022,t-00032,0.0,2.0,3.0,5.0,3.86,3.62,2.05,1762.5736084,1805.14794922,1,15,1,8,6.0,17,31,1.2926829268292683,12.329268292682928,3.9146341463414633,5.2682926829268295,10.78048780487805,1.6951219512195121,0.024390243902439025,2.1,13.7,4.95,6.0,9.85,0.9,0.05,A,0,0,1,2.0,0.0,0.0
2019-2020,x-00005,2019-11-08,t-00041,t-00067,0.0,2.0,5.0,2.0,2.97,3.63,2.41,1611.23303223,1655.33679199,-10,-3,-4,-11,0.0,12,15,1.0,10.636363636363637,3.4545454545454546,4.0,10.090909090909092,1.5454545454545454,0.0,0.5714285714285714,12.0,3.7142857142857144,4.571428571428571,9.571428571428571,2.5714285714285716,0.0,A,0,0,1,0.0,0.0,0.0
2019-2020,x-00005,2019-11-09,t-00018,t-00022,2.0,0.0,5.0,1.0,1.44,4.69,7.98,1900.35766602,1750.32189941,9,-1,2,-3,3.0,42,16,2.272727272727273,16.454545454545453,6.818181818181818,5.7272727272727275,8.909090909090908,1.8181818181818181,0.0,1.2771084337349397,12.325301204819278,3.9036144578313254,5.265060240963855,10.831325301204819,1.6987951807228916,0.024096385542168676,H,1,0,0,2.0,0.0,0.0
2019-2020,x-00005,2019-11-09,t-00064,t-00055,1.0,1.0,5.0,4.0,1.56,4.41,6.26,1857.83361816,1679.02478027,-3,3,6,2,0.0,15,17,1.8160919540229885,14.827586206896552,5.172413793103448,5.747126436781609,10.03448275862069,1.4827586206896552,0.08045977011494253,1.0909090909090908,10.0,3.0,6.2727272727272725,10.727272727272727,1.8181818181818181,0.09090909090909091,D,0,1,0,0.0,0.0,0.0
2019-2020,x-00005,2019-11-09,t-00032,t-00002,2.0,0.0,7.0,1.0,1.93,4.05,3.88,1817.03942871,1865.85241699,16,0,9,-2,5.0,29,20,3.0,24.0,12.0,8.0,13.0,3.0,0.0,0.0,6.0,1.0,6.0,13.0,1.0,1.0,H,1,0,0,2.0,0.0,0.0
2019-2020,x-00005,2019-11-09,t-00040,t-00009,2.0,1.0,9.0,3.0,2.69,3.31,2.83,1716.24853516,1719.94750977,-4,0,0,0,0.0,13,20,0.8181818181818182,9.454545454545455,2.8181818181818183,3.4545454545454546,8.818181818181818,1.6363636363636365,0.18181818181818182,1.3218390804597702,11.919540229885058,4.206896551724138,5.390804597701149,8.919540229885058,1.5977011494252873,0.022988505747126436,H,1,0,0,1.0,0.0,1.0
2019-2020,x-00005,2019-11-09,t-00057,t-00025,1.0,2.0,3.0,5.0,3.17,3.35,2.42,1651.88085938,1734.3482666,-14,-2,-15,-6,4.0,20,29,2.0,11.0,4.0,7.0,12.0,2.0,0.0,1.0,7.0,2.0,6.0,11.0,1.0,0.0,A,0,0,1,2.0,0.0,0.0
2019-2020,x-00005,2019-11-09,t-00014,t-00069,3.0,0.0,12.0,4.0,2.18,3.63,3.41,1686.68933105,1725.81066895,-5,-4,1,0,2.0,15,24,2.0,11.5,4.0,4.5,12.0,2.5,0.0,2.0,16.5,7.0,7.5,9.0,2.5,0.0,H,1,0,0,1.0,1.0,0.0
2019-2020,x-00005,2019-11-10,t-00033,t-00035,3.0,1.0,5.0,3.0,2.72,3.64,2.62,2061.02612305,2030.48242188,4,6,9,10,1.0,35,34,1.25,10.0,4.25,2.75,9.0,1.75,0.25,2.5,9.75,4.25,5.5,9.75,3.0,0.0,H,1,0,0,1.0,1.0,0.0
2019-2020,x-00005,2019-11-10,t-00071,t-00003,2.0,1.0,5.0,4.0,1.68,3.97,5.53,1756.56213379,1646.01953125,4,1,-1,-3,0.0,18,30,1.2448979591836735,12.10204081632653,3.836734693877551,5.0,10.959183673469388,1.8571428571428572,0.061224489795918366,1.4545454545454546,13.454545454545455,5.454545454545454,4.2727272727272725,11.454545454545455,1.4545454545454546,0.09090909090909091,H,1,0,0,0.0,0.0,0.0
2019-2020,x-00005,2019-11-10,t-00036,t-00012,3.0,1.0,11.0,2.0,1.66,3.69,6.41,1829.26647949,1662.77282715,0,3,4,-4,2.0,24,21,1.53125,14.46875,5.40625,5.3125,10.5625,1.9375,0.0625,1.2727272727272727,13.0,3.727272727272727,4.0,11.090909090909092,1.1818181818181819,0.18181818181818182,H,1,0,0,2.0,0.0,0.0
2019-2020,x-00005,2019-11-23,t-00025,t-00041,0.0,2.0,7.0,5.0,1.34,5.64,9.17,1741.8182373,1599.4543457,1,-10,-1,-8,0.0,26,14,1.3513513513513513,12.58108108108108,3.9864864864864864,5.5,11.64864864864865,1.527027027027027,0.13513513513513514,0.9166666666666666,11.166666666666666,3.5833333333333335,4.5,9.833333333333334,1.5,0.0,A,0,0,1,0.0,0.0,0.0
2019-2020,x-00005,2019-11-23,t-00009,t-00071,1.0,2.0,2.0,7.0,3.1,3.25,2.52,1713.38012695,1760.5612793,-1,3,1,1,0.0,18,21,0.5,11.5,3.0,6.0,8.5,3.0,0.0,1.5,9.5,2.5,6.5,15.0,3.0,0.0,A,0,0,1,0.0,1.0,0.0
2019-2020,x-00005,2019-11-23,t-00069,t-00064,2.0,3.0,4.0,6.0,4.71,4.53,1.69,1713.08752441,1851.82275391,-7,-4,2,-5,-2.0,22,16,3.0,8.0,3.0,4.0,12.0,0.0,0.0,1.0,9.0,4.0,9.0,12.0,1.0,0.0,A,0,0,1,0.0,0.0,2.0
2019-2020,x-00005,2019-11-23,t-00067,t-00014,0.0,3.0,4.0,5.0,2.27,3.4,3.42,1667.11560059,1699.41247559,1,-2,-3,-4,-1.0,12,24,0.75,12.0,3.5,4.5,10.0,2.5,0.125,1.1136363636363635,9.897727272727273,3.3068181818181817,4.25,9.454545454545455,1.8295454545454546,0.011363636363636364,A,0,0,1,0.0,1.0,1.0
2019-2020,x-00005,2019-11-23,t-00012,t-00032,0.0,2.0,0.0,9.0,3.9,3.56,2.05,1658.3770752,1827.7244873,3,13,4,10,-2.0,22,31,1.25,12.416666666666666,3.5833333333333335,3.8333333333333335,11.333333333333334,1.5,0.16666666666666666,2.090909090909091,13.954545454545455,5.045454545454546,5.954545454545454,10.136363636363637,0.9545454545454546,0.045454545454545456,A,0,0,1,0.0,1.0,1.0
2019-2020,x-00005,2019-11-23,t-00035,t-00018,2.0,1.0,4.0,2.0,1.38,5.84,7.62,2022.59899902,1904.98034668,2,9,14,10,7.0,28,37,2.6818181818181817,18.25,6.8977272727272725,7.738636363636363,8.965909090909092,1.4318181818181819,0.045454545454545456,2.25,17.0,6.666666666666667,5.833333333333333,8.916666666666666,1.9166666666666667,0.0,H,1,0,0,2.0,0.0,0.0
2019-2020,x-00005,2019-11-23,t-00022,t-00033,1.0,2.0,6.0,4.0,6.95,4.65,1.49,1745.69934082,2068.90942383,-5,5,-1,6,-3.0,14,36,1.3333333333333333,7.666666666666667,2.6666666666666665,4.333333333333333,6.666666666666667,1.3333333333333333,0.3333333333333333,2.6666666666666665,17.0,7.0,7.0,9.0,1.0,0.3333333333333333,A,0,0,1,0.0,0.0,2.0
2019-2020,x-00005,2019-11-23,t-00002,t-00057,2.0,2.0,5.0,6.0,1.5,4.54,7.05,1855.1673584,1644.41088867,-2,-14,2,1,3.0,16,17,2.0,12.5,4.0,5.5,8.5,0.5,0.0,1.5,11.0,5.5,4.0,13.0,1.5,0.0,D,0,1,0,2.0,0.0,0.0
2019-2020,x-00005,2019-11-24,t-00055,t-00036,3.0,3.0,8.0,5.0,3.95,3.45,2.08,1685.03564453,1833.66223145,4,2,1,-2,0.0,19,31,1.0833333333333333,10.333333333333334,3.0833333333333335,6.083333333333333,10.583333333333334,1.8333333333333333,0.08333333333333333,1.5757575757575757,14.666666666666666,5.575757575757576,5.303030303030303,10.545454545454545,1.9393939393939394,0.06060606060606061,D,0,1,0,0.0,0.0,0.0
2019-2020,x-00005,2019-11-25,t-00003,t-00040,2.0,0.0,8.0,5.0,2.22,3.58,3.37,1642.02038574,1722.81591797,0,2,2,-6,0.0,31,22,1.4166666666666667,13.416666666666666,5.333333333333333,4.166666666666667,11.166666666666666,1.5833333333333333,0.08333333333333333,0.9166666666666666,10.333333333333334,3.3333333333333335,3.5833333333333335,8.916666666666666,1.6666666666666667,0.16666666666666666,H,1,0,0,0.0,0.0,0.0
2019-2020,x-00005,2019-11-30,t-00018,t-00069,0.0,1.0,6.0,4.0,1.3,6.14,10.01,1887.44018555,1694.2388916,5,-7,4,-3,2.0,32,22,2.1538461538461537,16.53846153846154,6.3076923076923075,5.538461538461538,8.923076923076923,1.8461538461538463,0.0,1.3333333333333333,11.549019607843137,4.313725490196078,4.901960784313726,9.156862745098039,1.6274509803921569,0.0392156862745098,A,0,0,1,1.0,1.0,0.0
2019-2020,x-00005,2019-11-30,t-00057,t-00067,2.0,1.0,6.0,3.0,2.1,3.6,3.67,1638.18261719,1639.05334473,-11,-2,-15,-8,-2.0,20,14,1.25,11.38888888888889,3.9722222222222223,4.75,11.277777777777779,1.5555555555555556,0.1111111111111111,0.6666666666666666,12.333333333333334,3.5555555555555554,4.777777777777778,10.444444444444445,2.2222222222222223,0.1111111111111111,H,1,0,0,0.0,1.0,1.0
2019-2020,x-00005,2019-11-30,t-00014,t-00022,0.0,2.0,4.0,2.0,2.05,3.56,3.89,1701.82678223,1730.30285645,0,-7,1,-4,-1.0,26,16,0.3333333333333333,10.0,2.0,4.0,9.666666666666666,1.6666666666666667,0.0,2.0,18.666666666666668,5.0,6.0,11.333333333333334,1.0,0.0,A,0,0,1,1.0,0.0,1.0
2019-2020,x-00005,2019-11-30,t-00033,t-00012,2.0,1.0,7.0,5.0,1.2,7.42,14.78,2050.96191406,1637.92700195,5,-2,8,-9,5.0,32,16,2.2808988764044944,16.01123595505618,6.067415730337078,6.325842696629214,8.741573033707866,1.0674157303370786,0.033707865168539325,1.1538461538461537,12.0,3.3076923076923075,4.0,11.153846153846153,1.5384615384615385,0.15384615384615385,H,1,0,0,2.0,0.0,0.0
2019-2020,x-00005,2019-11-30,t-00040,t-00035,2.0,2.0,3.0,9.0,11.0,7.75,1.23,1697.79858398,2006.15869141,-1,5,2,3,0.0,25,30,0.8461538461538461,10.384615384615385,3.4615384615384617,3.769230769230769,8.923076923076923,1.6153846153846154,0.15384615384615385,2.6741573033707864,18.213483146067414,6.865168539325842,7.741573033707865,8.92134831460674,1.4269662921348314,0.0449438202247191,D,0,1,0,1.0,0.0,1.0
2019-2020,x-00005,2019-11-30,t-00064,t-00009,3.0,2.0,5.0,6.0,1.34,5.67,9.23,1849.00244141,1692.14807129,0,-1,4,-2,6.0,19,18,1.6666666666666667,13.333333333333334,4.666666666666667,4.666666666666667,11.333333333333334,1.6666666666666667,0.0,0.3333333333333333,15.0,5.333333333333333,8.666666666666666,11.0,3.0,0.0,H,1,0,0,2.0,0.0,0.0
2019-2020,x-00005,2019-12-01,t-00036,t-00003,2.0,2.0,6.0,3.0,1.47,4.75,7.32,1803.59814453,1641.38977051,3,-2,2,-2,0.0,33,27,1.6176470588235294,14.558823529411764,5.5588235294117645,5.235294117647059,10.529411764705882,1.9411764705882353,0.058823529411764705,1.4615384615384615,13.692307692307692,5.538461538461538,4.6923076923076925,11.076923076923077,1.5384615384615385,0.07692307692307693,D,0,1,0,0.0,0.0,0.0
2019-2020,x-00005,2019-12-01,t-00071,t-00055,1.0,1.0,3.0,4.0,2.23,3.2,3.82,1753.89624023,1674.70056152,2,4,0,2,0.0,26,24,1.2745098039215685,12.294117647058824,3.9215686274509802,5.098039215686274,11.098039215686274,1.8823529411764706,0.058823529411764705,1.2307692307692308,10.461538461538462,3.4615384615384617,6.076923076923077,10.76923076923077,1.7692307692307692,0.07692307692307693,D,0,1,0,0.0,0.0,0.0
2019-2020,x-00005,2019-12-01,t-00041,t-00002,2.0,2.0,8.0,7.0,4.56,4.49,1.71,1604.76806641,1823.32739258,-4,-3,-8,-5,0.0,14,19,0.0,0.0,0.0,0.0,0.0,0.0,0.0,0.0,0.0,0.0,0.0,0.0,0.0,0.0,D,0,1,0,0.0,0.0,0.0
2019-2020,x-00005,2019-12-01,t-00032,t-00025,2.0,1.0,6.0,3.0,1.65,4.08,5.57,1822.52648926,1710.85656738,16,0,11,-5,1.0,39,31,2.0869565217391304,14.173913043478262,5.217391304347826,6.0,9.73913043478261,0.9130434782608695,0.043478260869565216,1.3333333333333333,12.653333333333334,4.026666666666666,5.52,11.653333333333334,1.5466666666666666,0.13333333333333333,H,1,0,0,1.0,0.0,1.0
2019-2020,x-00005,2019-12-03,t-00022,t-00009,1.0,0.0,2.0,3.0,2.27,3.41,3.41,1742.86584473,1689.08081055,-3,-2,-3,-1,2.0,16,22,2.5,16.0,6.0,4.0,11.5,3.5,0.0,2.25,14.5,5.75,5.25,9.75,1.75,0.0,H,1,0,0,1.0,1.0,0.0
2019-2020,x-00005,2019-12-03,t-00014,t-00035,1.0,4.0,2.0,8.0,10.93,7.61,1.23,1689.26367188,2000.07397461,-1,3,2,1,-1.0,26,29,0.25,5.25,0.75,2.25,6.25,2.5,0.0,2.5,21.0,8.5,8.25,8.5,1.5,0.0,A,0,0,1,0.0,1.0,1.0
2019-2020,x-00005,2019-12-04,t-00032,t-00067,2.0,0.0,6.0,1.0,1.39,5.26,8.29,1826.49633789,1632.59069824,16,-3,10,-9,4.0,42,15,0.0,0.0,0.0,0.0,0.0,0.0,0.0,0.0,0.0,0.0,0.0,0.0,0.0,0.0,H,1,0,0,2.0,0.0,0.0
2019-2020,x-00005,2019-12-04,t-00057,t-00041,2.0,1.0,5.0,3.0,1.76,4.04,4.68,1644.6451416,1609.0012207,-10,-4,-14,-4,0.0,21,21,1.2702702702702702,11.378378378378379,4.027027027027027,4.783783783783784,11.135135135135135,1.5405405405405406,0.10810810810810811,1.0714285714285714,11.571428571428571,4.0,4.857142857142857,9.785714285714286,1.7857142857142858,0.0,H,1,0,0,0.0,0.0,0.0
2019-2020,x-00005,2019-12-04,t-00036,t-00064,2.0,1.0,7.0,5.0,2.6,3.5,2.82,1797.92053223,1852.06982422,3,1,3,-4,-2.0,37,22,1.6285714285714286,14.6,5.571428571428571,5.3428571428571425,10.685714285714285,2.0,0.05714285714285714,1.8070175438596492,13.31578947368421,5.157894736842105,5.754385964912281,11.228070175438596,1.7719298245614035,0.05263157894736842,H,1,0,0,1.0,0.0,1.0
2019-2020,x-00005,2019-12-04,t-00033,t-00025,5.0,2.0,5.0,4.0,1.66,4.11,5.59,2051.72119141,1706.88671875,6,-3,7,-4,1.0,35,24,1.3333333333333333,13.333333333333334,3.6666666666666665,6.0,10.0,2.6666666666666665,0.0,1.0,8.333333333333334,3.3333333333333335,2.3333333333333335,11.0,1.0,0.0,H,1,0,0,1.0,1.0,0.0
2019-2020,x-00005,2019-12-04,t-00071,t-00069,2.0,0.0,7.0,3.0,1.67,4.13,5.31,1750.05163574,1707.98510742,2,-4,0,-4,3.0,28,22,2.0,17.5,7.5,4.5,9.5,2.5,0.0,0.0,8.5,1.5,2.5,10.0,1.5,0.0,H,1,0,0,1.0,0.0,0.0
2019-2020,x-00005,2019-12-04,t-00018,t-00003,2.0,1.0,9.0,3.0,1.36,5.66,8.46,1873.69384766,1647.06738281,3,-3,3,-1,0.0,30,22,2.0,16.714285714285715,6.285714285714286,5.785714285714286,8.285714285714286,1.7142857142857142,0.0,1.5,13.357142857142858,5.357142857142857,5.0,10.857142857142858,1.5,0.07142857142857142,H,1,0,0,0.0,0.0,0.0
2019-2020,x-00005,2019-12-05,t-00055,t-00040,0.0,2.0,6.0,4.0,1.79,3.63,5.24,1678.54516602,1703.88330078,3,0,2,-9,0.0,26,28,1.2142857142857142,10.357142857142858,3.5,5.785714285714286,11.285714285714286,1.9285714285714286,0.07142857142857142,0.9285714285714286,10.071428571428571,3.4285714285714284,3.5714285714285716,8.571428571428571,1.5714285714285714,0.14285714285714285,A,0,0,1,0.0,0.0,0.0
2019-2020,x-00005,2019-12-05,t-00002,t-00012,1.0,2.0,5.0,9.0,1.66,4.32,5.17,1819.09423828,1637.16784668,-2,-2,2,-6,2.0,23,16,2.0,16.0,7.0,12.0,10.0,1.0,0.0,1.1428571428571428,12.0,3.4285714285714284,4.071428571428571,11.071428571428571,1.4285714285714286,0.14285714285714285,A,0,0,1,1.0,1.0,0.0
2019-2020,x-00005,2019-12-07,t-00009,t-00033,0.0,3.0,0.0,9.0,6.58,4.63,1.51,1683.89880371,2053.68041992,-3,8,2,4,-8.0,20,27,0.0,8.0,1.75,4.5,7.25,1.5,0.0,3.5,17.75,6.75,6.0,11.0,1.25,0.0,A,0,0,1,0.0,0.0,2.0
2019-2020,x-00005,2019-12-07,t-00025,t-00018,3.0,1.0,7.0,4.0,3.37,3.81,2.15,1704.92724609,1875.87243652,-5,2,-4,8,2.0,22,32,0.0,0.0,0.0,0.0,0.0,0.0,0.0,0.0,0.0,0.0,0.0,0.0,0.0,0.0,H,1,0,0,1.0,1.0,0.0
2019-2020,x-00005,2019-12-07,t-00035,t-00036,1.0,2.0,5.0,7.0,1.32,6.2,9.5,2004.70166016,1805.85083008,3,2,11,-2,1.0,28,33,2.0,8.0,5.0,1.0,10.0,2.0,0.0,0.0,12.0,1.0,1.0,10.0,2.0,0.0,A,0,0,1,1.0,0.0,1.0
2019-2020,x-00005,2019-12-07,t-00064,t-00014,5.0,0.0,7.0,1.0,1.45,4.95,7.29,1844.1394043,1684.6361084,1,-2,6,-1,1.0,23,23,1.6666666666666667,18.666666666666668,5.666666666666667,7.0,11.666666666666666,3.0,0.3333333333333333,0.6666666666666666,8.333333333333334,2.0,3.0,9.333333333333334,4.0,0.0,H,1,0,0,1.0,1.0,0.0
2019-2020,x-00005,2019-12-07,t-00067,t-00022,0.0,0.0,3.0,0.0,2.48,3.37,3.05,1628.91638184,1748.04785156,-5,-2,-4,-3,1.0,13,14,0.0,4.0,1.0,2.0,16.0,2.0,0.0,1.264367816091954,12.137931034482758,3.8505747126436782,5.264367816091954,10.804597701149426,1.6781609195402298,0.034482758620689655,D,0,1,0,1.0,1.0,0.0
2019-2020,x-00005,2019-12-08,t-00012,t-00071,2.0,2.0,4.0,5.0,2.65,3.22,2.98,1650.84753418,1757.78039551,-2,4,4,3,1.0,21,30,1.2,12.533333333333333,3.8,4.4,11.066666666666666,1.4,0.13333333333333333,1.2830188679245282,12.320754716981131,3.9622641509433962,5.132075471698113,11.056603773584905,1.849056603773585,0.05660377358490566,D,0,1,0,1.0,0.0,0.0
2019-2020,x-00005,2019-12-08,t-00040,t-00057,2.0,1.0,6.0,4.0,2.59,3.42,2.87,1716.76538086,1650.11987305,2,0,2,-1,5.0,30,23,1.0,9.8,3.466666666666667,3.4,8.4,1.4666666666666666,0.13333333333333333,1.2894736842105263,11.447368421052632,4.052631578947368,4.815789473684211,11.157894736842104,1.5263157894736843,0.10526315789473684,H,1,0,0,2.0,0.0,0.0
2019-2020,x-00005,2019-12-08,t-00041,t-00055,1.0,2.0,4.0,3.0,3.18,3.57,2.31,1603.52648926,1665.66320801,-3,1,-7,2,0.0,21,28,1.0666666666666667,11.466666666666667,3.933333333333333,4.6,9.6,1.7333333333333334,0.0,1.1333333333333333,10.533333333333333,3.6666666666666665,5.933333333333334,11.2,1.9333333333333333,0.06666666666666667,A,0,0,1,0.0,0.0,0.0
2019-2020,x-00005,2019-12-08,t-00003,t-00032,1.0,4.0,2.0,8.0,4.98,4.16,1.7,1644.88891602,1830.1706543,-1,9,2,11,0.0,20,33,1.4666666666666666,13.066666666666666,5.2,5.0,10.8,1.4666666666666666,0.06666666666666667,2.08,14.16,5.28,5.96,9.76,0.96,0.04,A,0,0,1,0.0,0.0,0.0
2019-2020,x-00005,2019-12-09,t-00069,t-00002,1.0,3.0,4.0,3.0,3.61,4.3,1.95,1700.25622559,1805.41467285,-6,-3,-1,-3,1.0,21,22,1.3018867924528301,11.320754716981131,4.283018867924528,4.849056603773585,9.283018867924529,1.6603773584905661,0.03773584905660377,1.5,14.0,6.0,10.5,10.0,2.0,0.0,A,0,0,1,1.0,1.0,0.0
2019-2020,x-00005,2019-12-14,t-00055,t-00003,2.0,0.0,3.0,0.0,1.79,3.89,4.68,1677.64453125,1640.44897461,-1,-3,1,-1,0.0,25,20,1.1875,10.4375,3.625,5.625,11.25,2.0625,0.0625,1.4375,13.1875,5.0,5.1875,11.4375,1.75,0.0625,H,1,0,0,0.0,0.0,0.0
2019-2020,x-00005,2019-12-14,t-00014,t-00040,1.0,0.0,4.0,0.0,2.01,3.52,4.12,1681.72888184,1725.78393555,-4,2,-3,-5,0.0,24,27,1.108695652173913,9.869565217391305,3.2934782608695654,4.217391304347826,9.51086956521739,1.826086956521739,0.010869565217391304,1.0625,9.9375,3.625,3.375,8.5625,1.4375,0.125,H,1,0,0,1.0,0.0,1.0
2019-2020,x-00005,2019-12-14,t-00033,t-00067,2.0,0.0,6.0,2.0,1.2,7.46,15.82,2065.80029297,1634.62524414,10,-4,8,-3,10.0,30,13,0.0,0.0,0.0,0.0,0.0,0.0,0.0,0.0,0.0,0.0,0.0,0.0,0.0,0.0,H,1,0,0,2.0,0.0,0.0
2019-2020,x-00005,2019-12-14,t-00032,t-00041,1.0,1.0,5.0,3.0,1.25,6.89,11.49,1842.72680664,1599.66149902,10,-2,11,-3,0.0,36,25,2.1538461538461537,14.5,5.384615384615385,5.923076923076923,9.961538461538462,1.0,0.038461538461538464,1.0625,11.625,3.9375,4.875,9.375,1.625,0.0,D,0,1,0,0.0,0.0,0.0
2019-2020,x-00005,2019-12-14,t-00018,t-00009,0.0,1.0,5.0,2.0,1.24,7.01,12.05,1866.9354248,1684.74768066,-1,-7,5,-4,-1.0,26,14,1.9375,17.125,6.3125,5.9375,8.9375,1.625,0.0,1.2934782608695652,11.858695652173912,4.130434782608695,5.391304347826087,8.945652173913043,1.5869565217391304,0.03260869565217391,A,0,0,1,1.0,0.0,1.0
2019-2020,x-00005,2019-12-14,t-00057,t-00069,0.0,1.0,2.0,4.0,1.83,4.01,4.29,1649.21765137,1694.65771484,0,-7,-11,-6,0.0,24,19,0.5,11.0,3.0,5.5,10.5,1.5,0.0,2.5,16.5,5.5,3.5,2.5,0.5,0.0,A,0,0,1,1.0,0.0,1.0
2019-2020,x-00005,2019-12-15,t-00036,t-00025,1.0,1.0,8.0,3.0,1.69,4.01,5.32,1830.25720215,1724.22399902,4,-3,3,-5,5.0,36,26,1.6486486486486487,14.432432432432432,5.648648648648648,5.243243243243243,10.621621621621621,1.945945945945946,0.05405405405405406,3.0,13.0,7.0,1.0,14.0,3.0,0.0,D,0,1,0,2.0,0.0,0.0
2019-2020,x-00005,2019-12-15,t-00002,t-00035,0.0,3.0,1.0,7.0,7.29,5.83,1.38,1815.04003906,2000.02990723,-1,1,0,5,-5.0,21,29,2.0,12.666666666666666,5.0,8.0,8.666666666666666,1.3333333333333333,0.0,2.6630434782608696,18.304347826086957,6.880434782608695,7.836956521739131,8.869565217391305,1.4456521739130435,0.043478260869565216,A,0,0,1,0.0,0.0,2.0
2019-2020,x-00005,2019-12-15,t-00071,t-00064,1.0,2.0,5.0,5.0,2.88,3.65,2.47,1765.2364502,1849.09313965,4,6,5,-4,-1.0,27,28,1.0,11.0,8.0,4.0,17.0,1.0,0.0,1.0,15.0,6.0,5.0,5.0,1.0,0.0,A,0,0,1,0.0,0.0,1.0
2019-2020,x-00005,2019-12-16,t-00022,t-00012,1.0,1.0,4.0,10.0,2.86,3.27,2.7,1750.45532227,1656.16137695,0,-4,-2,-5,0.0,11,20,1.25,12.034090909090908,3.8068181818181817,5.2272727272727275,10.863636363636363,1.6818181818181819,0.03409090909090909,1.25,12.5625,3.8125,4.3125,11.0,1.5,0.125,D,0,1,0,1.0,0.0,1.0
2019-2020,x-00005,2019-12-21,t-00035,t-00032,3.0,1.0,12.0,2.0,1.37,5.85,7.73,2008.22253418,1835.67602539,6,8,2,15,5.0,33,34,1.0,19.0,5.0,11.0,12.0,3.0,0.0,0.0,7.0,2.0,0.0,5.0,2.0,0.0,H,1,0,0,2.0,0.0,0.0
2019-2020,x-00005,2019-12-21,t-00025,t-00002,0.0,0.0,0.0,2.0,2.14,3.84,3.34,1728.64599609,1806.84753418,-4,-2,0,-1,-2.0,24,21,2.0,10.5,5.0,3.0,13.0,2.5,0.0,1.5,11.0,4.0,6.75,8.75,1.25,0.0,D,0,1,0,1.0,0.0,1.0
2019-2020,x-00005,2019-12-21,t-00040,t-00022,1.0,0.0,3.0,4.0,2.45,3.14,3.29,1718.14465332,1746.34484863,0,2,3,1,0.0,18,14,1.0,9.882352941176471,3.411764705882353,3.3529411764705883,8.764705882352942,1.4705882352941178,0.11764705882352941,1.247191011235955,12.02247191011236,3.808988764044944,5.202247191011236,10.820224719101123,1.6741573033707866,0.033707865168539325,H,1,0,0,1.0,0.0,1.0
2019-2020,x-00005,2019-12-21,t-00041,t-00071,1.0,2.0,7.0,4.0,4.07,3.86,1.91,1606.7121582,1757.91967773,0,2,-9,3,0.0,23,27,1.0588235294117647,11.529411764705882,3.8823529411764706,4.823529411764706,9.705882352941176,1.7647058823529411,0.0,1.290909090909091,12.436363636363636,4.0,5.218181818181818,11.036363636363637,1.8545454545454545,0.05454545454545454,A,0,0,1,0.0,0.0,0.0
2019-2020,x-00005,2019-12-21,t-00012,t-00055,0.0,1.0,2.0,2.0,2.22,3.3,3.61,1660.27185059,1685.52648926,-2,1,4,1,0.0,28,24,1.2352941176470589,12.705882352941176,4.176470588235294,4.470588235294118,11.058823529411764,1.4705882352941178,0.11764705882352941,1.2352941176470589,10.235294117647058,3.588235294117647,5.470588235294118,11.176470588235293,2.0588235294117645,0.058823529411764705,A,0,0,1,0.0,0.0,0.0
2019-2020,x-00005,2019-12-21,t-00009,t-00014,0.0,1.0,0.0,1.0,2.37,3.35,3.22,1698.25817871,1689.36816406,-5,-6,-3,-6,-3.0,13,16,1.0,13.75,3.5,5.75,9.0,0.5,0.0,2.5,11.25,4.0,5.5,14.5,1.5,0.0,A,0,0,1,0.0,0.0,2.0
2019-2020,x-00005,2019-12-21,t-00003,t-00057,1.0,3.0,6.0,8.0,2.53,3.75,2.71,1632.5670166,1640.89074707,-4,0,-1,-3,0.0,16,23,1.3529411764705883,12.882352941176471,4.705882352941177,5.0,11.294117647058824,1.7647058823529411,0.058823529411764705,1.25,11.625,4.0,5.0,11.25,1.55,0.1,A,0,0,1,0.0,0.0,0.0
2019-2020,x-00005,2019-12-22,t-00064,t-00018,0.0,2.0,1.0,3.0,2.38,3.58,3.05,1856.41003418,1853.42504883,7,-4,7,3,1.0,28,26,1.85,13.15,5.183333333333334,5.566666666666666,11.183333333333334,1.7833333333333334,0.05,1.8235294117647058,17.176470588235293,6.235294117647059,6.117647058823529,8.941176470588236,1.588235294117647,0.0,A,0,0,1,1.0,0.0,1.0
2019-2020,x-00005,2019-12-22,t-00067,t-00036,2.0,0.0,3.0,8.0,4.7,3.83,1.81,1633.67041016,1825.83520508,-8,2,-4,1,-3.0,13,33,0.0,8.0,2.0,3.0,6.0,1.0,0.0,1.631578947368421,14.68421052631579,5.7105263157894735,5.2631578947368425,10.605263157894736,1.9210526315789473,0.05263157894736842,H,1,0,0,0.0,0.0,2.0
2019-2020,x-00005,2019-12-26,t-00064,t-00012,2.0,1.0,5.0,5.0,1.53,4.48,6.6,1843.15283203,1651.33776855,4,-1,4,-3,3.0,23,30,1.819672131147541,13.01639344262295,5.114754098360656,5.524590163934426,11.147540983606557,1.819672131147541,0.06557377049180328,1.1666666666666667,12.5,4.055555555555555,4.444444444444445,10.777777777777779,1.4444444444444444,0.1111111111111111,H,1,0,0,2.0,0.0,0.0
2019-2020,x-00005,2019-12-26,t-00009,t-00002,1.0,1.0,4.0,2.0,3.81,4.14,1.91,1688.64782715,1806.25622559,-5,-2,-4,-1,0.0,11,18,0.0,0.0,0.0,0.0,0.0,0.0,0.0,0.0,0.0,0.0,0.0,0.0,0.0,0.0,D,0,1,0,1.0,0.0,1.0
2019-2020,x-00005,2019-12-26,t-00025,t-00014,1.0,0.0,5.0,0.0,1.75,3.65,5.36,1729.23730469,1698.97851562,-2,-8,2,-5,1.0,17,12,0.0,0.0,0.0,0.0,0.0,0.0,0.0,0.0,0.0,0.0,0.0,0.0,0.0,0.0,H,1,0,0,1.0,0.0,1.0
2019-2020,x-00005,2019-12-26,t-00003,t-00041,1.0,0.0,2.0,6.0,2.19,3.73,3.27,1619.42358398,1601.2064209,-8,-3,-3,-1,0.0,14,25,5.0,22.0,12.0,6.0,17.0,3.0,0.0,1.0,21.0,5.0,10.0,14.0,1.0,0.0,H,1,0,0,0.0,0.0,0.0
2019-2020,x-00005,2019-12-26,t-00032,t-00033,0.0,4.0,0.0,6.0,3.61,4.17,1.97,1831.53344727,2066.75512695,4,10,6,6,-2.0,27,31,1.0,2.0,1.0,6.0,17.0,4.0,0.0,2.0,18.0,8.0,4.0,9.0,1.0,0.0,A,0,0,1,0.0,0.0,2.0
2019-2020,x-00005,2019-12-26,t-00018,t-00057,0.0,2.0,3.0,3.0,1.4,5.08,8.43,1866.68225098,1654.03405762,-1,2,2,0,1.0,27,25,4.0,13.0,7.0,4.0,15.0,1.0,0.0,1.0,10.0,3.0,3.0,8.0,0.0,0.0,A,0,0,1,1.0,1.0,0.0
2019-2020,x-00005,2019-12-26,t-00022,t-00069,2.0,1.0,4.0,2.0,2.31,3.47,3.24,1738.99035645,1702.98449707,2,-3,-4,-5,0.0,12,19,1.6666666666666667,13.333333333333334,4.333333333333333,5.0,9.0,2.3333333333333335,0.0,1.6666666666666667,9.333333333333334,4.666666666666667,3.6666666666666665,10.0,1.3333333333333333,0.0,H,1,0,0,0.0,2.0,0.0
2019-2020,x-00005,2019-12-26,t-00036,t-00040,4.0,1.0,10.0,2.0,1.36,5.42,9.37,1809.38085938,1725.49914551,0,3,3,-1,4.0,36,16,0.0,12.0,3.0,6.0,10.0,3.0,0.0,1.0,12.0,2.0,4.0,12.0,3.0,0.0,H,1,0,0,2.0,0.0,0.0
2019-2020,x-00005,2019-12-26,t-00055,t-00067,1.0,1.0,4.0,2.0,1.81,3.67,4.86,1694.46057129,1650.12487793,2,-3,4,-3,0.0,18,12,1.2222222222222223,10.055555555555555,3.5,5.333333333333333,11.166666666666666,2.111111111111111,0.05555555555555555,1.0,9.5,2.5,3.0,11.0,2.0,0.0,D,0,1,0,0.0,0.0,0.0
2019-2020,x-00005,2019-12-27,t-00071,t-00035,3.0,2.0,8.0,3.0,6.67,5.38,1.44,1763.42541504,2012.3651123,2,7,2,6,0.0,24,41,1.0,7.0,1.3333333333333333,2.3333333333333335,10.0,1.0,0.3333333333333333,1.3333333333333333,20.0,5.666666666666667,10.0,8.333333333333334,2.6666666666666665,0.0,H,1,0,0,0.0,1.0,0.0
2019-2020,x-00005,2019-12-28,t-00040,t-00025,1.0,2.0,5.0,9.0,3.28,3.36,2.34,1717.23693848,1735.05212402,0,0,3,-4,0.0,15,19,1.0,9.631578947368421,3.3157894736842106,3.210526315789474,8.842105263157896,1.5263157894736843,0.10526315789473684,1.0,21.0,5.0,10.0,15.0,0.0,0.0,A,0,0,1,1.0,0.0,1.0
2019-2020,x-00005,2019-12-28,t-00067,t-00003,3.0,0.0,6.0,2.0,1.79,4.04,4.44,1652.96154785,1625.35754395,-2,-7,-2,-7,0.0,11,13,1.0,8.0,2.3333333333333335,2.3333333333333335,10.0,2.3333333333333335,0.0,1.3157894736842106,13.105263157894736,4.631578947368421,5.105263157894737,11.736842105263158,1.7894736842105263,0.05263157894736842,H,1,0,0,0.0,0.0,0.0
2019-2020,x-00005,2019-12-28,t-00012,t-00009,2.0,0.0,6.0,2.0,1.81,3.86,4.66,1648.62683105,1690.37475586,-1,-4,0,-2,-5.0,30,9,1.1578947368421053,12.421052631578947,4.105263157894737,4.315789473684211,10.68421052631579,1.4736842105263157,0.10526315789473684,1.2736842105263158,11.757894736842106,4.063157894736842,5.389473684210526,9.0,1.6210526315789473,0.031578947368421054,H,1,0,0,0.0,1.0,1.0
2019-2020,x-00005,2019-12-28,t-00041,t-00064,2.0,2.0,2.0,7.0,4.7,4.52,1.68,1595.27258301,1845.86376953,-4,4,-6,0,0.0,23,23,1.0,11.842105263157896,4.157894736842105,4.894736842105263,9.68421052631579,1.8421052631578947,0.0,1.8225806451612903,12.983870967741936,5.112903225806452,5.580645161290323,11.129032258064516,1.8548387096774193,0.06451612903225806,D,0,1,0,0.0,0.0,0.0
2019-2020,x-00005,2019-12-28,t-00069,t-00032,1.0,2.0,4.0,8.0,2.57,3.68,2.7,1697.29272461,1823.93688965,-3,-1,-5,14,0.0,17,21,2.0,11.0,3.0,6.0,8.0,2.0,0.0,2.0,11.0,5.0,8.0,9.0,0.0,0.0,A,0,0,1,0.0,2.0,0.0
2019-2020,x-00005,2019-12-28,t-00057,t-00022,1.0,1.0,5.0,2.0,2.0,3.52,4.1,1674.03710938,1744.68225098,3,1,-9,-1,-1.0,22,14,1.0,13.0,4.0,3.0,11.0,2.0,0.0,1.0,15.0,3.0,8.0,8.0,2.0,1.0,D,0,1,0,0.0,1.0,1.0
2019-2020,x-00005,2019-12-28,t-00014,t-00036,0.0,2.0,1.0,5.0,4.28,3.69,1.91,1693.16357422,1817.64294434,-7,3,-3,0,-3.0,8,40,2.0,6.0,4.0,3.0,9.0,3.0,0.0,2.0,28.0,9.0,11.0,10.0,1.0,0.0,A,0,0,1,0.0,0.0,2.0
2019-2020,x-00005,2019-12-29,t-00035,t-00055,2.0,0.0,4.0,0.0,1.24,6.85,13.14,1999.57836914,1691.62390137,6,2,6,2,0.0,35,18,2.663157894736842,18.189473684210526,6.894736842105263,7.6947368421052635,9.126315789473685,1.4736842105263157,0.05263157894736842,1.2105263157894737,10.368421052631579,3.526315789473684,5.526315789473684,11.157894736842104,2.0526315789473686,0.05263157894736842,H,1,0,0,0.0,0.0,0.0
2019-2020,x-00005,2019-12-29,t-00033,t-00071,1.0,0.0,3.0,2.0,1.26,6.28,12.29,2074.3515625,1776.21203613,13,3,9,2,2.0,33,29,2.0,14.0,5.5,7.0,3.0,0.0,0.0,0.0,9.0,3.5,1.0,9.0,1.0,0.0,H,1,0,0,1.0,0.0,0.0
2019-2020,x-00005,2019-12-29,t-00002,t-00018,1.0,2.0,2.0,4.0,3.06,3.6,2.37,1804.5291748,1846.67919922,-2,-2,-4,2,2.0,13,24,1.0,17.0,2.0,3.0,13.0,4.0,0.0,1.736842105263158,16.57894736842105,5.894736842105263,6.157894736842105,9.105263157894736,1.736842105263158,0.0,A,0,0,1,1.0,1.0,0.0
2019-2020,x-00005,2020-01-01,t-00040,t-00032,0.0,3.0,2.0,10.0,4.13,3.88,1.89,1708.01550293,1830.19836426,-3,-2,2,6,-3.0,16,23,0.0,3.0,0.0,0.0,9.0,1.0,1.0,5.0,13.0,5.0,9.0,12.0,1.0,0.0,A,0,0,1,0.0,0.0,2.0
2019-2020,x-00005,2020-01-01,t-00002,t-00036,2.0,0.0,4.0,4.0,2.65,3.59,2.67,1796.1661377,1826.82861328,-2,4,-5,0,0.0,10,38,1.0,12.0,2.0,2.5,13.0,4.5,0.0,1.6585365853658536,14.902439024390244,5.853658536585366,5.219512195121951,10.585365853658537,1.9268292682926829,0.04878048780487805,H,1,0,0,1.0,0.0,1.0
2019-2020,x-00005,2020-01-01,t-00067,t-00071,2.0,1.0,3.0,4.0,3.17,3.27,2.45,1662.98144531,1774.71240234,3,0,1,1,-1.0,16,24,1.5,11.0,3.25,3.25,11.5,2.5,0.25,1.3103448275862069,12.551724137931034,4.0344827586206895,5.293103448275862,10.879310344827585,1.8275862068965518,0.05172413793103448,H,1,0,0,0.0,0.0,1.0
2019-2020,x-00005,2020-01-01,t-00014,t-00003,1.0,2.0,1.0,6.0,2.03,3.34,4.22,1683.97790527,1615.33764648,-6,-9,-3,-7,0.0,7,12,2.0,10.0,3.0,3.0,16.0,4.0,0.0,2.0,16.0,3.0,7.0,10.0,1.0,0.0,A,0,0,1,0.0,0.0,0.0
2019-2020,x-00005,2020-01-01,t-00012,t-00018,1.0,1.0,5.0,5.0,3.94,4.03,1.89,1659.32214355,1855.0423584,0,-2,1,1,-5.0,27,19,0.0,8.0,1.0,2.0,13.0,3.0,0.0,2.0,24.0,10.0,5.0,5.0,2.0,0.0,D,0,1,0,0.0,0.0,2.0
2019-2020,x-00005,2020-01-01,t-00057,t-00064,1.0,0.0,3.0,5.0,3.51,3.91,2.05,1674.34790039,1840.8659668,2,5,0,1,1.0,22,25,1.302325581395349,11.651162790697674,4.093023255813954,5.069767441860465,11.325581395348838,1.5348837209302326,0.09302325581395349,1.8253968253968254,13.015873015873016,5.142857142857143,5.587301587301587,11.11111111111111,1.873015873015873,0.06349206349206349,H,1,0,0,1.0,1.0,0.0
2019-2020,x-00005,2020-01-01,t-00069,t-00009,4.0,0.0,7.0,2.0,1.97,3.61,4.12,1691.03125,1679.67944336,-5,-5,-5,-4,-1.0,17,8,2.0,11.0,4.5,5.0,11.0,3.5,0.0,2.0,17.0,6.5,5.0,9.5,2.0,0.0,H,1,0,0,0.0,1.0,1.0
2019-2020,x-00005,2020-01-01,t-00035,t-00025,2.0,1.0,7.0,2.0,1.33,5.78,9.31,2001.57202148,1744.27368164,5,4,5,-2,2.0,31,24,2.65625,18.166666666666668,6.864583333333333,7.697916666666667,9.083333333333334,1.46875,0.052083333333333336,1.5,21.5,7.0,9.0,14.0,1.0,0.0,H,1,0,0,1.0,1.0,0.0
2019-2020,x-00005,2020-01-01,t-00041,t-00022,1.0,1.0,4.0,3.0,2.37,3.45,3.14,1600.27038574,1744.37133789,-3,0,-4,-1,0.0,22,14,0.0,10.0,3.0,5.0,10.0,1.0,0.0,2.0,15.0,3.0,5.0,14.0,3.0,0.0,D,0,1,0,0.0,0.0,0.0
2019-2020,x-00005,2020-01-02,t-00033,t-00055,2.0,0.0,7.0,2.0,1.3,5.54,12.41,2075.85131836,1689.63024902,13,2,9,0,0.0,29,12,1.0,16.0,4.0,5.0,4.0,1.0,0.0,0.0,12.0,2.0,6.0,8.0,1.0,0.0,H,1,0,0,0.0,0.0,0.0
2019-2020,x-00005,2020-01-10,t-00055,t-00069,1.0,0.0,3.0,2.0,1.88,3.57,4.57,1688.32421875,1703.38427734,-1,1,3,-4,0.0,11,21,1.0952380952380953,9.904761904761905,3.2857142857142856,5.428571428571429,10.761904761904763,1.9047619047619047,0.047619047619047616,1.4642857142857142,9.678571428571429,3.75,4.464285714285714,9.571428571428571,1.75,0.0,H,1,0,0,0.0,0.0,0.0
2019-2020,x-00005,2020-01-11,t-00064,t-00033,0.0,1.0,4.0,7.0,4.9,4.05,1.72,1830.16821289,2077.15722656,-1,12,5,9,2.0,23,31,1.0,5.666666666666667,1.6666666666666667,2.0,12.333333333333334,2.0,0.0,1.3333333333333333,23.0,6.0,11.0,9.666666666666666,0.3333333333333333,0.0,A,0,0,1,1.0,0.0,1.0
2019-2020,x-00005,2020-01-11,t-00036,t-00041,4.0,0.0,6.0,3.0,1.32,5.66,10.11,1816.56176758,1602.71081543,1,-2,6,-2,0.0,35,22,3.0,21.0,11.0,10.0,10.0,2.0,0.0,1.0,10.0,3.0,1.0,13.0,2.0,0.0,H,1,0,0,0.0,0.0,0.0
2019-2020,x-00005,2020-01-11,t-00018,t-00014,3.0,0.0,8.0,2.0,1.36,5.12,9.69,1851.26318359,1672.70043945,0,-2,-1,-5,-1.0,20,7,4.0,16.0,7.0,6.0,8.0,2.0,0.0,2.0,13.0,5.0,5.0,7.0,3.0,0.0,H,1,0,0,0.0,1.0,1.0
2019-2020,x-00005,2020-01-11,t-00022,t-00002,1.0,1.0,3.0,4.0,4.78,3.84,1.78,1741.9309082,1806.4329834,0,-2,-1,0,-1.0,17,11,1.2365591397849462,12.0,3.78494623655914,5.204301075268817,10.698924731182796,1.6236559139784945,0.03225806451612903,1.3333333333333333,11.333333333333334,2.6666666666666665,2.0,12.333333333333334,3.6666666666666665,0.0,D,0,1,0,0.0,1.0,1.0
2019-2020,x-00005,2020-01-11,t-00032,t-00057,1.0,2.0,5.0,10.0,1.73,3.9,5.12,1841.3951416,1685.04577637,-2,4,1,2,-1.0,25,21,9.0,25.0,15.0,7.0,12.0,0.0,0.0,0.0,6.0,3.0,2.0,3.0,0.0,1.0,A,0,0,1,0.0,1.0,1.0
2019-2020,x-00005,2020-01-11,t-00025,t-00012,1.0,0.0,6.0,2.0,1.93,3.8,4.02,1742.39196777,1663.10144043,1,0,1,-3,4.0,19,28,1.3333333333333333,16.666666666666668,5.333333333333333,8.0,13.0,2.0,0.0,1.1904761904761905,12.761904761904763,4.238095238095238,4.571428571428571,10.428571428571429,1.4285714285714286,0.09523809523809523,H,1,0,0,2.0,0.0,0.0
2019-2020,x-00005,2020-01-11,t-00071,t-00040,1.0,1.0,4.0,1.0,1.45,4.6,7.92,1765.18786621,1696.81872559,-1,-7,3,-3,0.0,23,12,1.0,13.0,5.0,6.0,15.0,2.0,0.0,1.0,13.0,2.0,3.0,8.0,2.0,1.0,D,0,1,0,0.0,1.0,0.0
2019-2020,x-00005,2020-01-12,t-00009,t-00067,0.0,3.0,1.0,6.0,2.58,3.45,2.83,1667.32641602,1672.50598145,-6,4,-4,-3,-2.0,10,16,1.2474226804123711,11.649484536082474,4.020618556701031,5.319587628865979,9.051546391752577,1.6288659793814433,0.030927835051546393,1.6,10.6,3.2,3.4,11.6,2.6,0.4,A,0,0,1,0.0,1.0,1.0
2019-2020,x-00005,2020-01-12,t-00003,t-00035,1.0,6.0,1.0,12.0,15.31,9.4,1.16,1626.61523438,2003.45373535,-5,7,-3,3,0.0,16,33,0.0,11.0,5.0,7.0,5.0,1.0,0.0,3.0,25.0,9.0,13.0,10.0,1.0,1.0,A,0,0,1,0.0,0.0,0.0
2019-2020,x-00005,2020-01-18,t-00069,t-00025,1.0,1.0,6.0,3.0,2.97,3.45,2.48,1696.43371582,1747.21459961,2,2,-1,-4,0.0,19,22,1.4137931034482758,9.586206896551724,3.689655172413793,4.413793103448276,9.448275862068966,1.6896551724137931,0.0,1.25,16.0,5.5,7.0,11.5,2.0,0.0,D,0,1,0,1.0,0.0,1.0
2019-2020,x-00005,2020-01-18,t-00041,t-00009,1.0,0.0,5.0,3.0,2.28,3.52,3.26,1597.93200684,1651.19335938,-6,-10,-2,-7,0.0,22,9,0.0,10.0,1.0,7.0,11.0,3.0,0.0,0.0,11.0,2.0,6.0,8.0,1.0,0.0,H,1,0,0,0.0,0.0,0.0
2019-2020,x-00005,2020-01-18,t-00057,t-00071,2.0,3.0,5.0,4.0,2.63,3.11,3.04,1698.03857422,1761.72094727,6,0,2,0,2.0,29,22,2.0,13.5,5.5,3.5,15.0,1.5,0.0,1.0,10.5,1.5,5.0,9.0,3.0,0.0,A,0,0,1,1.0,0.0,0.0
2019-2020,x-00005,2020-01-18,t-00012,t-00003,1.0,1.0,2.0,3.0,1.68,4.26,4.96,1658.27880859,1622.75268555,-1,-8,-1,-5,0.0,20,17,1.0,20.0,5.0,5.0,17.0,2.0,1.0,2.0,24.0,8.0,7.0,9.0,1.0,0.0,D,0,1,0,0.0,0.0,0.0
2019-2020,x-00005,2020-01-18,t-00002,t-00055,1.0,1.0,4.0,4.0,2.09,3.34,3.96,1806.22546387,1695.27478027,1,-2,-3,-2,0.0,14,11,1.25,10.25,3.0,2.5,14.75,3.5,0.25,1.0909090909090908,10.045454545454545,3.272727272727273,5.5,10.772727272727273,1.8636363636363635,0.045454545454545456,D,0,1,0,0.0,0.0,0.0
2019-2020,x-00005,2020-01-18,t-00040,t-00018,1.0,0.0,2.0,4.0,5.51,4.42,1.61,1700.28564453,1856.31433105,-6,4,-2,0,2.0,13,23,0.0,5.0,0.0,0.0,12.0,1.0,0.0,1.0,16.0,8.0,11.0,9.0,2.0,0.0,H,1,0,0,1.0,0.0,1.0
2019-2020,x-00005,2020-01-18,t-00067,t-00064,0.0,0.0,2.0,5.0,3.11,3.55,2.34,1688.63903809,1826.59460449,9,-3,3,0,1.0,20,22,1.8333333333333333,11.833333333333334,3.6666666666666665,3.6666666666666665,11.833333333333334,2.3333333333333335,0.3333333333333333,1.7692307692307692,13.0,5.123076923076923,5.615384615384615,10.953846153846154,1.876923076923077,0.06153846153846154,D,0,1,0,1.0,1.0,0.0
2019-2020,x-00005,2020-01-18,t-00035,t-00022,2.0,2.0,6.0,3.0,1.09,12.35,29.32,2007.31616211,1742.13842773,9,0,5,1,4.0,38,16,2.4,20.0,6.8,9.2,9.0,1.6,0.0,0.8,6.8,1.8,2.4,8.0,2.2,0.0,D,0,1,0,1.0,0.0,1.0
2019-2020,x-00005,2020-01-19,t-00033,t-00036,2.0,0.0,5.0,4.0,1.46,4.64,7.58,2080.73095703,1821.34057617,10,5,9,-1,2.0,29,33,0.5,8.5,2.5,4.0,15.5,2.0,0.0,0.5,6.5,2.5,3.0,10.5,0.5,0.0,H,1,0,0,1.0,1.0,0.0
2019-2020,x-00005,2020-01-19,t-00014,t-00032,2.0,1.0,5.0,8.0,4.22,3.75,1.91,1667.64929199,1828.40234375,-6,-3,-7,7,0.0,5,25,1.0,13.0,3.0,6.5,9.5,2.0,0.0,2.0,14.0,3.5,6.0,7.0,0.5,0.5,H,1,0,0,1.0,0.0,1.0
2019-2020,x-00005,2020-01-21,t-00003,t-00067,2.0,1.0,5.0,2.0,3.12,3.43,2.39,1625.25854492,1691.02490234,-6,7,-7,-2,0.0,14,19,0.0,11.0,2.0,3.0,9.0,1.0,0.0,3.0,20.0,6.0,6.0,16.0,3.0,1.0,H,1,0,0,0.0,0.0,0.0
2019-2020,x-00005,2020-01-21,t-00009,t-00012,3.0,1.0,3.0,8.0,2.87,3.28,2.66,1643.27380371,1655.77294922,-10,0,-8,-2,3.0,12,20,0.0,10.0,2.0,2.0,11.0,2.0,0.0,2.0,16.0,6.0,9.0,8.0,0.0,0.0,H,1,0,0,2.0,0.0,0.0
2019-2020,x-00005,2020-01-21,t-00022,t-00057,0.0,2.0,0.0,6.0,2.82,3.24,2.72,1749.38342285,1690.34143066,1,3,1,4,-3.0,15,26,1.0,10.0,2.5,6.0,7.5,2.0,0.5,1.0,13.5,4.5,7.5,12.0,1.5,0.0,A,0,0,1,0.0,0.0,2.0
2019-2020,x-00005,2020-01-21,t-00025,t-00040,2.0,2.0,8.0,2.0,1.49,4.45,7.4,1747.29089355,1710.97521973,2,-6,2,-4,1.0,25,12,2.0,22.0,9.0,8.0,13.0,2.0,0.0,1.0,20.0,5.0,5.0,13.0,2.0,0.0,D,0,1,0,1.0,1.0,0.0
2019-2020,x-00005,2020-01-21,t-00055,t-00035,0.0,1.0,1.0,5.0,8.26,4.69,1.43,1699.68200684,2000.07128906,-3,7,1,10,0.0,13,32,0.0,8.0,0.0,5.0,6.0,1.0,0.0,2.0,16.0,4.0,8.0,5.0,1.0,0.0,A,0,0,1,0.0,0.0,0.0
2019-2020,x-00005,2020-01-21,t-00018,t-00002,2.0,2.0,8.0,2.0,1.74,3.93,4.96,1845.62475586,1801.8182373,1,1,0,2,1.0,24,16,2.0,13.0,4.0,3.0,19.0,4.0,0.0,1.0,7.0,2.0,2.0,13.0,5.0,0.0,D,0,1,0,1.0,1.0,0.0
2019-2020,x-00005,2020-01-22,t-00032,t-00069,4.0,1.0,8.0,2.0,1.49,4.72,6.75,1817.69519043,1696.35742188,-2,1,-2,-2,-2.0,31,21,1.9696969696969697,13.818181818181818,5.393939393939394,5.636363636363637,9.606060606060606,0.9393939393939394,0.030303030303030304,1.4,9.666666666666666,3.7666666666666666,4.5,9.5,1.6666666666666667,0.0,H,1,0,0,0.0,1.0,1.0
2019-2020,x-00005,2020-01-22,t-00036,t-00014,0.0,2.0,7.0,2.0,1.47,4.42,8.14,1818.5970459,1678.35632324,5,-6,8,-5,0.0,29,9,2.0,21.0,7.0,7.5,10.0,2.0,0.0,1.0,7.0,2.5,4.0,13.0,3.5,0.0,A,0,0,1,0.0,2.0,0.0
2019-2020,x-00005,2020-01-22,t-00064,t-00041,2.0,1.0,3.0,2.0,1.39,5.05,8.8,1824.20874023,1605.85144043,-1,-4,4,-4,0.0,26,20,2.0,15.0,7.0,6.0,10.0,3.0,0.0,2.0,5.0,2.0,4.0,12.0,3.0,0.0,H,1,0,0,0.0,0.0,0.0
2019-2020,x-00005,2020-01-23,t-00071,t-00033,1.0,2.0,3.0,6.0,5.02,4.09,1.7,1769.41809082,2083.47436523,0,10,2,10,-2.0,22,28,0.0,9.333333333333334,3.0,2.6666666666666665,7.0,0.6666666666666666,0.0,1.6666666666666667,12.666666666666666,4.666666666666667,6.333333333333333,4.333333333333333,0.3333333333333333,0.0,A,0,0,1,0.0,0.0,1.0
2019-2020,x-00005,2020-01-29,t-00069,t-00033,0.0,2.0,4.0,5.0,8.76,5.25,1.38,1689.6151123,2086.02832031,-1,7,0,10,-3.0,21,28,1.0,7.0,4.0,2.0,7.0,2.0,0.0,4.0,21.0,12.0,8.0,7.0,0.0,0.0,A,0,0,1,0.0,1.0,1.0
2019-2020,x-00005,2020-02-01,t-00069,t-00012,3.0,3.0,6.0,6.0,2.52,3.42,2.93,1687.38146973,1645.94189453,-2,-1,-1,-3,-3.0,21,23,1.34375,9.46875,3.71875,4.5625,9.6875,1.65625,0.0,1.125,12.833333333333334,4.208333333333333,4.583333333333333,10.375,1.4583333333333333,0.08333333333333333,D,0,1,0,0.0,1.0,1.0
2019-2020,x-00005,2020-02-01,t-00022,t-00055,0.0,1.0,3.0,3.0,3.25,3.03,2.55,1733.7220459,1696.93310547,-2,-4,0,-2,0.0,11,10,0.0,6.0,4.0,4.0,11.0,1.0,0.0,1.0,15.0,3.0,8.0,16.0,3.0,0.0,A,0,0,1,0.0,0.0,0.0
2019-2020,x-00005,2020-02-01,t-00032,t-00018,2.0,2.0,4.0,3.0,2.63,3.49,2.74,1824.4375,1842.85314941,5,3,0,0,-1.0,39,29,1.0,12.0,3.0,5.0,14.0,0.0,0.0,1.0,14.0,5.0,4.0,9.0,1.0,0.0,D,0,1,0,0.0,1.0,1.0
2019-2020,x-00005,2020-02-01,t-00067,t-00025,2.0,3.0,2.0,5.0,3.1,3.39,2.42,1682.73706055,1744.71948242,6,1,6,-3,2.0,19,28,1.5,11.75,3.25,3.5,12.75,2.25,0.25,1.3333333333333333,15.333333333333334,5.5,6.666666666666667,12.0,1.5,0.0,A,0,0,1,2.0,0.0,0.0
2019-2020,x-00005,2020-02-01,t-00033,t-00057,4.0,0.0,9.0,4.0,1.31,5.65,10.51,2088.26196289,1706.00280762,8,3,10,6,6.0,30,29,2.5,16.0,5.5,7.0,6.5,2.5,0.0,1.0,12.5,2.0,6.0,9.0,2.0,0.0,H,1,0,0,2.0,0.0,0.0
2019-2020,x-00005,2020-02-01,t-00009,t-00003,2.0,1.0,6.0,5.0,2.15,3.4,3.7,1653.1048584,1633.54638672,-8,-6,-5,-5,0.0,11,17,2.0,12.0,4.0,5.0,13.0,2.0,0.0,1.0,22.0,7.0,10.0,10.0,0.0,0.0,H,1,0,0,0.0,0.0,0.0
2019-2020,x-00005,2020-02-01,t-00036,t-00071,0.0,0.0,5.0,3.0,2.12,3.5,3.68,1800.49267578,1766.86425781,0,-2,6,0,0.0,26,17,1.0,13.5,3.0,5.5,9.5,2.0,0.5,1.5,7.5,2.0,3.5,11.0,1.5,0.0,D,0,1,0,0.0,1.0,0.0
2019-2020,x-00005,2020-02-01,t-00040,t-00041,0.0,0.0,5.0,4.0,2.25,3.38,3.44,1713.54675293,1603.51818848,-3,-4,-1,-7,0.0,12,16,1.0,10.0,3.0,5.0,11.0,3.0,0.0,3.0,15.0,8.0,7.0,9.0,1.0,0.0,D,0,1,0,0.0,0.0,0.0
2019-2020,x-00005,2020-02-02,t-00014,t-00002,0.0,0.0,2.0,2.0,4.03,3.71,1.96,1696.46069336,1804.58984375,-3,1,-4,2,-3.0,11,16,1.09,9.71,3.19,4.21,9.79,1.83,0.01,1.3333333333333333,9.0,3.0,3.1666666666666665,12.333333333333334,2.6666666666666665,0.3333333333333333,D,0,1,0,0.0,0.0,2.0
2019-2020,x-00005,2020-02-02,t-00064,t-00035,2.0,0.0,3.0,5.0,6.08,4.77,1.52,1826.54199219,2002.82019043,-1,9,4,11,-3.0,24,34,1.6666666666666667,6.333333333333333,3.3333333333333335,2.3333333333333335,12.333333333333334,2.6666666666666665,0.0,2.3333333333333335,17.0,6.0,7.0,13.0,3.0,0.0,H,1,0,0,0.0,0.0,2.0
2019-2020,x-00005,2020-02-08,t-00025,t-00022,3.0,1.0,8.0,2.0,1.67,3.77,6.05,1752.50488281,1723.13879395,1,-3,4,-1,4.0,24,12,1.5714285714285714,14.857142857142858,5.428571428571429,6.285714285714286,12.285714285714286,1.5714285714285714,0.14285714285714285,1.2164948453608246,11.814432989690722,3.7216494845360826,5.11340206185567,10.690721649484535,1.6391752577319587,0.030927835051546393,H,1,0,0,2.0,0.0,0.0
2019-2020,x-00005,2020-02-08,t-00012,t-00067,1.0,1.0,2.0,2.0,2.36,3.3,3.28,1648.64099121,1674.95153809,-3,2,1,-2,1.0,23,15,1.2,13.08,4.28,4.64,10.32,1.44,0.08,1.5555555555555556,11.666666666666666,3.111111111111111,3.5555555555555554,13.222222222222221,2.2222222222222223,0.2222222222222222,D,0,1,0,1.0,1.0,0.0
2019-2020,x-00005,2020-02-09,t-00055,t-00009,2.0,1.0,6.0,2.0,1.81,3.42,5.46,1707.51635742,1659.10217285,-1,-5,0,-7,0.0,13,15,1.0,8.0,3.0,4.0,19.0,1.0,0.0,1.0,13.0,3.0,3.0,10.0,2.0,0.0,H,1,0,0,0.0,0.0,0.0
2019-2020,x-00005,2020-02-14,t-00071,t-00032,0.0,0.0,3.0,3.0,2.69,3.17,2.91,1769.3536377,1823.3963623,-1,4,1,4,1.0,18,35,0.0,8.0,2.0,3.0,13.0,2.0,0.0,0.0,15.0,1.0,12.0,3.0,0.0,0.0,D,0,1,0,1.0,0.0,0.0
2019-2020,x-00005,2020-02-15,t-00057,t-00014,1.0,2.0,2.0,6.0,1.65,4.12,5.49,1704.12854004,1698.06872559,-1,-1,0,-6,-1.0,28,12,0.5,10.5,3.5,4.5,10.5,0.5,0.0,2.0,12.5,5.0,3.0,8.0,1.5,0.0,A,0,0,1,0.0,1.0,1.0
2019-2020,x-00005,2020-02-15,t-00041,t-00033,0.0,1.0,1.0,6.0,9.19,5.38,1.36,1607.93395996,2090.13623047,-4,10,-1,11,0.0,18,32,1.0,12.0,5.0,2.0,9.0,2.0,0.0,4.0,15.0,7.0,11.0,9.0,0.0,0.0,A,0,0,1,0.0,0.0,0.0
2019-2020,x-00005,2020-02-16,t-00003,t-00064,2.0,3.0,4.0,10.0,3.95,3.74,1.97,1627.54907227,1842.43591309,-4,1,-8,-1,0.0,20,20,1.28,12.8,4.4,4.96,11.44,1.84,0.04,1.75,12.926470588235293,5.0588235294117645,5.544117647058823,10.955882352941176,1.8676470588235294,0.058823529411764705,A,0,0,1,0.0,0.0,0.0
2019-2020,x-00005,2020-02-16,t-00002,t-00040,4.0,0.0,7.0,2.0,1.46,4.55,7.93,1802.98193359,1709.13098145,2,-2,-3,-2,3.0,16,12,1.1428571428571428,9.571428571428571,2.857142857142857,3.7142857142857144,12.142857142857142,2.7142857142857144,0.2857142857142857,0.96,9.72,3.2,3.4,9.2,1.56,0.08,H,1,0,0,2.0,0.0,0.0
2019-2020,x-00005,2020-02-17,t-00018,t-00036,0.0,2.0,1.0,3.0,2.02,3.47,4.08,1843.89428711,1798.00317383,2,-2,1,-3,1.0,28,26,0.0,18.0,7.0,5.0,13.0,4.0,0.0,4.0,11.0,5.0,3.0,15.0,3.0,0.0,A,0,0,1,1.0,1.0,0.0
2019-2020,x-00005,2020-02-19,t-00035,t-00069,2.0,0.0,7.0,0.0,1.13,10.24,21.36,1984.5892334,1682.34533691,5,-6,4,-6,2.0,35,20,3.0,21.5,7.5,8.5,8.0,1.5,0.0,1.0,5.5,2.5,2.0,6.0,1.0,0.0,H,1,0,0,2.0,0.0,0.0
2019-2020,x-00005,2020-02-22,t-00032,t-00035,0.0,1.0,3.0,7.0,5.52,4.55,1.58,1823.90759277,1989.73254395,1,6,-2,6,-1.0,28,35,0.5,6.0,2.0,0.5,7.0,2.0,0.0,2.0,21.0,8.5,8.5,13.0,2.5,0.0,A,0,0,1,1.0,0.0,1.0
2019-2020,x-00005,2020-02-22,t-00018,t-00064,2.0,1.0,7.0,3.0,1.88,3.55,4.6,1829.71386719,1838.09423828,0,3,-2,1,0.0,24,25,2.0,13.0,3.0,5.0,11.0,3.0,0.0,0.0,5.0,1.0,3.0,9.0,4.0,1.0,H,1,0,0,1.0,0.0,1.0
2019-2020,x-00005,2020-02-22,t-00022,t-00040,1.0,0.0,9.0,2.0,2.25,3.23,3.62,1715.27600098,1700.24511719,-5,-3,-2,-8,0.0,11,12,0.0,16.0,4.0,5.0,11.0,0.0,0.0,1.0,8.0,3.0,4.0,12.0,2.0,0.0,H,1,0,0,0.0,2.0,0.0
2019-2020,x-00005,2020-02-22,t-00057,t-00003,2.0,0.0,9.0,1.0,1.77,3.98,4.67,1695.22070312,1624.22436523,-3,-6,-2,-5,0.0,27,18,3.0,17.0,8.0,5.0,15.0,1.0,0.0,1.0,19.0,6.0,7.0,16.0,2.0,0.0,H,1,0,0,0.0,0.0,0.0
2019-2020,x-00005,2020-02-22,t-00014,t-00009,3.0,0.0,10.0,4.0,2.22,3.38,3.53,1708.20202637,1654.1496582,1,-2,-1,-7,3.0,17,15,2.2,9.4,3.4,5.4,15.8,2.0,0.0,0.8,11.6,2.8,5.4,9.8,0.8,0.0,H,1,0,0,1.0,0.0,1.0
2019-2020,x-00005,2020-02-22,t-00055,t-00012,1.0,1.0,3.0,2.0,1.97,3.44,4.38,1713.69445801,1648.51831055,2,-3,3,-4,0.0,17,20,1.0,7.0,2.0,3.0,11.0,3.0,0.0,0.0,9.0,2.0,4.0,6.0,1.0,0.0,D,0,1,0,0.0,0.0,0.0
2019-2020,x-00005,2020-02-23,t-00071,t-00041,3.0,0.0,6.0,4.0,1.51,4.37,7.27,1781.91577148,1607.64501953,0,-5,-1,-6,0.0,17,15,2.0,14.0,4.0,11.0,14.0,4.0,0.0,1.0,13.0,7.0,3.0,7.0,2.0,0.0,H,1,0,0,0.0,0.0,0.0
2019-2020,x-00005,2020-02-23,t-00036,t-00067,3.0,0.0,9.0,2.0,1.61,3.98,6.31,1814.52392578,1676.29992676,2,1,5,0,2.0,25,14,0.0,17.0,8.0,5.0,11.0,1.0,0.0,2.0,11.0,3.0,3.0,16.0,3.0,0.0,H,1,0,0,2.0,0.0,0.0
2019-2020,x-00005,2020-02-23,t-00002,t-00025,3.0,2.0,4.0,5.0,2.0,3.67,3.91,1818.53051758,1761.59338379,4,4,2,1,6.0,19,30,1.5,10.25,3.375,3.875,12.5,2.625,0.25,1.75,14.75,5.75,6.0,12.125,1.375,0.125,H,1,0,0,2.0,0.0,0.0
2019-2020,x-00005,2020-02-24,t-00033,t-00069,3.0,2.0,7.0,4.0,1.15,9.09,19.01,2084.23266602,1683.10168457,10,-7,11,-6,7.0,31,18,3.0,17.0,8.5,7.5,6.5,0.0,0.0,0.5,7.0,4.0,2.5,6.5,2.0,0.0,H,1,0,0,2.0,0.0,0.0
2019-2020,x-00005,2020-02-28,t-00041,t-00032,1.0,0.0,6.0,4.0,4.18,3.89,1.88,1599.62561035,1816.39953613,-4,1,-1,1,0.0,16,26,1.0,10.0,3.0,4.0,15.0,4.0,0.0,1.0,18.0,5.0,12.0,11.0,0.0,0.0,H,1,0,0,0.0,0.0,0.0
2019-2020,x-00005,2020-02-29,t-00067,t-00033,3.0,0.0,5.0,1.0,6.75,4.76,1.49,1667.05371094,2082.44335938,-5,9,5,9,-3.0,10,33,0.0,8.0,2.0,3.0,6.0,1.0,0.0,2.0,16.0,6.0,6.0,8.0,2.0,0.0,H,1,0,0,0.0,1.0,1.0
2019-2020,x-00005,2020-02-29,t-00069,t-00057,3.0,1.0,7.0,2.0,2.58,3.52,2.79,1679.60266113,1699.92797852,-8,-2,1,3,6.0,16,26,1.3714285714285714,9.285714285714286,3.6857142857142855,4.542857142857143,9.571428571428571,1.6571428571428573,0.0,1.32,12.2,4.3,5.22,11.74,1.62,0.08,H,1,0,0,2.0,0.0,0.0
2019-2020,x-00005,2020-02-29,t-00040,t-00014,0.0,0.0,4.0,1.0,2.75,3.26,2.78,1690.91394043,1715.21337891,-4,7,-2,0,2.0,13,25,0.0,9.0,0.0,3.0,12.0,2.0,0.0,1.0,7.0,4.0,4.0,15.0,0.0,0.0,D,0,1,0,1.0,1.0,0.0
2019-2020,x-00005,2020-02-29,t-00012,t-00022,0.0,1.0,8.0,3.0,2.26,3.16,3.68,1648.91821289,1719.31896973,-2,-4,1,-3,2.0,20,17,1.0,15.0,10.0,7.0,12.0,1.0,0.0,1.0,11.0,4.0,3.0,7.0,1.0,0.0,A,0,0,1,1.0,1.0,0.0
2019-2020,x-00005,2020-02-29,t-00009,t-00018,2.0,2.0,5.0,6.0,4.09,3.79,1.93,1641.85009766,1824.78210449,-2,-2,-1,2,3.0,18,23,1.0,11.0,2.0,4.0,14.0,2.0,0.0,0.0,18.0,5.0,9.0,9.0,1.0,0.0,D,0,1,0,1.0,0.0,1.0
2019-2020,x-00005,2020-03-01,t-00025,t-00036,1.0,1.0,5.0,5.0,2.89,3.3,2.62,1753.54528809,1831.31542969,2,1,4,-2,2.0,29,28,1.7777777777777777,15.0,5.666666666666667,5.666666666666667,12.11111111111111,1.6666666666666667,0.1111111111111111,1.6041666666666667,14.833333333333334,5.791666666666667,5.145833333333333,10.8125,1.8333333333333333,0.041666666666666664,D,0,1,0,1.0,0.0,1.0
2019-2020,x-00005,2020-03-01,t-00064,t-00071,2.0,3.0,5.0,4.0,2.88,3.1,2.77,1828.44250488,1783.18969727,3,3,1,0,-2.0,24,19,1.5,12.0,5.5,3.5,7.5,2.5,0.0,1.0,14.5,6.5,7.5,15.5,2.5,0.0,A,0,0,1,0.0,0.0,1.0
2019-2020,x-00005,2020-03-07,t-00057,t-00040,0.0,1.0,3.0,7.0,1.75,3.95,4.89,1689.84118652,1690.15893555,-3,-5,1,-8,0.0,23,15,1.0,19.0,4.0,12.0,17.0,3.0,0.0,2.0,12.0,6.0,3.0,11.0,1.0,0.0,A,0,0,1,0.0,2.0,0.0
2019-2020,x-00005,2020-03-07,t-00014,t-00064,1.0,1.0,8.0,2.0,2.73,3.35,2.74,1715.96838379,1817.88793945,6,2,1,-1,-2.0,21,24,0.5,8.0,1.75,2.5,9.0,3.25,0.0,2.5,17.25,6.0,5.5,11.75,2.5,0.25,D,0,1,0,1.0,0.0,1.0
2019-2020,x-00005,2020-03-07,t-00022,t-00067,1.0,0.0,3.0,4.0,2.8,3.05,2.89,1726.92858887,1694.97033691,-3,-2,-1,-1,0.0,17,13,1.21,11.86,3.75,5.16,10.73,1.63,0.03,1.5,10.916666666666666,3.0833333333333335,3.5,12.5,1.9166666666666667,0.16666666666666666,H,1,0,0,1.0,0.0,1.0
2019-2020,x-00005,2020-03-07,t-00071,t-00012,0.0,0.0,1.0,1.0,1.75,3.67,5.31,1793.74438477,1641.30871582,3,-3,3,-4,0.0,19,26,2.0,13.0,5.0,4.0,7.0,0.0,0.0,2.0,13.0,4.0,3.0,10.0,3.0,0.0,D,0,1,0,0.0,1.0,0.0
2019-2020,x-00005,2020-03-07,t-00002,t-00069,1.0,0.0,2.0,6.0,1.68,4.15,5.1,1804.78137207,1689.68945312,5,-3,6,-8,5.0,19,21,1.6666666666666667,10.11111111111111,3.4444444444444446,4.111111111111111,12.444444444444445,2.3333333333333335,0.2222222222222222,1.4166666666666667,9.416666666666666,3.7777777777777777,4.527777777777778,9.527777777777779,1.6388888888888888,0.0,H,1,0,0,2.0,0.0,0.0
2019-2020,x-00005,2020-03-07,t-00033,t-00009,2.0,1.0,6.0,4.0,1.22,7.06,13.2,2054.52685547,1645.48535156,5,-1,10,-11,6.0,28,20,3.4,18.4,7.2,5.4,10.0,1.2,0.0,0.0,7.0,1.4,3.8,6.8,1.2,0.0,H,1,0,0,2.0,0.0,0.0
2019-2020,x-00005,2020-03-07,t-00055,t-00041,1.0,0.0,4.0,5.0,1.66,4.07,5.48,1708.00634766,1611.60131836,1,-4,1,-9,0.0,17,17,2.0,9.0,3.0,1.0,12.0,4.0,0.0,1.0,14.0,4.0,9.0,6.0,0.0,0.0,H,1,0,0,0.0,0.0,0.0
2019-2020,x-00005,2020-03-08,t-00018,t-00025,4.0,0.0,11.0,1.0,1.88,3.86,4.19,1821.14697266,1754.28430176,-1,2,0,0,2.0,25,31,1.6785714285714286,16.571428571428573,5.642857142857143,6.857142857142857,10.107142857142858,1.8571428571428572,0.0,1.7,15.1,5.6,6.4,12.0,1.8,0.1,H,1,0,0,1.0,1.0,0.0
2019-2020,x-00005,2020-03-08,t-00036,t-00035,2.0,0.0,6.0,2.0,4.36,3.93,1.83,1830.57641602,1997.88037109,3,2,8,4,-3.0,29,30,1.0,11.5,4.0,2.0,10.0,2.0,0.0,1.5,15.0,5.0,8.5,10.0,2.5,0.0,H,1,0,0,0.0,0.0,2.0
2019-2020,x-00005,2020-03-09,t-00032,t-00003,4.0,0.0,7.0,1.0,1.52,4.6,6.34,1804.42370605,1614.22900391,1,-3,-3,-5,0.0,22,18,4.0,23.0,8.0,5.0,15.0,2.0,0.0,1.0,15.0,2.0,8.0,21.0,6.0,0.0,H,1,0,0,0.0,0.0,0.0
2019-2020,x-00005,2020-06-17,t-00035,t-00002,3.0,0.0,12.0,0.0,1.29,6.6,9.96,1975.79089355,1802.5333252,0,6,7,0,4.0,26,17,2.5865384615384617,18.153846153846153,6.826923076923077,7.721153846153846,9.182692307692308,1.4711538461538463,0.057692307692307696,1.6,10.0,3.3,4.3,12.3,2.2,0.2,H,1,0,0,2.0,0.0,0.0
2019-2020,x-00005,2020-06-17,t-00003,t-00055,0.0,0.0,6.0,1.0,3.33,3.38,2.35,1602.37646484,1706.29711914,-7,2,-6,-2,0.0,16,17,0.0,8.0,0.0,2.0,9.0,2.0,0.0,2.0,7.0,3.0,3.0,10.0,2.0,0.0,D,0,1,0,0.0,0.0,0.0
2019-2020,x-00005,2020-06-19,t-00064,t-00036,1.0,1.0,3.0,6.0,3.39,3.52,2.26,1798.41308594,1851.97485352,1,7,2,0,1.0,23,28,1.0,8.0,5.0,3.0,9.0,1.0,0.0,2.0,12.0,7.0,4.0,9.0,0.0,0.0,D,0,1,0,1.0,0.0,1.0
2019-2020,x-00005,2020-06-19,t-00041,t-00057,0.0,3.0,1.0,9.0,2.96,3.5,2.51,1600.69494629,1674.08850098,-4,-6,1,-1,0.0,20,20,1.0,10.0,3.0,1.0,7.0,1.0,0.0,2.0,14.0,5.0,6.0,12.0,1.0,0.0,A,0,0,1,0.0,0.0,0.0
2019-2020,x-00005,2020-06-20,t-00012,t-00002,2.0,1.0,5.0,6.0,3.29,3.45,2.33,1640.24560547,1797.33056641,-1,3,1,-3,1.0,19,15,1.103448275862069,12.96551724137931,4.137931034482759,4.448275862068965,9.931034482758621,1.5172413793103448,0.06896551724137931,1.4545454545454546,9.363636363636363,3.0,4.090909090909091,11.818181818181818,2.090909090909091,0.2727272727272727,H,1,0,0,1.0,1.0,0.0
2019-2020,x-00005,2020-06-20,t-00009,t-00022,0.0,2.0,1.0,2.0,2.85,3.13,2.85,1638.36486816,1726.61730957,-4,0,0,-1,1.0,21,20,1.8,12.8,5.2,6.0,10.8,2.0,0.0,2.2,14.2,5.2,4.4,10.4,3.4,0.2,A,0,0,1,1.0,1.0,0.0
2019-2020,x-00005,2020-06-20,t-00069,t-00071,0.0,2.0,2.0,6.0,4.2,3.58,1.98,1679.32177734,1784.2911377,-2,4,4,0,-1.0,23,17,1.3783783783783783,9.54054054054054,3.8378378378378377,4.594594594594595,9.513513513513514,1.6486486486486487,0.0,1.3134328358208955,12.597014925373134,3.970149253731343,5.1940298507462686,10.82089552238806,1.7462686567164178,0.04477611940298507,A,0,0,1,0.0,0.0,1.0
2019-2020,x-00005,2020-06-20,t-00067,t-00032,1.0,1.0,4.0,2.0,3.78,3.44,2.14,1682.66589355,1803.66064453,-2,2,6,2,2.0,15,21,1.3846153846153846,10.846153846153847,3.1538461538461537,3.8461538461538463,13.0,2.076923076923077,0.15384615384615385,1.9230769230769231,13.897435897435898,5.3076923076923075,5.538461538461538,10.205128205128204,1.0256410256410255,0.05128205128205128,D,0,1,0,2.0,0.0,0.0
2019-2020,x-00005,2020-06-21,t-00003,t-00018,1.0,2.0,4.0,5.0,7.25,4.61,1.49,1603.86035156,1825.25744629,-8,3,-4,0,0.0,17,28,1.0,9.0,3.0,5.0,10.0,1.0,0.0,2.0,25.0,9.0,9.0,18.0,2.0,0.0,A,0,0,1,0.0,0.0,0.0
2019-2020,x-00005,2020-06-21,t-00040,t-00055,3.0,0.0,8.0,1.0,3.31,3.13,2.5,1693.29589844,1704.81323242,-4,3,-3,-3,0.0,20,17,2.0,6.0,4.0,1.0,6.0,0.0,0.0,0.0,13.0,6.0,8.0,10.0,2.0,0.0,H,1,0,0,0.0,0.0,0.0
2019-2020,x-00005,2020-06-21,t-00025,t-00033,0.0,0.0,3.0,3.0,6.04,4.05,1.63,1737.55810547,2026.43139648,-2,4,4,2,0.0,24,29,1.5454545454545454,14.0,5.181818181818182,5.909090909090909,11.818181818181818,1.8181818181818181,0.09090909090909091,2.276190476190476,15.866666666666667,6.0476190476190474,6.380952380952381,8.58095238095238,1.019047619047619,0.0380952380952381,D,0,1,0,0.0,2.0,0.0
2019-2020,x-00005,2020-06-22,t-00035,t-00014,5.0,0.0,7.0,0.0,1.13,9.76,28.4,1980.99365234,1711.14550781,2,4,8,-1,8.0,33,27,2.8,20.2,8.4,7.8,8.0,1.4,0.0,0.4,5.0,1.0,2.4,6.8,2.2,0.0,H,1,0,0,2.0,0.0,0.0
2019-2020,x-00005,2020-06-23,t-00032,t-00012,0.0,0.0,2.0,2.0,1.65,3.99,6.02,1801.68737793,1651.0012207,2,0,5,-3,3.0,19,18,2.0,19.0,9.0,7.0,1.0,0.0,0.0,0.0,7.0,0.0,6.0,9.0,2.0,0.0,D,0,1,0,2.0,0.0,0.0
2019-2020,x-00005,2020-06-23,t-00064,t-00069,2.0,0.0,4.0,2.0,1.56,4.19,6.86,1798.44421387,1669.8927002,-1,-4,1,-8,-1.0,23,19,0.0,16.0,6.0,6.0,12.0,1.0,0.0,0.0,9.0,2.0,1.0,12.0,1.0,0.0,H,1,0,0,0.0,1.0,1.0
2019-2020,x-00005,2020-06-24,t-00041,t-00025,0.0,1.0,1.0,5.0,4.48,3.62,1.91,1587.91662598,1743.5958252,-7,-3,-2,-5,0.0,17,22,0.8333333333333334,11.433333333333334,3.8666666666666667,4.766666666666667,9.6,1.7666666666666666,0.03333333333333333,1.4166666666666667,13.583333333333334,5.0,5.5,12.083333333333334,1.8333333333333333,0.08333333333333333,A,0,0,1,0.0,0.0,0.0
2019-2020,x-00005,2020-06-24,t-00040,t-00003,1.0,1.0,3.0,2.0,2.4,3.45,3.17,1705.96777344,1600.01013184,-1,-8,1,-6,0.0,23,16,0.0,11.0,5.0,6.0,9.0,1.0,0.0,2.0,17.0,8.0,11.0,10.0,1.0,0.0,D,0,1,0,0.0,0.0,0.0
2019-2020,x-00005,2020-06-24,t-00071,t-00009,1.0,0.0,2.0,0.0,1.59,3.83,7.43,1793.72021484,1628.26281738,6,-7,2,-10,2.0,20,16,1.6666666666666667,12.0,4.0,7.333333333333333,14.0,2.3333333333333335,0.0,0.6666666666666666,10.666666666666666,2.6666666666666665,5.666666666666667,9.0,2.6666666666666665,0.3333333333333333,H,1,0,0,1.0,0.0,0.0
2019-2020,x-00005,2020-06-24,t-00036,t-00055,3.0,0.0,6.0,1.0,1.37,5.0,10.32,1851.94372559,1692.14135742,7,-1,7,-4,0.0,29,15,3.0,11.0,5.0,3.0,10.0,2.0,0.0,3.0,12.0,8.0,6.0,13.0,1.0,0.0,H,1,0,0,0.0,0.0,0.0
2019-2020,x-00005,2020-06-24,t-00033,t-00022,4.0,0.0,7.0,0.0,1.3,5.85,11.67,2020.39367676,1736.71936035,0,3,10,1,2.0,23,19,2.5,15.75,6.25,7.25,8.5,1.0,0.25,1.25,9.75,3.5,5.5,7.0,1.0,0.25,H,1,0,0,2.0,0.0,0.0
2019-2020,x-00005,2020-06-25,t-00057,t-00002,0.0,2.0,3.0,5.0,2.7,3.65,2.65,1686.86682129,1786.57495117,1,2,0,-4,1.0,25,19,1.320754716981132,12.226415094339623,4.320754716981132,5.320754716981132,11.830188679245284,1.5660377358490567,0.09433962264150944,1.4166666666666667,9.666666666666666,3.25,4.333333333333333,11.5,2.0,0.25,A,0,0,1,1.0,1.0,0.0
2019-2020,x-00005,2020-06-25,t-00018,t-00035,2.0,1.0,10.0,2.0,4.29,3.96,1.85,1829.10766602,1985.20812988,4,9,6,3,1.0,30,35,1.0,11.0,2.0,2.0,9.0,1.0,0.0,2.0,15.0,4.0,8.0,5.0,1.0,0.0,H,1,0,0,1.0,0.0,1.0
2019-2020,x-00005,2020-06-25,t-00014,t-00067,1.0,0.0,5.0,4.0,3.72,3.33,2.2,1706.9309082,1684.63903809,-1,-1,3,-2,-1.0,25,17,1.0849056603773586,9.820754716981131,3.2641509433962264,4.216981132075472,9.80188679245283,1.8773584905660377,0.009433962264150943,1.3571428571428572,10.642857142857142,3.2142857142857144,3.7142857142857144,13.142857142857142,1.9285714285714286,0.14285714285714285,H,1,0,0,1.0,0.0,1.0
2019-2020,x-00005,2020-06-27,t-00003,t-00071,0.0,1.0,1.0,2.0,4.61,3.48,1.93,1604.17993164,1796.95837402,-7,7,-6,3,0.0,14,19,1.0,13.0,4.0,3.0,8.0,3.0,0.0,2.0,17.0,5.0,6.0,17.0,4.0,0.0,A,0,0,1,0.0,0.0,0.0
2019-2020,x-00005,2020-06-28,t-00067,t-00057,1.0,3.0,0.0,7.0,2.41,3.28,3.31,1678.38256836,1677.421875,-2,0,3,0,0.0,19,26,1.2666666666666666,10.6,3.2666666666666666,3.933333333333333,13.266666666666667,1.8,0.13333333333333333,1.2962962962962963,12.222222222222221,4.296296296296297,5.296296296296297,11.796296296296296,1.537037037037037,0.1111111111111111,A,0,0,1,0.0,2.0,0.0
2019-2020,x-00005,2020-06-29,t-00022,t-00014,0.0,1.0,4.0,4.0,2.06,3.18,4.5,1733.14013672,1713.18737793,1,-1,-1,-5,3.0,17,24,2.0,15.75,4.25,6.0,11.0,0.75,0.0,0.25,11.25,2.5,4.25,10.5,1.75,0.0,A,0,0,1,2.0,0.0,0.0
2019-2020,x-00005,2020-06-30,t-00012,t-00036,0.0,3.0,2.0,6.0,7.42,4.14,1.54,1656.17468262,1857.93896484,0,8,0,-2,2.0,18,32,1.0,6.0,2.0,2.0,14.0,5.0,0.0,3.0,21.0,11.0,5.0,10.0,2.0,0.0,A,0,0,1,2.0,0.0,0.0
2019-2020,x-00005,2020-07-01,t-00025,t-00032,2.0,1.0,2.0,3.0,2.64,3.25,2.99,1748.86230469,1796.51391602,-4,2,3,1,0.0,19,18,1.3846153846153846,13.461538461538462,5.0,5.461538461538462,12.153846153846153,1.7692307692307692,0.07692307692307693,1.853658536585366,13.853658536585366,5.146341463414634,5.585365853658536,10.24390243902439,1.048780487804878,0.04878048780487805,H,1,0,0,1.0,0.0,1.0
2019-2020,x-00005,2020-07-01,t-00009,t-00040,1.0,4.0,1.0,7.0,2.2,3.22,3.88,1625.02478027,1701.79797363,-7,3,-2,-4,0.0,14,24,1.0,16.0,3.0,4.0,5.0,0.0,0.0,2.0,20.0,9.0,5.0,10.0,2.0,0.0,A,0,0,1,0.0,2.0,0.0
2019-2020,x-00005,2020-07-01,t-00069,t-00018,3.0,2.0,4.0,6.0,7.15,4.78,1.48,1664.45556641,1839.75415039,-4,7,-2,0,1.0,21,39,1.3076923076923077,9.487179487179487,3.7435897435897436,4.589743589743589,9.41025641025641,1.641025641025641,0.0,1.7741935483870968,16.612903225806452,5.935483870967742,6.870967741935484,10.35483870967742,1.7741935483870968,0.0,H,1,0,0,1.0,1.0,0.0
2019-2020,x-00005,2020-07-01,t-00002,t-00041,4.0,0.0,8.0,2.0,1.47,4.89,7.05,1796.01977539,1582.65014648,0,-7,8,-9,0.0,17,17,1.4615384615384615,9.692307692307692,3.3846153846153846,4.461538461538462,11.692307692307692,2.0,0.23076923076923078,0.8064516129032258,11.35483870967742,3.774193548387097,4.806451612903226,9.548387096774194,1.7096774193548387,0.03225806451612903,H,1,0,0,0.0,0.0,0.0
2019-2020,x-00005,2020-07-02,t-00035,t-00033,4.0,0.0,6.0,3.0,2.05,3.79,3.59,1974.56164551,2023.97290039,6,3,11,1,6.0,30,24,2.2,11.4,4.0,7.0,8.8,2.8,0.0,1.6,10.4,4.4,3.0,9.2,1.4,0.2,H,1,0,0,2.0,0.0,0.0
2019-2020,x-00005,2020-07-02,t-00055,t-00064,3.0,1.0,5.0,2.0,4.66,3.7,1.83,1686.14624023,1803.88122559,-5,0,2,-1,0.0,10,17,0.967741935483871,9.774193548387096,3.096774193548387,5.774193548387097,10.741935483870968,1.6774193548387097,0.06451612903225806,1.7432432432432432,12.945945945945946,5.013513513513513,5.594594594594595,11.094594594594595,1.864864864864865,0.05405405405405406,H,1,0,0,0.0,0.0,0.0
2019-2020,x-00005,2020-07-04,t-00036,t-00009,5.0,2.0,10.0,3.0,1.19,7.81,16.0,1865.59106445,1612.39379883,8,-7,6,-7,4.0,29,11,2.0,13.0,6.0,7.0,11.0,2.5,0.5,1.0,9.5,4.5,4.5,10.5,2.0,0.0,H,1,0,0,2.0,0.0,0.0
2019-2020,x-00005,2020-07-04,t-00041,t-00012,0.0,1.0,1.0,2.0,3.41,3.25,2.33,1577.60510254,1648.52258301,-8,-3,-3,-2,0.0,15,18,0.0,7.0,0.0,3.0,8.0,1.0,0.0,2.0,21.0,5.0,8.0,11.0,0.0,0.0,A,0,0,1,0.0,0.0,0.0
2019-2020,x-00005,2020-07-04,t-00018,t-00067,3.0,0.0,9.0,3.0,1.37,5.16,9.16,1828.39135742,1665.08496094,5,-1,4,-6,5.0,38,17,1.78125,16.625,5.9375,6.75,10.3125,1.75,0.0,1.25,10.4375,3.0625,4.0,13.5625,1.875,0.125,H,1,0,0,2.0,0.0,0.0
2019-2020,x-00005,2020-07-04,t-00071,t-00002,0.0,2.0,1.0,5.0,2.4,3.21,3.32,1801.5333252,1801.06481934,5,3,3,-2,2.0,15,21,1.3142857142857143,12.471428571428572,3.942857142857143,5.185714285714286,10.842857142857143,1.7428571428571429,0.04285714285714286,1.6428571428571428,9.928571428571429,3.7142857142857144,4.571428571428571,11.571428571428571,1.9285714285714286,0.21428571428571427,A,0,0,1,1.0,0.0,0.0
2019-2020,x-00005,2020-07-04,t-00032,t-00022,3.0,0.0,4.0,1.0,1.66,3.86,5.85,1788.40332031,1723.21203613,2,-1,6,-3,-6.0,18,12,2.0,14.0,5.0,6.0,16.0,2.0,0.0,0.0,12.0,3.0,5.0,15.0,2.0,0.0,H,1,0,0,0.0,0.0,2.0
2019-2020,x-00005,2020-07-05,t-00014,t-00055,1.0,1.0,4.0,3.0,3.21,2.95,2.64,1723.11547852,1700.34838867,-3,-3,5,-5,0.0,18,12,0.0,6.0,0.0,6.0,12.0,2.0,0.0,3.0,13.0,6.0,7.0,8.0,1.0,0.0,D,0,1,0,0.0,0.0,0.0
2019-2020,x-00005,2020-07-05,t-00057,t-00035,1.0,0.0,4.0,6.0,8.93,5.99,1.32,1690.71960449,1990.79443359,0,9,-3,-3,-3.0,24,29,1.0,4.0,3.5,1.5,10.5,1.5,0.5,2.5,20.0,5.0,12.5,10.5,3.0,0.0,H,1,0,0,0.0,0.0,2.0
2019-2020,x-00005,2020-07-05,t-00040,t-00069,2.0,2.0,4.0,7.0,2.75,3.43,2.66,1714.42895508,1675.81848145,7,-2,4,-9,0.0,29,21,1.03125,10.40625,3.53125,3.9375,9.6875,1.75,0.09375,1.35,9.5,3.75,4.525,9.425,1.65,0.0,D,0,1,0,1.0,0.0,1.0
2019-2020,x-00005,2020-07-05,t-00033,t-00003,2.0,0.0,4.0,3.0,1.18,8.0,15.87,2007.7401123,1599.60498047,-2,-6,12,-7,0.0,20,14,2.0,25.0,6.0,10.0,9.0,2.0,0.0,1.0,5.0,2.0,2.0,12.0,1.0,0.0,H,1,0,0,0.0,0.0,0.0
2019-2020,x-00005,2020-07-06,t-00064,t-00025,1.0,0.0,2.0,3.0,2.01,3.64,3.92,1789.67907715,1756.97290039,-1,-2,4,-3,4.0,16,16,1.7333333333333334,12.893333333333333,4.973333333333334,5.6,11.12,1.84,0.05333333333333334,1.4285714285714286,13.0,4.785714285714286,5.285714285714286,12.214285714285714,1.7142857142857142,0.07142857142857142,H,1,0,0,1.0,1.0,0.0
2019-2020,x-00005,2020-07-07,t-00002,t-00032,1.0,1.0,7.0,5.0,2.24,3.46,3.39,1814.2121582,1797.74145508,4,6,10,-3,3.0,24,18,1.6666666666666667,9.8,3.8,4.6,11.533333333333333,2.066666666666667,0.2,1.8604651162790697,13.906976744186046,5.069767441860465,5.511627906976744,10.418604651162791,1.069767441860465,0.046511627906976744,D,0,1,0,2.0,0.0,0.0
2019-2020,x-00005,2020-07-07,t-00022,t-00018,2.0,3.0,4.0,6.0,7.51,4.4,1.49,1713.8737793,1834.12036133,-5,8,-2,-1,0.0,10,41,0.0,3.0,1.0,0.0,17.0,2.0,0.0,2.0,23.0,5.0,7.0,9.0,3.0,0.0,A,0,0,1,1.0,0.0,1.0
2019-2020,x-00005,2020-07-07,t-00067,t-00041,2.0,1.0,4.0,3.0,1.8,3.74,4.8,1659.35583496,1570.15783691,-7,-10,0,-9,0.0,15,10,1.1764705882352942,10.235294117647058,3.0588235294117645,3.9411764705882355,13.470588235294118,1.8823529411764706,0.11764705882352941,0.7575757575757576,11.272727272727273,3.6363636363636362,4.575757575757576,9.606060606060606,1.7878787878787878,0.030303030303030304,H,1,0,0,0.0,0.0,0.0
2019-2020,x-00005,2020-07-08,t-00012,t-00033,1.0,3.0,2.0,8.0,5.95,4.07,1.62,1655.96984863,2008.93481445,-1,3,-3,-4,-5.0,12,23,1.0,12.0,5.0,5.0,10.0,0.0,0.0,2.0,15.0,7.0,4.0,3.0,0.0,1.0,A,0,0,1,0.0,0.0,2.0
2019-2020,x-00005,2020-07-08,t-00055,t-00071,1.0,0.0,3.0,1.0,4.27,3.11,2.11,1702.30285645,1788.38598633,-4,2,3,5,0.0,11,12,1.0,9.0,4.0,2.0,18.0,4.0,0.0,1.0,13.0,3.0,7.0,12.0,1.0,0.0,H,1,0,0,0.0,0.0,0.0
2019-2020,x-00005,2020-07-08,t-00035,t-00040,5.0,0.0,9.0,1.0,1.09,12.02,25.19,1976.93554688,1712.03991699,10,7,14,-1,3.0,33,29,2.0,24.0,9.0,10.0,6.0,2.0,0.0,2.0,6.0,3.0,1.0,4.0,1.0,0.0,H,1,0,0,2.0,0.0,0.0
2019-2020,x-00005,2020-07-08,t-00069,t-00014,0.0,1.0,5.0,4.0,1.87,3.67,4.5,1678.20739746,1721.16088867,-4,-3,-1,-1,-1.0,21,21,0.0,13.0,4.0,5.0,13.0,2.0,0.0,3.0,7.0,4.0,1.0,7.0,2.0,0.0,A,0,0,1,1.0,0.0,1.0
2019-2020,x-00005,2020-07-09,t-00025,t-00057,1.0,1.0,4.0,4.0,2.1,3.44,3.81,1751.07580566,1704.57836914,-3,3,3,1,1.0,14,26,1.3333333333333333,12.866666666666667,4.666666666666667,5.333333333333333,12.6,1.7333333333333334,0.06666666666666667,1.3214285714285714,12.125,4.339285714285714,5.196428571428571,11.642857142857142,1.5,0.10714285714285714,D,0,1,0,1.0,1.0,0.0
2019-2020,x-00005,2020-07-09,t-00003,t-00036,0.0,3.0,1.0,6.0,9.29,5.84,1.33,1598.41015625,1869.15246582,-4,11,-2,3,0.0,16,34,2.0,9.0,3.0,9.0,8.0,1.0,0.0,2.0,16.0,6.0,9.0,16.0,4.0,0.0,A,0,0,1,0.0,0.0,0.0
2019-2020,x-00005,2020-07-09,t-00009,t-00064,0.0,0.0,2.0,0.0,4.8,3.81,1.79,1608.83251953,1795.57617188,-10,1,-2,-2,-2.0,9,13,0.75,16.25,5.5,8.5,11.25,2.75,0.0,2.0,13.75,4.75,4.5,11.0,1.25,0.0,D,0,1,0,1.0,0.0,1.0
2019-2020,x-00005,2020-07-11,t-00067,t-00040,2.0,1.0,5.0,4.0,1.92,3.57,4.41,1664.1048584,1707.63769531,-5,1,1,-6,1.0,15,23,1.2222222222222223,10.166666666666666,3.111111111111111,3.9444444444444446,13.333333333333334,1.8888888888888888,0.1111111111111111,1.0294117647058822,10.294117647058824,3.4705882352941178,3.911764705882353,9.588235294117647,1.6470588235294117,0.08823529411764706,H,1,0,0,1.0,1.0,0.0
2019-2020,x-00005,2020-07-11,t-00033,t-00014,1.0,1.0,9.0,2.0,1.23,6.82,13.07,2011.77062988,1729.28222656,4,-2,12,-2,2.0,25,17,2.6,22.0,7.6,8.2,8.4,0.6,0.0,1.0,7.6,3.6,3.8,8.0,0.6,0.0,D,0,1,0,1.0,1.0,0.0
2019-2020,x-00005,2020-07-11,t-00041,t-00069,0.0,4.0,2.0,7.0,3.64,3.55,2.11,1565.40881348,1670.08618164,-10,-4,-5,-6,0.0,8,20,0.7647058823529411,11.294117647058824,3.6176470588235294,4.529411764705882,9.764705882352942,1.8529411764705883,0.029411764705882353,1.3333333333333333,9.952380952380953,3.857142857142857,4.642857142857143,9.404761904761905,1.5952380952380953,0.0,A,0,0,1,0.0,0.0,0.0
2019-2020,x-00005,2020-07-11,t-00055,t-00018,3.0,0.0,4.0,4.0,5.0,3.83,1.76,1711.59411621,1840.31481934,-3,5,5,1,0.0,13,36,2.0,8.0,2.0,4.0,11.0,1.0,0.0,2.0,13.0,5.0,3.0,6.0,0.0,0.0,H,1,0,0,0.0,0.0,0.0
2019-2020,x-00005,2020-07-11,t-00012,t-00035,0.0,5.0,0.0,8.0,12.68,6.77,1.24,1653.1340332,1981.33776855,-3,12,-5,-5,-5.0,13,30,0.0,6.0,2.0,1.0,6.0,1.0,0.0,4.0,15.0,6.0,8.0,10.0,1.0,0.0,A,0,0,1,0.0,0.0,2.0
2019-2020,x-00005,2020-07-12,t-00009,t-00032,4.0,1.0,4.0,5.0,4.52,3.9,1.81,1612.71704102,1799.5559082,-9,2,-4,-2,2.0,7,16,0.5,8.0,2.0,3.0,11.5,2.5,0.0,2.5,15.5,4.5,5.0,7.5,0.5,0.0,H,1,0,0,1.0,1.0,0.0
2019-2020,x-00005,2020-07-12,t-00071,t-00025,3.0,0.0,7.0,2.0,2.12,3.21,4.07,1779.09472656,1748.52026367,1,1,2,-4,0.0,12,17,1.2777777777777777,12.347222222222221,3.861111111111111,5.097222222222222,10.708333333333334,1.7222222222222223,0.041666666666666664,1.3125,12.75,4.625,5.1875,12.625,1.8125,0.0625,H,1,0,0,0.0,1.0,0.0
2019-2020,x-00005,2020-07-12,t-00064,t-00002,2.0,1.0,9.0,4.0,2.78,3.45,2.63,1791.69165039,1812.39782715,1,7,4,0,1.0,11,31,1.7012987012987013,12.831168831168831,4.87012987012987,5.675324675324675,11.194805194805195,1.8571428571428572,0.05194805194805195,1.625,9.875,4.0,4.9375,11.4375,2.0,0.25,H,1,0,0,1.0,1.0,0.0
2019-2020,x-00005,2020-07-12,t-00003,t-00022,2.0,0.0,9.0,5.0,2.35,3.45,3.17,1593.16552734,1707.67944336,-7,-7,-6,-6,0.0,11,11,0.0,10.0,2.0,2.0,16.0,4.0,1.0,1.0,22.0,5.0,13.0,15.0,2.0,0.0,H,1,0,0,0.0,0.0,0.0
2019-2020,x-00005,2020-07-13,t-00036,t-00057,2.0,2.0,4.0,5.0,1.28,6.34,10.55,1874.39709473,1707.13391113,12,4,11,-1,1.0,34,27,2.0,18.5,7.0,6.0,7.0,2.0,0.0,1.5,8.0,2.5,4.5,13.5,1.0,0.5,D,0,1,0,1.0,1.0,0.0
2019-2020,x-00005,2020-07-14,t-00018,t-00041,1.0,0.0,6.0,0.0,1.12,9.66,24.8,1822.50512695,1552.53137207,1,-11,7,-9,0.0,35,9,3.0,23.0,8.0,8.0,9.0,1.0,0.0,2.0,6.0,5.0,1.0,9.0,1.0,0.0,H,1,0,0,0.0,0.0,0.0
2019-2020,x-00005,2020-07-15,t-00035,t-00009,2.0,1.0,4.0,3.0,1.17,8.49,14.53,1986.37036133,1632.91418457,12,-4,19,-9,6.0,31,10,2.6,18.2,6.2,7.2,10.2,1.8,0.2,0.6,5.6,2.4,3.2,7.4,1.6,0.0,H,1,0,0,2.0,0.0,0.0
2019-2020,x-00005,2020-07-15,t-00002,t-00033,2.0,1.0,2.0,8.0,4.74,4.33,1.7,1804.93798828,2004.41625977,7,4,10,-4,0.0,29,31,1.588235294117647,10.058823529411764,4.0,4.9411764705882355,11.411764705882353,2.0588235294117645,0.23529411764705882,2.2432432432432434,15.81981981981982,6.027027027027027,6.4324324324324325,8.711711711711711,1.054054054054054,0.036036036036036036,H,1,0,0,0.0,2.0,0.0
2019-2020,x-00005,2020-07-15,t-00040,t-00064,1.0,3.0,6.0,5.0,5.39,4.28,1.64,1699.4597168,1799.15148926,-3,2,3,-2,-3.0,19,17,1.0285714285714285,10.228571428571428,3.4857142857142858,3.914285714285714,9.742857142857142,1.7142857142857142,0.08571428571428572,1.705128205128205,12.85897435897436,4.923076923076923,5.67948717948718,11.256410256410257,1.8974358974358974,0.05128205128205128,A,0,0,1,0.0,0.0,2.0
2019-2020,x-00005,2020-07-15,t-00014,t-00071,1.0,1.0,1.0,5.0,4.6,3.42,1.93,1736.63659668,1789.93664551,3,2,4,3,2.0,19,13,1.0,8.333333333333334,2.3333333333333335,2.0,10.666666666666666,2.3333333333333335,0.0,0.6666666666666666,18.333333333333332,3.3333333333333335,5.666666666666667,9.666666666666666,1.0,0.0,D,0,1,0,1.0,0.0,0.0
2019-2020,x-00005,2020-07-16,t-00025,t-00003,1.0,1.0,1.0,1.0,2.1,3.62,3.62,1737.67834473,1607.38085938,-2,-4,3,-9,0.0,16,16,1.2352941176470589,12.352941176470589,4.470588235294118,5.0,12.411764705882353,1.8235294117647058,0.058823529411764705,1.0857142857142856,12.085714285714285,4.057142857142857,5.142857142857143,11.771428571428572,1.8285714285714285,0.02857142857142857,D,0,1,0,0.0,0.0,0.0
2019-2020,x-00005,2020-07-16,t-00032,t-00055,2.0,0.0,7.0,1.0,2.19,3.22,3.8,1779.35888672,1729.40380859,-1,3,6,-5,0.0,19,16,2.0,10.0,2.0,4.0,6.0,0.0,0.0,1.0,8.0,3.0,7.0,11.0,1.0,0.0,H,1,0,0,0.0,0.0,0.0
2019-2020,x-00005,2020-07-16,t-00022,t-00036,0.0,2.0,5.0,5.0,8.65,5.38,1.36,1693.46411133,1868.95715332,-11,12,-1,8,-3.0,14,32,1.5,11.0,2.5,3.0,13.0,3.0,0.0,2.0,17.5,3.5,7.0,8.5,2.5,0.0,A,0,0,1,0.0,0.0,2.0
2019-2020,x-00005,2020-07-16,t-00057,t-00012,1.0,1.0,6.0,2.0,2.3,3.45,3.28,1712.57385254,1648.1015625,1,-9,-1,1,0.0,23,8,2.0,12.0,4.0,5.0,10.0,3.0,0.0,0.0,12.0,3.0,8.0,9.0,1.0,1.0,D,0,1,0,0.0,2.0,0.0
2019-2020,x-00005,2020-07-17,t-00069,t-00067,3.0,1.0,4.0,3.0,2.54,2.92,3.39,1682.96362305,1672.28283691,2,-4,0,-8,0.0,25,16,1.3953488372093024,10.162790697674419,3.9302325581395348,4.674418604651163,9.372093023255815,1.558139534883721,0.0,1.263157894736842,10.526315789473685,3.210526315789474,3.8421052631578947,13.842105263157896,1.8421052631578947,0.10526315789473684,H,1,0,0,1.0,0.0,1.0
2019-2020,x-00005,2020-07-18,t-00041,t-00014,0.0,2.0,2.0,8.0,3.19,3.45,2.34,1550.65283203,1736.86779785,-11,2,-8,-3,0.0,8,15,0.0,11.0,2.0,3.0,10.0,1.0,0.0,2.0,13.0,6.0,7.0,11.0,0.0,0.0,A,0,0,1,0.0,0.0,0.0
2019-2020,x-00005,2020-07-19,t-00064,t-00032,3.0,0.0,3.0,6.0,2.36,3.39,3.22,1808.64135742,1787.41174316,2,1,3,-5,3.0,18,24,1.7215189873417722,12.79746835443038,4.924050632911392,5.658227848101266,11.278481012658228,1.9113924050632911,0.05063291139240506,1.826086956521739,13.891304347826088,5.108695652173913,5.5,10.565217391304348,1.0434782608695652,0.06521739130434782,H,1,0,0,2.0,0.0,0.0
2019-2020,x-00005,2020-07-19,t-00009,t-00057,0.0,2.0,3.0,8.0,2.46,3.82,2.76,1631.78234863,1709.51147461,-4,3,-2,3,0.0,13,26,3.0,7.5,4.0,4.0,9.0,2.0,0.0,2.0,23.5,6.5,6.5,8.0,1.5,0.0,A,0,0,1,0.0,2.0,0.0
2019-2020,x-00005,2020-07-20,t-00012,t-00040,0.0,0.0,3.0,1.0,2.01,3.55,4.0,1651.16394043,1689.96984863,-9,-5,-10,-3,1.0,8,22,0.0,16.0,3.0,3.0,8.0,1.0,0.0,0.0,11.0,4.0,5.0,12.0,2.0,0.0,D,0,1,0,1.0,1.0,0.0
2019-2020,x-00005,2020-07-20,t-00071,t-00022,2.0,0.0,5.0,3.0,1.46,4.31,8.7,1789.70544434,1686.54663086,1,-9,5,-6,-2.0,16,19,0.6666666666666666,10.0,2.3333333333333335,4.333333333333333,10.666666666666666,3.0,0.3333333333333333,1.0,13.666666666666666,4.0,7.333333333333333,8.333333333333334,2.0,0.0,H,1,0,0,0.0,0.0,1.0
2019-2020,x-00005,2020-07-20,t-00055,t-00025,0.0,1.0,0.0,2.0,2.0,3.41,4.25,1721.35083008,1733.01135254,4,-3,7,-8,0.0,16,12,1.0555555555555556,9.472222222222221,3.111111111111111,5.666666666666667,10.63888888888889,1.6388888888888888,0.05555555555555555,1.2222222222222223,12.166666666666666,4.277777777777778,5.0,12.555555555555555,1.8333333333333333,0.05555555555555555,A,0,0,1,0.0,0.0,0.0
2019-2020,x-00005,2020-07-21,t-00003,t-00002,1.0,0.0,3.0,0.0,3.14,3.86,2.21,1612.04785156,1816.83776855,-4,6,-3,-1,0.0,15,26,1.0833333333333333,12.166666666666666,3.9722222222222223,5.138888888888889,11.805555555555555,1.8055555555555556,0.027777777777777776,1.6111111111111112,9.666666666666666,3.888888888888889,4.777777777777778,11.555555555555555,2.111111111111111,0.2222222222222222,H,1,0,0,0.0,0.0,0.0
2019-2020,x-00005,2020-07-21,t-00067,t-00035,0.0,4.0,0.0,10.0,9.2,6.37,1.3,1662.97302246,1987.5020752,-5,14,3,2,-7.0,15,33,0.0,8.5,2.0,4.0,15.5,3.0,0.0,2.625,18.169642857142858,6.821428571428571,7.607142857142857,9.0625,1.4375,0.0625,A,0,0,1,0.0,0.0,2.0
2019-2020,x-00005,2020-07-22,t-00036,t-00069,1.0,1.0,4.0,3.0,1.27,6.55,10.55,1875.87451172,1692.27355957,11,6,11,0,5.0,31,27,1.736842105263158,14.649122807017545,5.824561403508772,5.298245614035087,11.105263157894736,1.8070175438596492,0.03508771929824561,1.4318181818181819,10.159090909090908,3.9318181818181817,4.7727272727272725,9.409090909090908,1.5227272727272727,0.0,D,0,1,0,2.0,0.0,0.0
2019-2020,x-00005,2020-07-22,t-00033,t-00018,5.0,3.0,7.0,5.0,1.93,3.8,4.09,1992.51635742,1824.38366699,-1,1,8,-2,2.0,32,31,2.0,6.0,3.0,4.0,13.0,3.0,0.0,1.0,13.0,2.0,6.0,8.0,3.0,0.0,H,1,0,0,1.0,1.0,0.0
2019-2020,x-00005,2020-07-26,t-00069,t-00003,1.0,1.0,1.0,4.0,2.66,3.53,2.69,1698.11523438,1623.97143555,5,-2,2,-8,0.0,26,17,1.4222222222222223,10.2,3.911111111111111,4.733333333333333,9.4,1.511111111111111,0.0,1.0810810810810811,12.054054054054054,3.945945945945946,5.216216216216216,11.837837837837839,1.8108108108108107,0.02702702702702703,D,0,1,0,0.0,0.0,0.0
2019-2020,x-00005,2020-07-26,t-00057,t-00055,3.0,1.0,4.0,3.0,2.0,3.68,3.93,1719.65039062,1712.30541992,3,1,0,-8,0.0,27,11,1.0,11.0,7.0,6.0,7.0,1.0,0.0,0.0,17.0,4.0,12.0,10.0,1.0,1.0,H,1,0,0,0.0,0.0,0.0
2019-2020,x-00005,2020-07-26,t-00018,t-00071,2.0,0.0,3.0,1.0,1.96,3.38,4.52,1819.88391113,1796.16149902,0,2,10,3,0.0,30,19,5.0,15.0,6.0,5.0,11.0,2.0,0.0,2.0,11.0,4.0,7.0,8.0,1.0,0.0,H,1,0,0,0.0,1.0,0.0
2019-2020,x-00005,2020-07-26,t-00022,t-00064,1.0,1.0,2.0,2.0,6.94,4.62,1.49,1680.09057617,1819.37927246,-10,7,-2,-1,-2.0,18,19,0.6666666666666666,9.666666666666666,2.3333333333333335,3.6666666666666665,10.333333333333334,1.0,0.0,2.3333333333333335,15.666666666666666,6.666666666666667,7.666666666666667,9.0,1.3333333333333333,0.0,D,0,1,0,0.0,0.0,2.0
2019-2020,x-00005,2020-07-26,t-00014,t-00012,1.0,2.0,2.0,4.0,2.64,3.39,2.8,1743.51489258,1650.88720703,3,-6,4,1,1.0,19,9,1.0,7.0,1.0,6.0,7.0,2.0,0.0,1.0,14.0,5.0,3.0,13.0,0.0,0.0,A,0,0,1,1.0,1.0,0.0
2019-2020,x-00005,2020-07-26,t-00002,t-00067,3.0,2.0,5.0,6.0,2.05,3.84,3.56,1804.91430664,1658.36547852,1,-7,7,-10,5.0,18,15,1.5263157894736843,9.526315789473685,3.6842105263157894,5.0,11.947368421052632,2.210526315789474,0.21052631578947367,0.0,6.333333333333333,1.3333333333333333,2.6666666666666665,15.0,2.6666666666666665,0.0,H,1,0,0,2.0,0.0,0.0
2019-2020,x-00005,2020-07-26,t-00032,t-00036,0.0,2.0,3.0,3.0,3.76,3.65,2.05,1776.67382812,1870.03283691,-1,8,8,8,-1.0,27,29,0.0,9.0,3.0,9.0,14.0,2.0,0.0,1.0,10.0,5.0,3.0,14.0,1.0,0.0,A,0,0,1,0.0,1.0,1.0
2019-2020,x-00005,2020-07-26,t-00025,t-00009,1.0,3.0,5.0,7.0,2.34,3.7,3.01,1742.0567627,1621.64343262,-3,-3,1,-9,3.0,12,15,1.2105263157894737,11.789473684210526,4.157894736842105,4.7894736842105265,12.894736842105264,1.894736842105263,0.05263157894736842,1.2212389380530972,11.415929203539823,3.849557522123894,5.292035398230088,9.185840707964601,1.663716814159292,0.04424778761061947,A,0,0,1,2.0,0.0,0.0
2019-2020,x-00005,2020-07-26,t-00035,t-00041,5.0,0.0,10.0,4.0,1.04,18.5,41.0,1992.10949707,1544.00561523,14,-9,18,-10,0.0,37,8,2.0,25.0,8.0,16.0,7.0,1.0,0.0,3.0,7.0,3.0,3.0,8.0,3.0,0.0,H,1,0,0,0.0,0.0,0.0
2019-2020,x-00005,2020-07-26,t-00040,t-00033,1.0,3.0,2.0,6.0,5.42,4.62,1.58,1690.24658203,1997.01611328,-8,5,1,-6,-1.0,16,36,1.0,8.0,1.0,1.0,4.0,0.0,0.0,3.0,21.0,9.0,10.0,5.0,0.0,0.0,A,0,0,1,0.0,1.0,1.0
2020-2021,x-00005,2020-09-12,t-00033,t-00031,4.0,3.0,6.0,3.0,1.28,6.34,11.38,1991.63098145,1624.62426758,5,0,9,0,0.0,38,0,0.0,0.0,0.0,0.0,0.0,0.0,0.0,0.0,0.0,0.0,0.0,0.0,0.0,0.0,H,1,0,0,0.0,0.0,0.0
2020-2021,x-00005,2020-09-12,t-00026,t-00002,0.0,3.0,2.0,6.0,5.48,3.98,1.69,1591.54626465,1799.52392578,-1,0,-4,1,-4.0,16,18,0.8,10.6,3.3,4.5,10.1,1.9,0.0,1.6,9.7,3.75,4.95,11.8,2.25,0.2,A,0,0,1,0.0,0.0,1.0
2020-2021,x-00005,2020-09-12,t-00069,t-00040,0.0,2.0,3.0,2.0,2.04,3.59,3.92,1685.76428223,1677.56347656,5,-10,0,-2,0.0,20,14,2.0,17.0,7.0,4.0,11.0,0.0,0.0,2.0,11.0,4.0,6.0,9.0,0.0,0.0,A,0,0,1,1.0,0.0,2.0
2020-2021,x-00005,2020-09-12,t-00022,t-00057,1.0,0.0,3.0,5.0,3.09,3.27,2.54,1673.68884277,1720.21118164,-7,4,-3,7,-5.0,19,27,0.6666666666666666,8.666666666666666,1.6666666666666667,4.0,9.0,1.6666666666666667,0.3333333333333333,1.3333333333333333,14.0,5.0,7.666666666666667,12.333333333333334,1.6666666666666667,0.0,H,1,0,0,0.0,0.0,3.0
2020-2021,x-00005,2020-09-13,t-00068,t-00032,0.0,3.0,1.0,7.0,3.38,3.38,2.32,1593.79064941,1757.98510742,1,-6,-3,-7,-3.0,14,26,1.0,10.545454545454545,3.1818181818181817,4.090909090909091,10.363636363636363,2.1818181818181817,0.18181818181818182,1.75,14.104166666666666,5.083333333333333,5.604166666666667,10.583333333333334,1.0416666666666667,0.08333333333333333,A,0,0,1,0.0,0.0,1.0
2020-2021,x-00005,2020-09-13,t-00064,t-00025,0.0,1.0,5.0,4.0,2.09,3.5,3.88,1807.71264648,1715.9395752,6,-4,7,-6,5.0,19,14,1.0,12.0,2.0,5.0,14.0,3.0,0.0,0.0,11.0,3.0,6.0,18.0,2.0,0.0,A,0,0,1,2.0,1.0,0.0
2020-2021,x-00005,2020-09-14,t-00055,t-00071,0.0,2.0,2.0,4.0,3.28,2.9,2.68,1693.6763916,1778.44799805,-1,2,6,0,1.0,11,19,1.0,8.0,3.5,4.0,11.5,3.0,0.0,0.5,9.5,2.0,4.0,9.0,0.5,0.0,A,0,0,1,1.0,0.0,0.0
2020-2021,x-00005,2020-09-14,t-00012,t-00018,1.0,3.0,3.0,5.0,6.07,4.46,1.57,1653.63110352,1818.56286621,-6,-1,-9,-4,-5.0,11,24,0.5,12.0,3.0,3.5,10.5,2.5,0.0,1.5,20.0,7.5,4.0,10.0,2.5,0.0,A,0,0,1,0.0,1.0,2.0
2020-2021,x-00005,2020-09-19,t-00025,t-00068,5.0,2.0,7.0,4.0,1.61,4.12,6.41,1727.68505859,1585.65991211,-3,-3,-1,-2,0.0,14,11,1.1904761904761905,12.0,4.190476190476191,4.571428571428571,12.523809523809524,1.7619047619047619,0.047619047619047616,0.9166666666666666,10.25,3.0,3.9166666666666665,10.5,2.0833333333333335,0.16666666666666666,H,1,0,0,0.0,1.0,0.0
2020-2021,x-00005,2020-09-19,t-00031,t-00026,4.0,3.0,7.0,6.0,1.75,3.91,5.12,1623.89941406,1584.77734375,-1,-6,0,-7,0.0,3,13,3.0,6.0,3.0,0.0,6.0,0.0,0.0,0.7272727272727273,10.090909090909092,3.1818181818181817,4.2727272727272725,10.272727272727273,1.9090909090909092,0.0,H,1,0,0,0.0,0.0,0.0
2020-2021,x-00005,2020-09-19,t-00002,t-00069,2.0,1.0,3.0,3.0,1.53,4.53,6.81,1807.03344727,1672.734375,3,4,7,1,6.0,17,18,1.0,9.0,2.0,6.0,11.0,1.0,0.0,0.0,14.0,6.0,7.0,9.0,2.0,0.0,H,1,0,0,3.0,0.0,0.0
2020-2021,x-00005,2020-09-19,t-00036,t-00022,1.0,3.0,4.0,5.0,1.38,5.18,9.33,1861.09973145,1682.27844238,7,-5,8,-9,3.0,22,18,2.0,17.333333333333332,4.0,7.0,10.666666666666666,2.3333333333333335,0.0,1.0,11.666666666666666,3.3333333333333335,2.6666666666666665,12.0,2.3333333333333335,0.0,A,0,0,1,1.0,1.0,1.0
2020-2021,x-00005,2020-09-20,t-00018,t-00033,0.0,2.0,3.0,6.0,3.32,3.89,2.17,1825.85424805,1993.09631348,0,4,11,-1,0.0,23,36,2.0,11.5,3.5,3.0,9.5,1.5,0.0,3.5,8.0,5.0,5.0,10.5,2.0,0.0,A,0,0,1,1.0,1.0,1.0
2020-2021,x-00005,2020-09-20,t-00032,t-00014,4.0,2.0,6.0,5.0,1.55,4.36,6.74,1766.85632324,1723.07312012,-3,2,7,-1,2.0,28,17,1.6666666666666667,15.333333333333334,5.0,5.666666666666667,7.333333333333333,0.3333333333333333,0.3333333333333333,1.3333333333333333,11.333333333333334,3.6666666666666665,5.666666666666667,11.0,1.6666666666666667,0.0,H,1,0,0,2.0,1.0,0.0
2020-2021,x-00005,2020-09-20,t-00057,t-00064,2.0,5.0,7.0,6.0,3.45,3.46,2.27,1712.36206055,1797.82580566,3,5,0,0,2.0,28,24,1.0,12.0,3.0,6.0,21.0,3.0,0.0,0.0,11.0,5.0,9.0,8.0,4.0,0.0,A,0,0,1,2.0,1.0,0.0
2020-2021,x-00005,2020-09-20,t-00040,t-00012,0.0,3.0,0.0,6.0,2.7,3.21,2.96,1691.3338623,1647.08032227,-3,-6,-1,2,-1.0,15,12,0.0,11.5,2.5,6.0,12.0,2.0,0.0,0.0,13.5,3.0,6.0,10.5,2.5,0.0,A,0,0,1,0.0,2.0,1.0
2020-2021,x-00005,2020-09-21,t-00003,t-00055,1.0,0.0,2.0,1.0,2.46,3.19,3.35,1618.62438965,1684.03930664,0,-4,-2,-10,0.0,18,10,0.0,11.0,3.0,7.0,10.0,1.5,0.0,1.0,6.0,2.0,3.5,12.0,1.5,0.0,H,1,0,0,0.0,1.0,0.0
2020-2021,x-00005,2020-09-21,t-00071,t-00035,1.0,3.0,1.0,9.0,6.7,4.55,1.53,1788.82556152,1968.14929199,5,20,4,5,1.0,22,41,1.5,10.25,3.0,2.5,9.25,0.75,0.25,1.5,16.75,5.0,7.75,9.5,2.25,0.25,A,0,0,1,1.0,1.0,0.0
2020-2021,x-00005,2020-09-26,t-00012,t-00036,2.0,3.0,5.0,3.0,5.58,4.36,1.63,1665.40490723,1842.53186035,2,2,-12,10,-1.0,18,20,0.5,7.0,2.0,3.0,12.0,2.5,0.0,3.0,16.5,8.5,5.0,9.5,1.5,0.0,A,0,0,1,2.0,0.0,1.0
2020-2021,x-00005,2020-09-26,t-00014,t-00057,0.0,1.0,2.0,1.0,3.37,3.47,2.3,1715.0760498,1700.82922363,-1,0,0,3,3.0,18,30,2.0,11.333333333333334,5.333333333333333,3.0,9.0,1.6666666666666667,0.0,0.6666666666666666,10.333333333333334,3.0,4.333333333333333,9.666666666666666,1.0,0.0,A,0,0,1,1.0,2.0,0.0
2020-2021,x-00005,2020-09-26,t-00022,t-00025,1.0,2.0,1.0,5.0,3.58,3.34,2.27,1701.51806641,1734.72106934,-1,3,-3,-1,0.0,18,19,1.0,10.0,2.0,6.0,12.0,1.0,0.0,3.0,14.0,8.0,4.0,11.0,0.0,0.0,A,0,0,1,0.0,3.0,0.0
2020-2021,x-00005,2020-09-26,t-00068,t-00018,3.0,3.0,3.0,10.0,6.96,5.03,1.47,1579.29553223,1819.50024414,-6,1,-3,-3,-4.0,9,22,1.0,9.923076923076923,3.076923076923077,3.6923076923076925,10.538461538461538,1.9230769230769231,0.23076923076923078,1.8,16.0,5.775,6.275,10.225,1.5,0.025,D,0,1,0,0.0,0.0,1.0
2020-2021,x-00005,2020-09-27,t-00035,t-00032,2.0,5.0,5.0,7.0,1.32,5.9,9.96,1974.95031738,1775.52526855,17,2,20,-4,7.0,41,29,1.6666666666666667,20.0,8.0,8.0,12.0,1.6666666666666667,0.0,0.3333333333333333,7.333333333333333,2.3333333333333335,1.3333333333333333,9.333333333333334,1.3333333333333333,0.0,A,0,0,1,3.0,0.0,0.0
2020-2021,x-00005,2020-09-27,t-00069,t-00071,4.0,0.0,7.0,2.0,3.43,3.35,2.33,1669.17089844,1782.69641113,-1,0,0,0,-3.0,14,16,0.0,7.0,2.0,5.0,8.0,1.0,0.0,2.0,10.0,6.0,7.0,7.0,1.0,0.0,H,1,0,0,0.0,0.0,2.0
2020-2021,x-00005,2020-09-27,t-00055,t-00031,0.0,1.0,4.0,9.0,3.09,3.44,2.47,1675.4967041,1630.20825195,-8,0,3,-1,0.0,7,10,0.975,9.175,2.95,5.7,10.9,1.6,0.075,3.5,8.0,5.0,2.5,9.5,0.5,0.0,A,0,0,1,0.0,0.0,0.0
2020-2021,x-00005,2020-09-27,t-00064,t-00040,1.0,1.0,12.0,1.0,1.42,5.05,8.16,1811.04370117,1673.68103027,7,-5,6,-1,1.0,21,11,3.0,8.0,5.0,4.0,13.0,3.0,0.0,1.0,22.0,6.0,5.0,6.0,2.0,0.0,D,0,1,0,2.0,0.0,1.0
2020-2021,x-00005,2020-09-28,t-00033,t-00002,3.0,1.0,8.0,3.0,1.5,5.25,5.95,2000.12207031,1811.26867676,6,5,9,5,10.0,33,16,1.0,24.0,8.0,13.0,10.0,1.0,0.0,2.0,3.0,2.0,2.0,14.0,3.0,0.0,H,1,0,0,3.0,0.0,0.0
2020-2021,x-00005,2020-09-28,t-00026,t-00003,0.0,3.0,3.0,5.0,3.04,3.49,2.48,1579.14025879,1627.83874512,-8,4,-6,-6,0.0,14,19,0.9166666666666666,10.416666666666666,3.4166666666666665,4.166666666666667,10.916666666666666,1.9166666666666667,0.0,1.0769230769230769,12.23076923076923,3.8974358974358974,5.384615384615385,11.871794871794872,1.8205128205128205,0.02564102564102564,A,0,0,1,0.0,0.0,0.0
2020-2021,x-00005,2020-10-03,t-00040,t-00014,3.0,1.0,5.0,3.0,2.45,3.38,3.17,1679.04284668,1706.42272949,-3,-2,-7,2,2.0,6,18,0.0,15.0,2.0,7.0,11.5,3.0,0.0,0.5,7.5,2.5,5.5,12.0,1.5,0.0,H,1,0,0,1.0,2.0,0.0
2020-2021,x-00005,2020-10-03,t-00031,t-00035,1.0,1.0,7.0,2.0,8.85,7.49,1.28,1641.18554688,1952.78857422,1,9,1,9,0.0,19,38,2.6666666666666665,11.0,6.333333333333333,4.0,7.666666666666667,0.6666666666666666,0.0,2.6551724137931036,18.29310344827586,6.879310344827586,7.568965517241379,9.086206896551724,1.4310344827586208,0.0603448275862069,D,0,1,0,0.0,0.0,0.0
2020-2021,x-00005,2020-10-03,t-00025,t-00012,4.0,2.0,6.0,3.0,1.81,3.86,4.78,1743.82592773,1661.48156738,4,1,2,5,5.0,23,21,1.0,14.0,6.0,4.0,7.0,2.0,0.0,0.0,9.0,2.0,3.0,7.0,1.0,0.0,H,1,0,0,3.0,0.0,0.0
2020-2021,x-00005,2020-10-03,t-00018,t-00022,4.0,0.0,6.0,0.0,1.56,4.31,6.67,1815.06933594,1694.03198242,0,0,5,-9,5.0,26,14,2.5,18.5,5.5,8.0,9.5,1.5,0.0,1.0,8.0,2.5,3.5,14.0,1.5,0.0,H,1,0,0,3.0,0.0,0.0
2020-2021,x-00005,2020-10-04,t-00003,t-00033,7.0,2.0,11.0,8.0,6.76,5.1,1.47,1641.77258301,2005.29968262,5,9,0,1,-1.0,15,33,0.5,7.0,2.5,3.5,10.0,1.0,0.0,2.0,15.5,5.0,8.5,13.5,1.5,0.0,H,1,0,0,0.0,0.0,1.0
2020-2021,x-00005,2020-10-04,t-00032,t-00069,0.0,3.0,0.0,6.0,1.87,3.88,4.38,1799.30566406,1690.32470703,3,1,5,1,1.0,29,17,4.0,19.0,8.0,7.0,10.0,1.0,0.0,1.0,6.0,2.0,8.0,19.0,1.0,0.0,A,0,0,1,1.0,1.0,1.0
2020-2021,x-00005,2020-10-04,t-00036,t-00064,1.0,6.0,2.0,8.0,2.12,3.7,3.6,1848.07385254,1809.74047852,3,5,4,3,-1.0,19,28,1.5,12.0,6.5,5.0,13.5,0.5,0.0,1.0,9.0,4.0,5.0,13.0,0.5,0.0,A,0,0,1,2.0,0.0,1.0
2020-2021,x-00005,2020-10-04,t-00071,t-00026,1.0,0.0,5.0,2.0,1.82,3.64,5.08,1763.16113281,1566.82507324,-4,-12,2,-6,1.0,13,15,1.0,19.0,6.0,7.0,10.0,1.0,0.0,0.0,6.0,2.0,1.0,15.0,3.0,0.0,H,1,0,0,1.0,0.0,0.0
2020-2021,x-00005,2020-10-04,t-00002,t-00055,2.0,1.0,5.0,2.0,1.5,4.46,7.41,1807.7097168,1666.13818359,2,-7,7,-8,0.0,17,10,1.0,11.0,4.0,4.0,9.0,1.0,0.0,1.0,12.0,4.0,5.0,13.0,2.0,0.0,H,1,0,0,0.0,1.0,0.0
2020-2021,x-00005,2020-10-04,t-00057,t-00068,2.0,0.0,7.0,2.0,1.88,3.88,4.34,1711.10119629,1585.34521484,1,-7,-2,-4,1.0,25,10,1.34375,12.234375,4.421875,5.203125,11.625,1.53125,0.09375,1.1428571428571428,9.857142857142858,3.0714285714285716,3.642857142857143,10.357142857142858,1.8571428571428572,0.21428571428571427,H,1,0,0,1.0,0.0,0.0
2020-2021,x-00005,2020-10-17,t-00040,t-00036,1.0,4.0,4.0,14.0,4.77,4.21,1.74,1690.57775879,1825.89160156,-1,-4,-5,11,0.0,10,16,1.0,9.5,2.0,2.0,9.5,2.5,0.0,2.0,17.0,6.5,5.5,10.0,2.5,0.0,A,0,0,1,2.0,0.0,1.0
2020-2021,x-00005,2020-10-17,t-00018,t-00057,3.0,3.0,5.0,6.0,1.62,4.53,5.39,1823.93395996,1717.05957031,6,1,8,2,-1.0,27,24,2.0,11.5,5.0,6.0,12.5,2.0,0.0,1.5,7.5,3.0,2.0,8.5,1.0,0.0,D,0,1,0,1.0,1.0,1.0
2020-2021,x-00005,2020-10-17,t-00035,t-00002,1.0,0.0,5.0,3.0,1.55,4.81,5.76,1946.1237793,1811.67236328,8,4,12,1,7.0,36,22,3.0,20.0,12.0,5.0,9.0,1.0,0.0,0.0,3.0,0.0,2.0,7.0,1.0,1.0,H,1,0,0,3.0,0.0,0.0
2020-2021,x-00005,2020-10-17,t-00025,t-00033,2.0,2.0,5.0,8.0,4.22,4.24,1.83,1751.31311035,1970.78283691,5,2,3,0,0.0,27,34,0.0,9.0,3.0,1.0,15.0,2.0,0.0,0.0,10.0,3.0,6.0,12.0,2.0,0.0,D,0,1,0,0.0,3.0,0.0
2020-2021,x-00005,2020-10-18,t-00032,t-00003,0.0,1.0,5.0,4.0,2.48,3.62,2.95,1779.24963379,1676.28942871,3,10,2,1,4.0,23,25,4.0,19.0,7.5,7.0,15.0,2.0,0.0,0.5,9.5,1.5,4.0,16.5,3.5,0.0,A,0,0,1,1.0,0.0,0.0
2020-2021,x-00005,2020-10-18,t-00022,t-00012,1.0,1.0,1.0,3.0,3.27,3.25,2.47,1685.16723633,1653.99438477,-2,-1,-3,3,0.0,11,21,1.0,11.5,3.5,5.0,8.0,1.0,0.0,0.5,19.5,9.0,7.5,10.0,1.0,0.0,D,0,1,0,1.0,1.0,1.0
2020-2021,x-00005,2020-10-18,t-00055,t-00026,1.0,1.0,6.0,6.0,2.4,3.16,3.48,1662.17553711,1563.79821777,-7,-12,0,-5,0.0,12,15,0.9523809523809523,9.214285714285714,2.9523809523809526,5.642857142857143,11.023809523809524,1.5952380952380953,0.07142857142857142,0.7857142857142857,10.785714285714286,3.2857142857142856,4.071428571428571,11.214285714285714,2.142857142857143,0.0,D,0,1,0,0.0,0.0,0.0
2020-2021,x-00005,2020-10-18,t-00064,t-00069,3.0,3.0,6.0,4.0,1.65,4.17,5.61,1831.92260742,1710.3807373,7,4,4,6,1.0,33,20,1.0,15.5,5.0,7.5,12.0,1.5,0.0,0.0,9.5,2.0,2.5,9.5,1.5,0.0,D,0,1,0,1.0,1.0,1.0
2020-2021,x-00005,2020-10-19,t-00068,t-00014,0.0,0.0,6.0,4.0,2.73,3.25,2.9,1579.38684082,1694.88781738,-10,-4,-2,-1,-1.0,11,20,1.0,8.0,6.0,4.0,14.0,2.0,1.0,1.0,20.0,5.0,7.0,11.0,2.0,0.0,D,0,1,0,0.0,0.0,1.0
2020-2021,x-00005,2020-10-19,t-00031,t-00071,0.0,1.0,2.0,3.0,2.61,3.35,2.96,1647.85021973,1766.18798828,1,-5,1,-5,0.0,26,13,2.25,11.25,6.5,4.75,8.5,1.0,0.0,1.275,12.2375,3.85,5.075,10.675,1.65,0.0375,A,0,0,1,0.0,0.0,0.0
2020-2021,x-00005,2020-10-23,t-00003,t-00031,0.0,3.0,4.0,9.0,1.93,4.12,3.88,1697.99694824,1652.54064941,10,0,6,0,0.0,26,28,1.2619047619047619,12.30952380952381,4.095238095238095,5.285714285714286,11.952380952380953,1.880952380952381,0.023809523809523808,1.8,11.6,5.6,5.4,9.4,1.2,0.0,A,0,0,1,0.0,0.0,0.0
2020-2021,x-00005,2020-10-24,t-00026,t-00022,1.0,2.0,3.0,10.0,2.66,3.14,3.08,1577.75646973,1693.84655762,-8,-2,-7,-9,-2.0,19,10,0.8,11.066666666666666,3.466666666666667,4.133333333333334,11.066666666666666,2.1333333333333333,0.0,1.1565217391304348,11.452173913043477,3.6,5.104347826086957,10.947826086956521,1.6521739130434783,0.034782608695652174,A,0,0,1,0.0,0.0,1.0
2020-2021,x-00005,2020-10-24,t-00036,t-00018,0.0,0.0,4.0,1.0,2.69,3.46,2.79,1857.42102051,1829.97412109,-1,4,-4,-2,5.0,26,29,3.0,10.0,4.0,5.5,13.0,3.0,0.0,0.0,17.5,4.0,7.0,12.0,4.0,0.0,D,0,1,0,2.0,1.0,0.0
2020-2021,x-00005,2020-10-24,t-00033,t-00055,2.0,1.0,5.0,2.0,1.22,7.45,13.55,1980.85180664,1669.06201172,0,-5,7,-6,2.0,36,15,1.5,17.5,5.5,6.5,4.5,0.5,0.0,0.0,7.5,2.0,5.0,8.0,0.5,0.0,H,1,0,0,1.0,0.0,0.0
2020-2021,x-00005,2020-10-24,t-00069,t-00035,1.0,1.0,2.0,7.0,6.97,5.13,1.45,1724.90808105,1963.61413574,4,5,3,10,-12.0,23,31,0.6666666666666666,4.666666666666667,1.6666666666666667,1.6666666666666667,6.333333333333333,1.0,0.0,2.6666666666666665,21.0,7.333333333333333,7.666666666666667,7.0,1.0,0.0,D,0,1,0,0.0,0.0,3.0
2020-2021,x-00005,2020-10-25,t-00002,t-00032,0.0,1.0,4.0,2.0,2.0,3.57,4.17,1822.73681641,1781.93603516,2,4,4,0,3.0,20,25,1.0,11.0,7.0,10.0,10.0,1.0,1.0,1.0,13.0,5.0,1.0,14.0,0.0,0.0,A,0,0,1,2.0,1.0,0.0
2020-2021,x-00005,2020-10-25,t-00071,t-00040,1.0,1.0,3.0,2.0,1.86,3.52,5.01,1782.34204102,1691.50292969,-2,-2,2,-4,0.0,15,12,1.0,11.0,4.5,5.5,14.0,1.0,0.0,1.0,9.0,1.5,2.5,10.0,2.5,0.5,D,0,1,0,0.0,2.0,0.0
2020-2021,x-00005,2020-10-25,t-00057,t-00025,2.0,0.0,6.0,2.0,3.08,3.56,2.41,1731.33239746,1766.61462402,-1,7,2,-1,3.0,26,27,1.0,17.0,4.0,5.0,14.0,3.0,0.0,1.0,11.0,4.0,3.0,13.0,3.0,0.0,H,1,0,0,2.0,0.0,1.0
2020-2021,x-00005,2020-10-26,t-00014,t-00064,0.0,1.0,4.0,3.0,5.59,4.41,1.61,1702.84069824,1842.87402344,-6,7,-1,10,-2.0,16,37,0.6,10.6,3.0,2.6,10.4,3.6,0.0,2.2,16.4,5.2,5.4,11.6,2.8,0.2,A,0,0,1,1.0,1.0,1.0
2020-2021,x-00005,2020-10-26,t-00012,t-00068,1.0,1.0,3.0,3.0,1.67,4.3,5.26,1666.15979004,1592.27856445,-2,-8,-10,-5,2.0,20,16,1.1162790697674418,12.465116279069768,3.7674418604651163,4.767441860465116,10.511627906976743,1.4883720930232558,0.09302325581395349,1.0,9.75,3.1875,3.75,10.625,1.8125,0.1875,D,0,1,0,1.0,0.0,0.0
2020-2021,x-00005,2020-10-30,t-00071,t-00022,2.0,0.0,5.0,2.0,2.12,3.14,4.34,1785.84106445,1706.33447266,-4,-2,4,-5,0.0,14,17,1.0,10.25,3.0,4.5,10.75,2.75,0.25,0.75,12.0,3.75,6.0,10.0,1.75,0.0,H,1,0,0,1.0,0.0,1.0
2020-2021,x-00005,2020-10-31,t-00055,t-00035,0.0,1.0,1.0,8.0,10.63,6.25,1.3,1674.0703125,1970.61279297,-4,0,-1,11,-1.0,15,28,0.0,6.0,0.5,5.0,9.5,2.5,0.0,1.5,17.0,4.5,10.5,9.0,2.0,0.0,A,0,0,1,0.0,0.0,1.0
2020-2021,x-00005,2020-10-31,t-00033,t-00069,2.0,1.0,5.0,3.0,1.44,5.3,7.1,1990.51208496,1737.07470703,0,6,6,6,8.0,35,22,3.0,19.666666666666668,8.0,10.333333333333334,5.666666666666667,0.0,0.0,1.0,7.0,4.0,4.333333333333333,7.666666666666667,2.3333333333333335,0.0,H,1,0,0,3.0,0.0,0.0
2020-2021,x-00005,2020-10-31,t-00014,t-00018,0.0,3.0,0.0,9.0,5.59,4.29,1.63,1704.46203613,1845.58056641,-6,2,-3,-3,-7.0,18,25,1.0,10.0,3.5,4.0,5.5,3.0,0.0,3.5,17.0,7.5,8.0,7.5,1.0,0.0,A,0,0,1,0.0,0.0,3.0
2020-2021,x-00005,2020-11-01,t-00003,t-00057,3.0,4.0,10.0,4.0,2.69,3.56,2.73,1687.51098633,1749.70825195,7,2,6,2,-2.0,26,27,0.5,11.5,3.5,6.5,16.5,3.0,0.0,2.5,22.5,8.5,7.0,14.0,1.0,0.0,A,0,0,1,0.0,0.0,1.0
2020-2021,x-00005,2020-11-01,t-00036,t-00002,0.0,1.0,2.0,2.0,2.02,3.65,3.97,1877.63330078,1820.20324707,-3,-2,-7,-2,1.0,27,18,0.0,10.0,4.0,4.0,15.0,0.0,0.0,2.0,10.0,4.0,1.0,11.0,2.0,0.0,A,0,0,1,1.0,2.0,0.0
2020-2021,x-00005,2020-11-01,t-00064,t-00012,2.0,1.0,3.0,2.0,1.61,4.36,5.77,1841.12817383,1670.10522461,9,0,3,2,4.0,35,20,2.0,11.0,5.0,9.0,10.0,4.0,0.0,1.0,11.0,5.0,2.0,9.0,2.0,0.0,H,1,0,0,3.0,0.0,0.0
2020-2021,x-00005,2020-11-01,t-00040,t-00025,2.0,1.0,4.0,4.0,3.34,3.43,2.33,1701.44250488,1761.67724609,-4,4,-8,-2,-1.0,12,25,1.5,14.0,3.5,4.5,11.5,1.5,0.0,2.0,19.5,8.5,7.0,13.0,1.5,0.0,H,1,0,0,1.0,0.0,2.0
2020-2021,x-00005,2020-11-02,t-00026,t-00068,2.0,0.0,6.0,1.0,2.48,3.32,3.19,1578.70690918,1601.77148438,-6,-5,-10,-6,0.0,20,18,0.8125,11.375,3.4375,4.125,11.0625,2.0,0.0625,1.0,9.705882352941176,3.176470588235294,3.6470588235294117,10.411764705882353,1.7058823529411764,0.17647058823529413,H,1,0,0,0.0,0.0,0.0
2020-2021,x-00005,2020-11-02,t-00031,t-00032,1.0,4.0,4.0,8.0,2.42,3.71,2.97,1676.46508789,1802.62866211,4,2,0,1,0.0,34,20,2.0,14.166666666666666,6.166666666666667,5.333333333333333,10.666666666666666,1.3333333333333333,0.0,1.7962962962962963,13.555555555555555,5.018518518518518,5.62962962962963,10.62962962962963,1.2222222222222223,0.07407407407407407,A,0,0,1,0.0,0.0,0.0
2020-2021,x-00005,2020-11-06,t-00057,t-00040,2.0,0.0,8.0,2.0,2.2,3.47,3.59,1762.21875,1715.76208496,6,0,3,1,-1.0,24,16,0.5,12.5,3.5,8.5,15.5,1.5,0.5,1.5,13.0,6.5,5.5,13.0,2.0,0.0,H,1,0,0,0.0,2.0,1.0
2020-2021,x-00005,2020-11-06,t-00012,t-00014,0.0,0.0,3.0,1.0,1.99,3.42,4.45,1671.99133301,1700.85021973,-4,-7,-8,-2,-2.0,16,13,1.5,14.0,4.5,5.0,12.0,0.0,0.0,1.0,10.0,1.5,6.0,9.0,2.5,0.0,D,0,1,0,0.0,2.0,1.0
2020-2021,x-00005,2020-11-07,t-00069,t-00026,1.0,0.0,7.0,3.0,1.9,3.96,4.12,1740.24194336,1595.41516113,6,-3,4,-2,2.0,22,20,1.471698113207547,10.377358490566039,3.8679245283018866,4.566037735849057,9.81132075471698,1.5660377358490567,0.0,0.8823529411764706,11.470588235294118,3.588235294117647,4.176470588235294,11.176470588235293,2.0588235294117645,0.058823529411764705,H,1,0,0,1.0,0.0,0.0
2020-2021,x-00005,2020-11-07,t-00025,t-00036,1.0,3.0,1.0,5.0,3.33,3.68,2.23,1758.12219238,1858.57263184,0,-2,3,11,2.0,22,25,1.0,16.0,5.0,13.0,11.0,3.0,0.0,1.0,14.0,5.0,8.0,11.0,4.0,0.0,A,0,0,1,1.0,1.0,1.0
2020-2021,x-00005,2020-11-07,t-00018,t-00055,4.0,1.0,9.0,3.0,1.39,5.16,8.7,1864.44091797,1676.97277832,7,-4,5,-7,0.0,31,15,1.0,14.0,4.5,4.5,6.0,0.0,0.0,2.5,8.5,3.0,4.0,9.5,1.0,0.0,H,1,0,0,0.0,1.0,0.0
2020-2021,x-00005,2020-11-07,t-00022,t-00031,4.0,1.0,6.0,3.0,2.89,3.57,2.54,1703.8848877,1672.3659668,-6,0,-2,3,0.0,14,31,1.1538461538461537,11.47008547008547,3.641025641025641,5.102564102564102,10.88888888888889,1.6495726495726495,0.042735042735042736,1.8571428571428572,13.714285714285714,5.857142857142857,6.0,10.428571428571429,1.2857142857142858,0.0,H,1,0,0,0.0,0.0,0.0
2020-2021,x-00005,2020-11-08,t-00068,t-00064,0.0,1.0,2.0,5.0,6.88,4.71,1.5,1595.82775879,1853.67468262,-4,7,-2,11,1.0,15,32,0.0,9.0,1.0,1.0,7.0,2.0,0.0,4.0,22.0,6.0,11.0,19.0,2.0,0.0,A,0,0,1,1.0,0.0,0.0
2020-2021,x-00005,2020-11-08,t-00035,t-00033,1.0,1.0,2.0,3.0,1.95,4.17,3.78,1981.78881836,2009.21520996,-1,-1,9,-2,10.0,27,34,2.5,11.833333333333334,4.333333333333333,6.333333333333333,8.666666666666666,2.6666666666666665,0.0,1.3333333333333333,10.5,4.166666666666667,3.0,8.833333333333334,1.5,0.16666666666666666,D,0,1,0,3.0,0.0,0.0
2020-2021,x-00005,2020-11-08,t-00002,t-00003,0.0,3.0,2.0,6.0,1.66,4.58,4.95,1838.49658203,1685.76501465,-2,5,3,2,1.0,17,34,0.0,7.0,0.0,9.0,19.0,4.0,0.0,1.0,8.0,3.0,8.0,13.0,2.0,0.0,A,0,0,1,1.0,0.0,0.0
2020-2021,x-00005,2020-11-08,t-00032,t-00071,1.0,0.0,3.0,2.0,2.47,3.17,3.35,1823.21496582,1799.05517578,3,0,-2,-3,2.0,22,18,0.0,12.0,2.0,6.0,6.5,1.0,0.5,0.0,11.5,2.5,5.0,13.0,2.0,0.0,H,1,0,0,1.0,1.0,0.0
2020-2021,x-00005,2020-11-21,t-00040,t-00018,0.0,2.0,1.0,3.0,7.33,4.94,1.46,1707.09851074,1870.15246582,-2,10,-5,3,3.0,17,30,0.5,6.0,1.0,0.5,10.5,1.0,0.0,0.5,17.5,6.0,10.5,11.5,1.5,0.0,A,0,0,1,2.0,0.0,1.0
2020-2021,x-00005,2020-11-21,t-00003,t-00012,1.0,2.0,4.0,3.0,2.4,3.51,3.12,1707.10498047,1672.07275391,5,-3,3,1,1.0,35,14,1.5,16.0,5.5,5.5,11.0,2.0,0.0,1.0,15.0,3.5,4.0,14.0,2.5,0.5,A,0,0,1,1.0,0.0,0.0
2020-2021,x-00005,2020-11-21,t-00064,t-00035,2.0,0.0,2.0,5.0,4.3,4.21,1.81,1856.58508301,1981.80700684,8,2,3,7,-1.0,25,24,1.75,5.5,3.25,2.25,11.25,2.5,0.0,1.75,17.25,5.75,6.75,13.25,3.0,0.25,H,1,0,0,1.0,0.0,2.0
2020-2021,x-00005,2020-11-21,t-00036,t-00068,1.0,0.0,7.0,2.0,1.33,5.76,9.79,1867.10644531,1592.91748047,-1,-5,-8,-9,-1.0,27,14,1.7272727272727273,14.257575757575758,5.651515151515151,5.196969696969697,11.333333333333334,1.893939393939394,0.045454545454545456,0.8947368421052632,9.842105263157896,3.0,3.8421052631578947,10.789473684210526,1.6842105263157894,0.15789473684210525,H,1,0,0,0.0,0.0,1.0
2020-2021,x-00005,2020-11-22,t-00026,t-00025,2.0,3.0,6.0,7.0,4.24,3.89,1.88,1591.43115234,1749.58850098,-1,-3,-9,0,2.0,20,18,0.8333333333333334,11.555555555555555,3.5555555555555554,4.222222222222222,11.055555555555555,2.0555555555555554,0.05555555555555555,1.4285714285714286,11.75,4.214285714285714,4.714285714285714,12.428571428571429,1.8571428571428572,0.10714285714285714,A,0,0,1,1.0,0.0,0.0
2020-2021,x-00005,2020-11-22,t-00031,t-00002,0.0,0.0,4.0,2.0,3.58,3.89,2.06,1660.91833496,1817.15661621,-4,-3,-3,0,0.0,25,16,1.75,13.125,5.5,6.0,9.25,1.375,0.0,1.4642857142857142,9.535714285714286,3.6785714285714284,4.821428571428571,11.25,2.0,0.14285714285714285,D,0,1,0,0.0,0.0,0.0
2020-2021,x-00005,2020-11-22,t-00055,t-00069,0.0,1.0,5.0,3.0,3.09,3.25,2.56,1671.26123047,1744.22607422,-6,3,-5,1,1.0,14,22,1.0,13.0,3.0,7.0,11.0,1.0,0.0,0.0,7.0,2.0,3.0,6.0,0.0,0.0,A,0,0,1,1.0,0.0,0.0
2020-2021,x-00005,2020-11-22,t-00033,t-00032,3.0,0.0,13.0,4.0,1.82,4.12,4.32,2009.19702148,1829.91906738,-3,1,7,7,2.0,29,18,3.0,16.5,7.0,6.0,8.0,1.0,0.0,0.5,2.5,0.5,4.0,11.0,2.5,0.0,H,1,0,0,2.0,1.0,0.0
2020-2021,x-00005,2020-11-23,t-00071,t-00057,1.0,1.0,9.0,2.0,2.4,3.32,3.28,1792.35107422,1770.88232422,3,7,3,3,2.0,18,31,1.6666666666666667,9.666666666666666,2.3333333333333335,4.333333333333333,10.0,2.3333333333333335,0.0,2.0,12.666666666666666,5.333333333333333,2.6666666666666665,14.333333333333334,1.6666666666666667,0.0,D,0,1,0,1.0,1.0,0.0
2020-2021,x-00005,2020-11-23,t-00014,t-00022,1.0,0.0,4.0,5.0,2.68,3.16,3.01,1700.76879883,1715.33251953,-6,-2,-6,-5,-3.0,12,19,0.4,10.6,2.8,3.6,11.0,1.6,0.0,1.6,16.0,4.2,6.6,11.2,0.8,0.0,H,1,0,0,1.0,0.0,2.0
2020-2021,x-00005,2020-11-27,t-00022,t-00040,0.0,2.0,3.0,7.0,2.18,3.22,3.96,1705.75830078,1698.83154297,1,-6,3,0,1.0,24,13,0.5,17.0,6.5,6.0,13.0,1.0,0.0,0.5,8.0,2.5,4.5,11.5,4.0,0.5,A,0,0,1,1.0,2.0,0.0
2020-2021,x-00005,2020-11-28,t-00035,t-00014,5.0,0.0,6.0,1.0,1.13,11.08,19.55,1969.2557373,1706.93945312,0,-3,4,-2,13.0,27,13,3.1666666666666665,20.0,8.166666666666666,7.0,8.0,1.3333333333333333,0.0,0.3333333333333333,4.333333333333333,0.8333333333333334,2.1666666666666665,6.833333333333333,2.0,0.0,H,1,0,0,3.0,0.0,0.0
2020-2021,x-00005,2020-11-28,t-00025,t-00031,0.0,1.0,8.0,7.0,2.35,3.66,3.09,1752.68164062,1662.72888184,-4,-4,1,0,0.0,19,22,1.4827586206896552,11.655172413793103,4.310344827586207,4.724137931034483,12.344827586206897,1.793103448275862,0.10344827586206896,1.5555555555555556,14.444444444444445,5.333333333333333,5.888888888888889,9.222222222222221,1.5555555555555556,0.0,A,0,0,1,0.0,0.0,0.0
2020-2021,x-00005,2020-11-28,t-00012,t-00033,1.0,1.0,3.0,2.0,4.96,4.29,1.69,1680.0020752,1993.03588867,0,5,-3,-1,-7.0,14,34,1.0,12.0,3.5,5.5,8.5,0.5,0.0,2.5,17.0,7.5,7.0,9.0,2.0,0.5,D,0,1,0,0.0,0.0,3.0
2020-2021,x-00005,2020-11-28,t-00068,t-00055,1.0,0.0,6.0,5.0,2.67,3.17,3.02,1589.14501953,1662.57763672,-4,-6,-3,-8,0.0,14,17,0.85,9.7,2.95,3.75,11.1,1.65,0.15,0.9148936170212766,9.148936170212766,3.0,5.382978723404255,11.02127659574468,1.5319148936170213,0.06382978723404255,H,1,0,0,0.0,0.0,0.0
2020-2021,x-00005,2020-11-29,t-00057,t-00036,2.0,3.0,5.0,6.0,3.92,3.86,1.96,1770.61157227,1869.97351074,5,5,5,10,-1.0,26,32,1.6666666666666667,8.333333333333334,3.3333333333333335,5.0,14.0,1.6666666666666667,0.3333333333333333,2.0,15.0,6.0,5.333333333333333,9.333333333333334,1.6666666666666667,0.0,A,0,0,1,0.0,2.0,1.0
2020-2021,x-00005,2020-11-29,t-00002,t-00071,1.0,2.0,2.0,5.0,2.14,3.33,3.91,1817.45996094,1789.21838379,-4,2,-1,-4,0.0,13,22,2.0,8.0,5.0,5.0,11.0,4.0,0.0,0.0,10.0,1.0,3.0,6.0,2.0,0.0,A,0,0,1,0.0,2.0,0.0
2020-2021,x-00005,2020-11-29,t-00018,t-00064,0.0,0.0,3.0,1.0,2.0,3.75,3.89,1878.91589355,1871.95007324,8,5,7,10,1.0,27,19,2.0,15.0,5.0,4.0,12.5,2.0,0.0,0.5,5.0,2.0,4.0,11.5,3.0,0.5,D,0,1,0,2.0,0.0,1.0
2020-2021,x-00005,2020-11-30,t-00032,t-00026,1.0,2.0,3.0,5.0,1.68,4.1,5.34,1819.21240234,1584.93432617,1,-1,-3,-4,2.0,22,24,3.0,18.0,8.0,6.0,9.0,0.0,0.0,1.0,6.0,3.0,5.0,13.0,2.0,0.0,A,0,0,1,1.0,0.0,0.0
2020-2021,x-00005,2020-11-30,t-00069,t-00003,2.0,1.0,2.0,6.0,2.37,3.56,3.12,1749.50598145,1695.7722168,1,-1,3,7,0.0,19,28,1.0,10.0,1.0,0.0,16.0,2.0,0.0,1.0,13.0,4.0,7.0,13.0,1.0,0.0,H,1,0,0,0.0,1.0,0.0
2020-2021,x-00005,2020-12-05,t-00069,t-00036,1.0,3.0,6.0,6.0,3.52,3.53,2.2,1751.85791016,1859.64489746,2,3,4,9,4.0,17,24,1.0,12.0,3.0,3.0,9.0,1.0,0.0,1.0,11.0,4.0,2.0,10.0,3.0,0.0,A,0,0,1,2.0,1.0,0.0
2020-2021,x-00005,2020-12-05,t-00014,t-00025,1.0,1.0,3.0,6.0,3.68,3.63,2.1,1698.61682129,1738.34924316,-8,-5,-5,0,-2.0,10,22,0.0,6.0,0.0,2.0,14.0,0.0,0.0,1.0,21.0,5.0,10.0,15.0,0.0,0.0,D,0,1,0,2.0,0.0,1.0
2020-2021,x-00005,2020-12-05,t-00018,t-00031,3.0,1.0,11.0,3.0,1.48,5.15,6.34,1892.29907227,1670.23352051,8,-2,5,1,0.0,25,27,1.8958333333333333,15.770833333333334,5.770833333333333,6.1875,10.645833333333334,1.4791666666666667,0.020833333333333332,1.5,15.3,5.5,5.5,9.7,1.6,0.0,H,1,0,0,0.0,0.0,0.0
2020-2021,x-00005,2020-12-05,t-00035,t-00026,2.0,0.0,6.0,1.0,1.13,9.9,22.91,1966.70556641,1595.67956543,4,0,8,-2,3.0,28,23,2.0,24.0,7.0,11.0,12.0,0.0,0.0,0.0,5.0,0.0,0.0,4.0,2.0,0.0,H,1,0,0,1.0,0.0,0.0
2020-2021,x-00005,2020-12-06,t-00064,t-00002,2.0,0.0,3.0,2.0,2.3,3.54,3.29,1864.92089844,1808.41418457,5,-4,2,1,2.0,14,12,2.0,15.0,9.0,6.0,16.0,5.0,0.0,1.0,13.0,4.0,5.0,11.0,3.0,0.0,H,1,0,0,2.0,1.0,0.0
2020-2021,x-00005,2020-12-06,t-00055,t-00032,1.0,2.0,1.0,4.0,4.14,3.67,1.96,1649.79724121,1787.9407959,-7,1,-5,7,-1.0,16,20,0.5,6.5,2.0,6.0,10.5,1.5,0.0,2.0,12.5,4.5,6.5,9.0,0.5,0.0,A,0,0,1,0.0,0.0,1.0
2020-2021,x-00005,2020-12-06,t-00033,t-00071,4.0,0.0,6.0,3.0,1.61,4.44,5.64,1985.58764648,1795.51257324,5,2,8,-1,3.0,28,24,1.75,12.75,5.0,5.75,6.0,0.5,0.0,0.25,9.5,3.0,2.5,6.75,0.5,0.0,H,1,0,0,2.0,0.0,0.0
2020-2021,x-00005,2020-12-06,t-00068,t-00022,1.0,5.0,4.0,6.0,3.14,3.4,2.44,1595.09777832,1689.54101562,-3,-1,-3,-4,0.0,14,26,2.0,6.0,2.0,2.0,15.0,2.0,0.0,2.0,19.0,9.0,11.0,18.0,1.0,0.0,A,0,0,1,0.0,1.0,0.0
2020-2021,x-00005,2020-12-07,t-00012,t-00057,1.0,2.0,4.0,3.0,2.51,3.42,3.02,1683.33178711,1760.94519043,0,4,-3,1,-3.0,14,25,0.5,11.0,2.5,5.0,9.5,0.5,0.5,1.5,16.5,5.0,6.5,8.0,2.0,0.0,A,0,0,1,0.0,1.0,2.0
2020-2021,x-00005,2020-12-11,t-00031,t-00069,1.0,2.0,7.0,8.0,2.19,3.78,3.32,1662.37219238,1739.3536377,-7,0,-3,2,0.0,21,21,1.4545454545454546,14.636363636363637,5.2727272727272725,5.363636363636363,9.636363636363637,1.6363636363636365,0.0,1.456140350877193,10.631578947368421,3.912280701754386,4.649122807017544,9.912280701754385,1.5087719298245614,0.0,A,0,0,1,0.0,0.0,0.0
2020-2021,x-00005,2020-12-12,t-00025,t-00018,1.0,0.0,4.0,3.0,4.99,4.19,1.71,1733.90563965,1883.63244629,-3,10,2,7,4.0,26,35,0.0,3.0,1.0,1.0,10.0,2.0,0.0,4.0,17.0,11.0,6.0,8.0,1.0,0.0,H,1,0,0,2.0,1.0,0.0
2020-2021,x-00005,2020-12-12,t-00036,t-00035,0.0,0.0,2.0,2.0,4.68,4.29,1.73,1857.39709473,1967.20983887,5,6,-7,1,-1.0,26,27,1.3333333333333333,11.666666666666666,4.666666666666667,2.0,10.333333333333334,2.0,0.0,1.0,12.333333333333334,4.0,9.333333333333334,9.666666666666666,3.0,0.0,D,0,1,0,1.0,0.0,2.0
2020-2021,x-00005,2020-12-12,t-00040,t-00068,2.0,1.0,7.0,3.0,2.47,3.24,3.24,1704.06018066,1577.91564941,-1,-7,-5,-8,-1.0,16,15,1.0416666666666667,10.020833333333334,3.3125,4.020833333333333,9.895833333333334,1.7916666666666667,0.0625,0.8636363636363636,10.0,3.1363636363636362,4.2272727272727275,11.0,1.6818181818181819,0.18181818181818182,H,1,0,0,0.0,0.0,1.0
2020-2021,x-00005,2020-12-12,t-00071,t-00003,0.0,1.0,7.0,2.0,2.59,3.31,2.99,1784.9309082,1682.43151855,-2,-3,1,6,1.0,24,30,1.5,13.0,3.5,4.0,16.5,2.5,0.0,0.5,12.0,2.5,2.5,12.0,2.0,0.0,A,0,0,1,1.0,0.0,0.0
2020-2021,x-00005,2020-12-13,t-00026,t-00033,1.0,1.0,5.0,6.0,8.51,5.36,1.38,1589.88110352,1980.26416016,-1,8,-6,-3,-1.0,21,29,1.0,7.0,2.0,1.0,11.0,2.0,0.0,2.0,16.0,6.0,10.0,7.0,1.0,0.0,D,0,1,0,0.0,0.0,1.0
2020-2021,x-00005,2020-12-13,t-00022,t-00064,1.0,1.0,5.0,6.0,4.33,3.93,1.85,1698.40112305,1871.13952637,2,6,1,10,-2.0,22,14,0.75,10.5,2.25,4.5,10.5,1.5,0.0,2.0,13.5,5.5,6.25,10.0,1.5,0.0,D,0,1,0,0.0,1.0,2.0
2020-2021,x-00005,2020-12-13,t-00032,t-00012,3.0,0.0,6.0,4.0,2.12,3.55,3.72,1792.07055664,1672.32214355,1,-1,-2,1,3.0,22,15,1.0,15.0,5.5,6.5,5.5,1.0,0.0,0.0,8.5,1.0,6.5,11.0,2.0,0.0,H,1,0,0,2.0,1.0,0.0
2020-2021,x-00005,2020-12-13,t-00057,t-00055,3.0,0.0,6.0,0.0,1.65,4.11,5.75,1763.63269043,1640.25109863,3,-7,2,-7,2.0,22,15,2.0,12.0,5.5,7.5,8.0,0.5,0.0,0.5,11.0,3.5,6.5,13.0,1.0,0.5,H,1,0,0,1.0,0.0,0.0
2020-2021,x-00005,2020-12-13,t-00002,t-00014,0.0,1.0,6.0,2.0,1.49,4.82,6.88,1796.85424805,1694.73840332,-5,-7,-3,-9,8.0,10,9,0.0,13.0,2.0,7.0,11.0,3.0,0.0,0.0,15.0,2.0,5.0,8.0,1.0,0.0,A,0,0,1,3.0,0.0,0.0
2020-2021,x-00005,2020-12-15,t-00035,t-00068,1.0,1.0,7.0,1.0,1.09,12.6,29.4,1964.96386719,1573.51916504,5,-6,5,-6,3.0,21,17,2.56,18.088,6.728,7.504,9.248,1.416,0.056,0.8695652173913043,10.130434782608695,3.130434782608696,4.173913043478261,11.043478260869565,1.7391304347826086,0.17391304347826086,D,0,1,0,1.0,0.0,0.0
2020-2021,x-00005,2020-12-15,t-00071,t-00018,2.0,1.0,4.0,3.0,5.79,3.86,1.68,1773.47094727,1872.5489502,-5,6,2,4,-2.0,26,29,1.0,8.0,2.5,5.0,12.0,2.0,0.0,3.5,13.0,4.5,4.0,10.5,2.0,0.0,H,1,0,0,1.0,0.0,1.0
2020-2021,x-00005,2020-12-16,t-00002,t-00057,1.0,1.0,4.0,3.0,2.17,3.58,3.55,1785.37438965,1771.36047363,-7,5,-5,3,3.0,14,24,2.0,10.0,5.0,6.0,14.0,2.0,0.0,0.0,12.0,3.0,4.0,10.0,0.0,1.0,D,0,1,0,2.0,1.0,0.0
2020-2021,x-00005,2020-12-16,t-00033,t-00064,2.0,1.0,11.0,2.0,1.81,4.07,4.39,1972.5045166,1867.26586914,7,5,11,7,2.0,30,17,1.25,20.5,6.25,9.0,9.25,0.75,0.0,0.75,7.75,2.25,2.5,10.25,1.5,0.0,H,1,0,0,2.0,1.0,0.0
2020-2021,x-00005,2020-12-16,t-00032,t-00025,0.0,2.0,2.0,6.0,2.16,3.55,3.58,1799.8536377,1744.98913574,1,-1,-1,-1,2.0,20,26,1.0,15.0,3.0,5.0,10.0,1.0,0.0,2.0,7.0,2.0,3.0,13.0,1.0,0.0,A,0,0,1,2.0,0.0,1.0
2020-2021,x-00005,2020-12-16,t-00031,t-00040,5.0,2.0,10.0,4.0,1.6,4.54,5.6,1655.55664062,1708.45654297,-5,0,-5,2,0.0,24,21,1.4166666666666667,14.5,5.416666666666667,5.333333333333333,9.833333333333334,1.5833333333333333,0.0,1.0612244897959184,10.061224489795919,3.3877551020408165,4.020408163265306,9.877551020408163,1.7959183673469388,0.061224489795918366,H,1,0,0,0.0,0.0,0.0
2020-2021,x-00005,2020-12-16,t-00069,t-00022,1.0,1.0,2.0,2.0,2.17,3.45,3.68,1746.16918945,1702.2746582,2,4,4,-2,0.0,26,25,1.0,8.0,3.0,5.0,11.0,1.0,0.0,1.0,9.0,3.0,3.0,15.0,3.0,0.0,D,0,1,0,1.0,1.0,1.0
2020-2021,x-00005,2020-12-16,t-00026,t-00012,0.0,0.0,4.0,4.0,3.04,3.31,2.56,1597.640625,1664.5390625,-3,-3,-3,-5,2.0,20,17,0.9090909090909091,11.272727272727273,3.6818181818181817,4.181818181818182,11.318181818181818,2.0,0.045454545454545456,1.08,12.16,3.68,4.74,10.8,1.5,0.1,D,0,1,0,1.0,0.0,0.0
2020-2021,x-00005,2020-12-17,t-00055,t-00036,2.0,3.0,6.0,8.0,7.88,4.75,1.45,1632.52331543,1859.64306641,-9,6,-4,9,0.0,14,26,1.5,8.0,4.5,5.5,9.5,0.5,0.0,3.0,13.0,5.5,6.5,10.0,1.5,0.0,A,0,0,1,0.0,1.0,0.0
2020-2021,x-00005,2020-12-17,t-00003,t-00014,0.0,0.0,7.0,4.0,1.85,3.86,4.47,1693.89135742,1706.21826172,1,-3,1,-6,0.0,28,11,2.0,13.5,4.5,5.5,10.0,1.0,0.0,1.5,15.0,2.0,5.5,14.0,2.5,0.0,D,0,1,0,0.0,1.0,0.0
2020-2021,x-00005,2020-12-19,t-00025,t-00002,2.0,1.0,2.0,2.0,2.75,3.45,2.72,1759.51171875,1784.04516602,3,-4,0,-4,-2.0,31,16,2.0,17.0,5.0,3.0,12.0,4.0,0.0,3.0,9.0,4.0,6.0,12.0,0.0,0.0,H,1,0,0,1.0,1.0,1.0
2020-2021,x-00005,2020-12-19,t-00057,t-00035,0.0,1.0,3.0,5.0,5.97,4.81,1.54,1772.68969727,1956.57165527,3,5,8,-1,-2.0,19,26,1.0,5.333333333333333,3.6666666666666665,1.6666666666666667,9.0,1.3333333333333333,0.3333333333333333,1.6666666666666667,22.0,5.333333333333333,12.666666666666666,9.333333333333334,2.6666666666666665,0.0,A,0,0,1,1.0,0.0,2.0
2020-2021,x-00005,2020-12-19,t-00040,t-00026,1.0,1.0,5.0,4.0,2.89,3.38,2.63,1693.6451416,1598.62915039,-4,-2,-1,-3,0.0,21,21,1.08,10.06,3.4,4.02,9.94,1.78,0.06,0.8695652173913043,11.173913043478262,3.6956521739130435,4.043478260869565,11.478260869565217,1.9565217391304348,0.043478260869565216,D,0,1,0,0.0,1.0,0.0
2020-2021,x-00005,2020-12-19,t-00022,t-00033,0.0,7.0,3.0,8.0,5.54,4.2,1.65,1704.43713379,1977.1730957,1,8,0,-5,-4.0,21,38,1.0,8.4,2.8,4.4,6.6,0.8,0.2,2.8,16.8,6.4,7.0,8.2,0.8,0.2,A,0,0,1,0.0,0.0,3.0
2020-2021,x-00005,2020-12-20,t-00068,t-00003,0.0,3.0,1.0,10.0,5.08,4.17,1.7,1581.91149902,1693.25830078,-5,2,-4,7,0.0,16,25,1.125,8.958333333333334,3.1666666666666665,4.083333333333333,11.375,1.1666666666666667,0.041666666666666664,1.2653061224489797,12.938775510204081,4.3061224489795915,5.816326530612245,11.938775510204081,1.8571428571428572,0.02040816326530612,A,0,0,1,0.0,0.0,0.0
2020-2021,x-00005,2020-12-20,t-00036,t-00031,6.0,2.0,14.0,3.0,1.74,4.44,4.45,1863.28820801,1670.36804199,5,1,-5,0,0.0,29,31,1.7464788732394365,14.267605633802816,5.661971830985915,5.225352112676056,11.309859154929578,1.8169014084507042,0.04225352112676056,1.6923076923076923,15.307692307692308,5.769230769230769,5.461538461538462,9.846153846153847,1.6923076923076923,0.0,H,1,0,0,0.0,0.0,0.0
2020-2021,x-00005,2020-12-20,t-00012,t-00055,1.0,1.0,5.0,3.0,1.94,3.41,4.64,1663.55053711,1628.87817383,-3,-7,-2,-9,-1.0,18,17,0.5,8.5,2.0,3.0,6.0,1.5,0.0,1.0,10.5,2.5,7.5,7.0,1.5,0.0,D,0,1,0,0.0,0.0,1.0
2020-2021,x-00005,2020-12-20,t-00064,t-00032,0.0,2.0,3.0,4.0,2.15,3.54,3.63,1862.59741211,1785.33105469,3,-2,5,5,6.0,14,19,3.0,7.0,3.0,4.0,15.0,2.0,0.0,0.0,24.0,6.0,13.0,10.0,1.0,0.0,A,0,0,1,3.0,0.0,0.0
2020-2021,x-00005,2020-12-21,t-00018,t-00069,3.0,0.0,7.0,0.0,1.61,4.43,5.64,1862.77978516,1744.00671387,2,1,9,4,1.0,23,21,2.0,17.0,6.0,3.0,9.0,1.0,0.0,3.0,10.0,4.0,2.0,10.0,2.0,0.0,H,1,0,0,1.0,1.0,1.0
2020-2021,x-00005,2020-12-21,t-00014,t-00071,2.0,1.0,4.0,3.0,3.49,3.08,2.44,1706.85131836,1783.2401123,-3,-3,-4,-7,2.0,14,28,1.0,8.5,2.0,2.25,10.5,1.75,0.0,0.75,17.25,3.75,6.25,9.25,0.75,0.0,H,1,0,0,1.0,1.0,0.0
2020-2021,x-00005,2020-12-26,t-00055,t-00025,0.0,1.0,2.0,3.0,3.38,3.29,2.37,1630.92272949,1767.34814453,-6,3,-4,0,-1.0,15,26,0.0,8.0,0.0,7.0,11.0,1.0,0.0,1.0,5.0,2.0,1.0,19.0,3.0,0.0,A,0,0,1,0.0,0.0,1.0
2020-2021,x-00005,2020-12-26,t-00032,t-00036,2.0,2.0,2.0,4.0,3.03,3.62,2.4,1800.66589355,1869.20751953,3,8,0,9,-3.0,19,36,0.0,11.5,3.0,6.0,13.0,1.5,0.5,1.5,8.5,4.0,3.0,12.5,2.5,0.0,D,0,1,0,0.0,1.0,2.0
2020-2021,x-00005,2020-12-26,t-00035,t-00040,2.0,0.0,6.0,2.0,1.13,9.55,22.04,1960.92919922,1690.0793457,8,-2,8,-3,8.0,26,24,3.5,23.5,9.0,9.0,9.0,1.0,0.0,1.0,6.0,2.0,1.0,5.5,0.5,0.0,H,1,0,0,3.0,0.0,0.0
2020-2021,x-00005,2020-12-26,t-00003,t-00022,3.0,0.0,10.0,6.0,1.83,3.93,4.47,1703.8215332,1696.8112793,2,-5,0,2,2.0,29,19,1.0,11.0,5.5,3.5,18.5,3.0,0.5,0.5,15.5,5.0,7.0,18.0,3.0,0.5,H,1,0,0,1.0,0.0,0.0
2020-2021,x-00005,2020-12-26,t-00002,t-00018,3.0,1.0,7.0,3.0,4.84,3.96,1.77,1776.20861816,1870.24853516,-5,3,-6,3,1.0,16,27,1.5,4.5,2.0,3.5,9.5,3.0,0.5,2.0,16.0,6.0,10.0,15.0,3.0,0.0,H,1,0,0,1.0,1.0,1.0
2020-2021,x-00005,2020-12-26,t-00026,t-00057,0.0,0.0,1.0,2.0,2.8,3.43,2.68,1602.19494629,1768.33215332,-1,2,0,2,1.0,19,20,0.875,11.166666666666666,3.7083333333333335,4.25,11.708333333333334,1.9583333333333333,0.08333333333333333,1.44,12.133333333333333,4.48,5.1466666666666665,11.72,1.52,0.08,D,0,1,0,1.0,0.0,0.0
2020-2021,x-00005,2020-12-27,t-00071,t-00064,1.0,1.0,6.0,3.0,3.61,3.4,2.21,1773.91064453,1847.26257324,-4,-1,2,1,-2.0,22,15,1.6666666666666667,14.333333333333334,5.666666666666667,6.666666666666667,15.0,2.3333333333333335,0.0,1.6666666666666667,12.333333333333334,5.333333333333333,3.6666666666666665,9.0,2.6666666666666665,0.0,D,0,1,0,0.0,0.0,2.0
2020-2021,x-00005,2020-12-27,t-00033,t-00068,1.0,1.0,2.0,3.0,1.13,9.46,22.33,1984.79907227,1571.34814453,12,-7,10,-4,0.0,33,15,0.5,16.5,3.0,7.0,7.5,0.5,0.0,0.5,4.5,1.5,2.0,11.5,1.5,0.0,D,0,1,0,0.0,1.0,0.0
2020-2021,x-00005,2020-12-27,t-00031,t-00014,1.0,0.0,4.0,6.0,1.72,4.18,4.91,1664.4486084,1716.18078613,-3,-3,-2,-4,0.0,30,14,1.7142857142857142,15.428571428571429,5.571428571428571,6.0,9.571428571428571,1.5714285714285714,0.0,1.0393700787401574,9.78740157480315,3.251968503937008,4.15748031496063,9.952755905511811,1.763779527559055,0.007874015748031496,H,1,0,0,0.0,0.0,0.0
2020-2021,x-00005,2020-12-27,t-00069,t-00012,2.0,2.0,4.0,4.0,2.42,3.34,3.24,1736.53796387,1661.50598145,-3,-4,0,-3,-3.0,18,20,3.0,12.0,6.0,4.0,8.0,1.0,0.0,3.0,19.0,6.0,6.0,9.0,1.0,0.0,D,0,1,0,0.0,2.0,1.0
2020-2021,x-00005,2020-12-28,t-00022,t-00032,1.0,1.0,1.0,3.0,3.4,3.49,2.27,1684.89709473,1801.5715332,-6,4,-6,4,4.0,22,18,0.0,9.5,2.0,6.0,11.5,1.5,0.0,2.5,14.5,4.5,4.5,17.0,2.0,0.0,D,0,1,0,2.0,0.0,1.0
2020-2021,x-00005,2020-12-28,t-00018,t-00003,1.0,1.0,5.0,2.0,1.86,4.07,4.15,1856.9453125,1715.73571777,1,6,8,7,1.0,27,35,2.0,22.0,7.0,9.5,17.5,1.5,0.0,1.0,8.5,3.5,3.5,9.5,1.5,0.0,D,0,1,0,1.0,0.0,0.0
2020-2021,x-00005,2020-12-29,t-00068,t-00031,0.0,5.0,1.0,6.0,4.35,4.04,1.83,1579.9699707,1672.87609863,-8,-3,-7,-5,0.0,12,27,1.0769230769230769,8.5,3.076923076923077,3.923076923076923,11.23076923076923,1.1538461538461537,0.07692307692307693,1.6666666666666667,15.133333333333333,5.466666666666667,5.866666666666666,9.466666666666667,1.4666666666666666,0.0,A,0,0,1,0.0,0.0,0.0
2020-2021,x-00005,2020-12-29,t-00057,t-00069,0.0,0.0,3.0,3.0,2.05,3.65,3.84,1764.77709961,1733.37329102,3,-4,5,-2,-1.0,17,20,1.0,10.0,2.0,9.0,11.0,1.0,0.0,3.0,14.0,7.0,4.0,8.0,1.0,0.0,D,0,1,0,1.0,0.0,2.0
2020-2021,x-00005,2020-12-29,t-00012,t-00002,0.0,1.0,2.0,3.0,3.85,3.56,2.08,1664.6706543,1789.51184082,-4,-2,-1,-3,2.0,21,21,2.0,9.0,5.0,10.0,13.0,2.0,0.0,1.0,13.0,6.0,7.0,8.0,1.0,0.0,A,0,0,1,2.0,1.0,0.0
2020-2021,x-00005,2020-12-29,t-00014,t-00055,1.0,0.0,3.0,3.0,2.43,3.22,3.34,1707.75341797,1625.36425781,1,-6,-2,-8,0.0,19,12,0.5,7.5,2.0,4.5,10.0,1.0,0.0,2.0,11.5,4.5,8.0,11.0,0.5,0.0,H,1,0,0,0.0,1.0,0.0
2020-2021,x-00005,2020-12-29,t-00036,t-00071,1.0,0.0,3.0,5.0,1.57,4.31,6.35,1868.30187988,1774.90112305,7,-5,4,-4,0.0,34,23,0.6666666666666666,14.0,3.6666666666666665,5.0,11.0,2.3333333333333335,0.3333333333333333,1.0,9.666666666666666,2.3333333333333335,4.333333333333333,12.333333333333334,1.6666666666666667,0.0,H,1,0,0,0.0,2.0,0.0
2020-2021,x-00005,2020-12-30,t-00040,t-00033,0.0,0.0,2.0,4.0,10.49,6.04,1.3,1687.26013184,1976.17724609,-2,12,-3,7,-3.0,25,33,1.0,5.5,1.5,1.5,7.5,0.5,0.0,3.0,17.5,7.5,7.0,5.0,0.0,0.0,D,0,1,0,0.0,1.0,2.0
2020-2021,x-00005,2021-01-01,t-00036,t-00003,2.0,1.0,9.0,5.0,1.75,4.13,4.74,1873.15600586,1720.49475098,6,7,5,6,0.0,31,31,2.5,15.0,6.0,7.0,14.5,3.5,0.0,1.0,9.0,2.0,6.0,7.5,1.5,0.0,H,1,0,0,0.0,1.0,0.0
2020-2021,x-00005,2021-01-01,t-00025,t-00069,0.0,1.0,2.0,5.0,2.3,3.52,3.3,1772.90673828,1735.35742188,5,-2,-1,-2,4.0,21,17,1.0,11.0,3.0,6.0,13.0,0.0,0.0,1.0,12.0,6.0,7.0,11.0,1.0,0.0,A,0,0,1,2.0,0.0,1.0
2020-2021,x-00005,2021-01-02,t-00064,t-00031,3.0,0.0,7.0,5.0,1.89,4.08,3.98,1846.27209473,1687.71728516,-1,4,3,-3,0.0,17,30,1.7291666666666667,12.364583333333334,4.8125,5.375,11.552083333333334,1.8125,0.041666666666666664,1.875,15.0625,5.5,6.125,9.5,1.4375,0.0,H,1,0,0,0.0,0.0,0.0
2020-2021,x-00005,2021-01-02,t-00022,t-00055,2.0,0.0,4.0,2.0,2.14,3.28,4.0,1687.10571289,1620.09265137,-10,-6,-6,-8,-1.0,17,14,0.0,9.5,3.5,6.5,10.0,2.0,0.0,1.0,12.5,3.0,6.5,15.5,2.5,0.0,H,1,0,0,0.0,0.0,1.0
2020-2021,x-00005,2021-01-02,t-00068,t-00002,0.0,4.0,3.0,12.0,6.21,4.14,1.61,1565.12866211,1795.33349609,-9,1,-12,-1,0.0,9,22,1.037037037037037,8.333333333333334,3.0,3.888888888888889,11.074074074074074,1.1111111111111112,0.07407407407407407,1.3333333333333333,10.166666666666666,3.638888888888889,5.111111111111111,10.88888888888889,1.9166666666666667,0.19444444444444445,A,0,0,1,0.0,1.0,0.0
2020-2021,x-00005,2021-01-02,t-00012,t-00071,3.0,3.0,4.0,4.0,2.87,3.09,2.86,1658.84899902,1770.046875,-4,-2,-2,-6,1.0,19,25,1.0,10.0,2.5,1.5,8.5,3.0,0.0,1.0,12.0,3.0,3.0,5.5,0.5,0.0,D,0,1,0,1.0,1.0,0.0
2020-2021,x-00005,2021-01-03,t-00040,t-00032,1.0,2.0,2.0,3.0,6.57,4.14,1.58,1693.43273926,1799.36279297,-4,3,0,3,-6.0,20,17,0.0,4.0,1.0,2.0,8.5,1.0,0.5,4.0,15.0,7.5,7.0,12.0,1.0,0.0,A,0,0,1,0.0,0.0,3.0
2020-2021,x-00005,2021-01-03,t-00018,t-00035,1.0,3.0,2.0,6.0,3.5,3.59,2.18,1852.1862793,1963.74841309,-1,5,8,0,2.0,21,26,1.5,13.0,6.0,3.5,11.0,1.0,0.0,1.5,13.0,3.0,7.5,4.0,1.0,0.5,A,0,0,1,2.0,0.0,1.0
2020-2021,x-00005,2021-01-04,t-00057,t-00033,1.0,0.0,3.0,1.0,6.16,4.92,1.52,1762.79296875,1970.00476074,2,8,3,7,-5.0,17,31,0.6666666666666666,14.0,2.6666666666666665,7.666666666666667,11.0,2.0,0.0,3.0,16.0,6.666666666666667,6.666666666666667,7.333333333333333,1.6666666666666667,0.0,H,1,0,0,0.0,0.0,3.0
2020-2021,x-00005,2021-01-12,t-00055,t-00040,1.0,0.0,4.0,3.0,2.34,3.23,3.5,1612.2845459,1687.15759277,-5,-6,-5,-5,-2.0,16,15,0.0,10.0,3.5,6.0,10.0,1.0,0.5,2.5,9.0,6.0,1.5,7.5,1.0,0.0,H,1,0,0,0.0,0.0,1.0
2020-2021,x-00005,2021-01-12,t-00071,t-00025,1.0,2.0,3.0,3.0,2.73,2.93,3.18,1768.01257324,1762.93579102,-1,4,2,3,3.0,22,17,3.0,14.0,7.0,5.0,9.0,0.0,0.0,0.0,6.0,2.0,2.0,9.0,2.0,0.0,A,0,0,1,1.0,1.0,0.0
2020-2021,x-00005,2021-01-12,t-00014,t-00036,0.0,1.0,0.0,7.0,7.92,5.05,1.43,1713.02502441,1876.74841309,2,7,0,6,-5.0,19,38,1.3333333333333333,6.333333333333333,2.3333333333333335,3.3333333333333335,11.0,3.0,0.0,1.3333333333333333,22.0,7.0,6.666666666666667,10.333333333333334,1.3333333333333333,0.0,A,0,0,1,0.0,0.0,3.0
2020-2021,x-00005,2021-01-13,t-00035,t-00012,1.0,0.0,6.0,1.0,1.18,7.99,17.46,1972.24780273,1660.88330078,5,-1,9,-3,8.0,26,19,4.5,20.5,7.0,7.5,6.5,0.5,0.0,0.0,4.5,1.0,1.5,6.5,1.0,0.0,H,1,0,0,3.0,0.0,0.0
2020-2021,x-00005,2021-01-13,t-00064,t-00026,1.0,1.0,6.0,4.0,1.66,3.85,6.19,1852.28308105,1605.75,0,-2,6,-2,2.0,21,15,1.7422680412371134,12.443298969072165,4.835051546391752,5.350515463917525,11.587628865979381,1.8144329896907216,0.05154639175257732,0.84,11.12,3.6,4.32,11.84,1.96,0.08,D,0,1,0,1.0,0.0,0.0
2020-2021,x-00005,2021-01-14,t-00002,t-00022,0.0,0.0,4.0,2.0,1.74,3.94,5.14,1802.57470703,1694.91394043,6,-8,-3,-2,2.0,28,16,1.0,7.0,4.0,4.0,22.0,3.0,1.0,1.0,6.0,3.0,1.0,14.0,2.0,0.0,D,0,1,0,1.0,1.0,1.0
2020-2021,x-00005,2021-01-16,t-00032,t-00057,2.0,0.0,5.0,3.0,1.73,3.86,5.32,1805.63793945,1774.9395752,1,0,1,2,-2.0,14,14,5.0,15.0,10.0,4.5,10.5,0.0,0.0,1.0,11.0,6.5,3.0,10.0,1.5,0.5,H,1,0,0,0.0,1.0,2.0
2020-2021,x-00005,2021-01-16,t-00071,t-00068,2.0,3.0,6.0,5.0,1.64,3.85,6.52,1758.83056641,1557.88757324,-3,-12,-1,-4,0.0,21,9,1.2446808510638299,12.23404255319149,3.9361702127659575,5.1063829787234045,10.946808510638299,1.6595744680851063,0.031914893617021274,1.0,8.285714285714286,3.0,3.857142857142857,10.928571428571429,1.1071428571428572,0.07142857142857142,A,0,0,1,0.0,0.0,0.0
2020-2021,x-00005,2021-01-16,t-00026,t-00018,0.0,1.0,3.0,6.0,6.29,4.09,1.61,1612.45031738,1843.68688965,0,-2,1,1,-1.0,18,20,0.8461538461538461,11.26923076923077,3.6153846153846154,4.346153846153846,11.961538461538462,1.9615384615384615,0.07692307692307693,1.8363636363636364,15.6,5.654545454545454,6.3090909090909095,10.8,1.509090909090909,0.01818181818181818,A,0,0,1,0.0,0.0,1.0
2020-2021,x-00005,2021-01-16,t-00069,t-00014,1.0,0.0,4.0,2.0,1.79,3.73,5.11,1745.32836914,1708.12573242,-2,0,0,-5,-2.0,14,17,0.0,17.0,4.5,7.5,10.0,1.5,0.0,2.0,7.5,4.0,2.0,7.0,1.5,0.0,H,1,0,0,1.0,0.0,2.0
2020-2021,x-00005,2021-01-16,t-00031,t-00012,0.0,1.0,2.0,2.0,2.3,3.58,3.24,1681.70629883,1659.25720215,2,-2,0,-3,0.0,28,16,1.7647058823529411,15.235294117647058,5.470588235294118,6.0588235294117645,9.705882352941176,1.411764705882353,0.0,1.0714285714285714,12.178571428571429,3.642857142857143,4.946428571428571,10.785714285714286,1.4642857142857142,0.08928571428571429,A,0,0,1,0.0,0.0,0.0
2020-2021,x-00005,2021-01-17,t-00033,t-00036,0.0,0.0,3.0,4.0,1.94,3.98,3.89,1957.8581543,1881.64770508,7,7,9,5,4.0,26,37,1.0,11.0,3.3333333333333335,6.333333333333333,12.666666666666666,1.6666666666666667,0.0,0.3333333333333333,7.333333333333333,3.0,3.6666666666666665,10.333333333333334,1.3333333333333333,0.0,D,0,1,0,2.0,1.0,0.0
2020-2021,x-00005,2021-01-17,t-00055,t-00064,1.0,3.0,5.0,5.0,4.81,3.71,1.83,1621.51782227,1845.58276367,-3,0,-3,0,2.0,14,21,3.0,7.0,5.0,1.0,13.0,2.0,0.0,1.0,9.0,2.0,6.0,13.0,0.0,0.0,A,0,0,1,1.0,0.0,0.0
2020-2021,x-00005,2021-01-17,t-00035,t-00022,4.0,0.0,6.0,0.0,1.19,7.48,17.24,1973.8737793,1698.79870605,6,-8,10,0,4.0,30,16,2.3333333333333335,20.833333333333332,6.666666666666667,10.0,9.0,1.5,0.0,1.0,6.5,2.0,2.3333333333333335,7.833333333333333,2.1666666666666665,0.0,H,1,0,0,1.0,1.0,1.0
2020-2021,x-00005,2021-01-18,t-00002,t-00040,3.0,0.0,6.0,1.0,1.44,4.84,7.87,1798.68981934,1677.92431641,6,-4,0,-6,7.0,28,14,4.0,15.0,7.0,5.0,15.0,2.0,0.0,0.0,10.0,2.0,6.0,9.0,0.0,0.0,H,1,0,0,3.0,0.0,0.0
2020-2021,x-00005,2021-01-19,t-00032,t-00018,2.0,0.0,6.0,5.0,2.88,3.48,2.58,1814.64123535,1847.18725586,5,0,2,-1,-1.0,17,23,1.5,13.0,3.5,4.5,15.0,1.0,0.0,1.5,10.5,4.0,5.0,11.5,1.5,0.0,H,1,0,0,0.0,2.0,1.0
2020-2021,x-00005,2021-01-19,t-00069,t-00068,2.0,1.0,6.0,2.0,1.54,4.27,7.01,1751.60070801,1571.47119141,-1,-11,0,-1,1.0,16,13,3.0,15.0,4.0,6.0,10.0,0.0,0.0,1.0,14.0,7.0,6.0,13.0,1.0,0.0,H,1,0,0,1.0,0.0,0.0
2020-2021,x-00005,2021-01-20,t-00035,t-00003,2.0,0.0,9.0,4.0,1.33,5.95,9.55,1977.91381836,1716.90234375,10,5,9,2,3.0,29,34,4.5,23.5,10.5,8.5,11.0,1.0,0.5,0.5,9.0,3.0,4.5,5.0,1.5,0.0,H,1,0,0,1.0,0.0,0.0
2020-2021,x-00005,2021-01-20,t-00026,t-00036,1.0,2.0,5.0,5.0,5.49,4.18,1.66,1608.94995117,1884.65588379,-1,3,-2,4,-3.0,16,27,0.8148148148148148,11.222222222222221,3.5925925925925926,4.222222222222222,11.925925925925926,1.962962962962963,0.1111111111111111,1.7662337662337662,14.272727272727273,5.753246753246753,5.142857142857143,11.402597402597403,1.8051948051948052,0.03896103896103896,A,0,0,1,0.0,0.0,1.0
2020-2021,x-00005,2021-01-21,t-00033,t-00014,0.0,1.0,6.0,4.0,1.35,5.34,9.48,1954.84985352,1701.85339355,6,-1,8,-6,2.0,18,15,2.3333333333333335,22.166666666666668,7.833333333333333,8.833333333333334,8.166666666666666,0.6666666666666666,0.0,1.0,7.333333333333333,3.3333333333333335,4.166666666666667,7.333333333333333,0.8333333333333334,0.0,A,0,0,1,1.0,2.0,0.0
2020-2021,x-00005,2021-01-23,t-00003,t-00040,2.0,0.0,5.0,1.0,1.52,4.66,6.51,1713.92614746,1670.15527344,3,-7,-2,-7,2.0,31,10,1.5,15.5,5.0,10.0,11.5,1.5,0.0,0.5,12.0,4.0,6.0,12.0,1.5,0.0,H,1,0,0,1.0,0.0,0.0
2020-2021,x-00005,2021-01-26,t-00022,t-00069,2.0,3.0,3.0,7.0,3.64,3.38,2.21,1694.75878906,1754.86621094,-5,3,-7,0,1.0,13,22,1.0,8.5,2.5,3.0,13.5,2.0,0.5,1.0,8.5,2.5,5.0,9.5,0.5,0.0,A,0,0,1,1.0,2.0,0.0
2020-2021,x-00005,2021-01-26,t-00068,t-00035,0.0,5.0,1.0,7.0,20.07,8.8,1.16,1568.20568848,1980.89001465,-9,11,-15,2,-1.0,14,33,1.0,6.0,2.0,2.0,10.0,0.0,0.0,3.0,18.0,4.0,11.0,8.0,0.0,0.0,A,0,0,1,0.0,0.0,1.0
2020-2021,x-00005,2021-01-26,t-00040,t-00031,1.0,2.0,5.0,2.0,4.2,4.01,1.86,1661.51196289,1672.19189453,-7,-2,-2,-3,0.0,9,20,2.0,10.0,4.0,4.0,13.0,1.0,0.0,5.0,25.0,10.0,7.0,10.0,3.0,0.0,A,0,0,1,0.0,0.0,0.0
2020-2021,x-00005,2021-01-26,t-00057,t-00002,1.0,3.0,5.0,5.0,3.55,3.74,2.11,1765.9362793,1806.4588623,-2,10,2,2,-1.0,14,32,0.5,12.5,3.0,5.5,11.5,1.5,0.5,1.5,9.5,4.5,4.0,13.5,1.5,0.5,A,0,0,1,1.0,1.0,1.0
2020-2021,x-00005,2021-01-27,t-00018,t-00071,0.0,0.0,5.0,0.0,1.64,3.97,6.1,1835.80603027,1745.24682617,-5,-3,3,-5,2.0,21,24,0.0,0.0,0.0,0.0,0.0,0.0,0.0,0.0,0.0,0.0,0.0,0.0,0.0,0.0,D,0,1,0,1.0,1.0,0.0
2020-2021,x-00005,2021-01-27,t-00014,t-00003,3.0,2.0,5.0,10.0,4.66,3.84,1.82,1716.50854492,1722.56933594,-1,2,2,1,-1.0,15,26,1.0,12.0,2.6666666666666665,4.0,15.666666666666666,2.0,0.0,1.3333333333333333,18.0,5.333333333333333,7.333333333333333,12.333333333333334,1.0,0.0,H,1,0,0,0.0,0.0,1.0
2020-2021,x-00005,2021-01-27,t-00012,t-00026,0.0,0.0,5.0,3.0,2.14,3.35,3.9,1668.77160645,1606.11364746,-1,-2,-2,-2,0.0,13,17,0.0,9.0,4.0,8.0,11.0,0.0,0.0,0.0,9.0,4.0,1.0,15.0,1.0,0.0,D,0,1,0,0.0,1.0,0.0
2020-2021,x-00005,2021-01-27,t-00025,t-00032,1.0,1.0,2.0,6.0,3.38,3.34,2.34,1772.11779785,1826.02246094,4,5,-2,1,1.0,16,19,2.0,9.0,4.0,4.5,11.0,2.0,0.0,0.5,14.5,2.5,4.5,11.0,1.5,0.0,D,0,1,0,2.0,0.0,1.0
2020-2021,x-00005,2021-01-27,t-00036,t-00055,1.0,2.0,4.0,3.0,1.28,6.26,11.23,1887.49230957,1616.33154297,4,-5,7,-7,3.0,28,16,3.0,13.333333333333334,6.333333333333333,5.333333333333333,9.333333333333334,1.6666666666666667,0.0,1.6666666666666667,9.333333333333334,5.0,5.666666666666667,12.0,1.3333333333333333,0.0,A,0,0,1,1.0,0.0,0.0
2020-2021,x-00005,2021-01-28,t-00064,t-00033,1.0,3.0,2.0,7.0,3.69,3.9,2.02,1850.76904297,1940.19458008,3,-2,5,6,1.0,24,16,0.8,7.8,2.2,2.8,10.0,1.6,0.0,1.4,19.8,7.2,8.6,9.0,0.6,0.0,A,0,0,1,1.0,0.0,2.0
2020-2021,x-00005,2021-01-30,t-00002,t-00036,0.0,0.0,3.0,3.0,3.6,3.7,2.11,1817.34863281,1872.75183105,10,2,4,3,2.0,30,29,1.5,8.5,3.0,2.0,11.5,2.5,0.0,0.0,9.0,3.0,5.0,13.5,1.5,0.0,D,0,1,0,2.0,0.0,1.0
2020-2021,x-00005,2021-01-30,t-00025,t-00040,0.0,2.0,3.0,3.0,1.56,4.17,6.83,1772.82104492,1652.98876953,2,-8,0,-11,1.0,12,12,1.6666666666666667,18.0,7.0,6.0,12.0,2.3333333333333335,0.0,1.6666666666666667,13.0,3.6666666666666665,4.666666666666667,10.666666666666666,1.6666666666666667,0.0,A,0,0,1,1.0,2.0,0.0
2020-2021,x-00005,2021-01-30,t-00057,t-00003,0.0,1.0,5.0,4.0,3.37,3.74,2.18,1755.04650879,1715.01342773,-3,-2,1,-1,2.0,16,26,3.0,18.0,7.0,5.0,15.0,1.3333333333333333,0.0,1.3333333333333333,14.0,5.666666666666667,8.0,15.0,2.3333333333333335,0.0,A,0,0,1,1.0,0.0,0.0
2020-2021,x-00005,2021-01-30,t-00035,t-00055,1.0,0.0,5.0,1.0,1.19,7.29,18.12,1983.7286377,1631.07202148,14,-3,9,-5,2.0,34,17,1.3333333333333333,16.666666666666668,5.666666666666667,8.666666666666666,8.0,1.3333333333333333,0.0,0.0,5.666666666666667,0.6666666666666666,4.0,11.0,1.6666666666666667,0.0,H,1,0,0,1.0,0.0,0.0
2020-2021,x-00005,2021-01-30,t-00068,t-00026,2.0,2.0,3.0,7.0,3.6,3.41,2.22,1565.3671875,1608.70385742,-14,-2,-21,-1,0.0,12,16,1.032258064516129,8.193548387096774,2.967741935483871,3.6129032258064515,10.903225806451612,1.1290322580645162,0.06451612903225806,0.7931034482758621,11.206896551724139,3.6206896551724137,4.0,11.793103448275861,1.9655172413793103,0.10344827586206896,D,0,1,0,0.0,0.0,0.0
2020-2021,x-00005,2021-01-30,t-00022,t-00071,1.0,0.0,2.0,4.0,2.99,3.18,2.68,1687.46252441,1748.56945801,-3,-3,-6,-6,-1.0,10,18,0.6,11.8,3.4,6.0,8.8,1.8,0.2,1.2,11.2,3.4,5.0,11.2,2.2,0.2,H,1,0,0,0.0,1.0,1.0
2020-2021,x-00005,2021-01-31,t-00018,t-00014,2.0,0.0,8.0,0.0,1.36,5.2,9.96,1832.48352051,1724.0645752,-3,1,3,0,2.0,23,14,0.0,14.0,5.0,13.0,14.0,1.0,0.0,1.0300751879699248,9.766917293233083,3.255639097744361,4.150375939849624,10.06766917293233,1.744360902255639,0.007518796992481203,H,1,0,0,1.0,1.0,1.0
2020-2021,x-00005,2021-01-31,t-00032,t-00031,1.0,3.0,8.0,7.0,1.87,3.93,4.28,1825.31921387,1680.71520996,5,3,5,-3,0.0,23,19,4.0,10.0,8.0,3.0,5.0,1.0,0.0,1.0,11.0,4.0,10.0,9.0,1.0,0.0,A,0,0,1,0.0,0.0,0.0
2020-2021,x-00005,2021-01-31,t-00012,t-00064,1.0,0.0,5.0,4.0,3.12,3.43,2.44,1666.18139648,1841.63513184,-1,3,-2,1,2.0,14,23,1.0,8.5,3.5,3.5,11.0,1.5,0.0,2.0,10.0,4.0,6.5,12.0,3.0,0.0,H,1,0,0,1.0,1.0,1.0
2020-2021,x-00005,2021-01-31,t-00069,t-00033,1.0,3.0,2.0,5.0,3.66,3.53,2.14,1762.16247559,1949.32849121,4,0,0,8,-5.0,25,21,1.0,6.25,3.75,3.75,9.25,2.0,0.0,2.75,17.0,7.25,8.0,7.5,0.0,0.0,A,0,0,1,0.0,1.0,2.0
2020-2021,x-00005,2021-02-02,t-00036,t-00057,9.0,0.0,14.0,1.0,1.45,4.95,7.33,1871.97167969,1745.27954102,1,-4,5,-1,1.0,23,19,2.25,15.0,6.0,6.25,10.0,1.25,0.0,1.75,8.75,3.75,5.0,13.5,1.5,0.25,H,1,0,0,1.0,2.0,0.0
2020-2021,x-00005,2021-02-02,t-00055,t-00068,2.0,1.0,6.0,4.0,2.2,3.36,3.68,1629.71191406,1565.80126953,-3,-9,-4,-1,0.0,15,14,0.864406779661017,9.152542372881356,2.983050847457627,5.237288135593221,11.457627118644067,1.728813559322034,0.06779661016949153,1.0625,8.09375,2.96875,3.5625,10.84375,1.125,0.0625,H,1,0,0,0.0,0.0,0.0
2020-2021,x-00005,2021-02-02,t-00071,t-00002,2.0,1.0,7.0,3.0,3.72,3.34,2.2,1739.53710938,1818.12878418,-3,9,-2,4,0.0,17,30,1.0,10.5,3.0,3.5,9.5,3.0,0.0,1.5,10.5,3.5,6.5,12.0,3.5,0.0,H,1,0,0,1.0,0.0,1.0
2020-2021,x-00005,2021-02-02,t-00040,t-00022,1.0,2.0,5.0,3.0,3.01,3.45,2.49,1669.75671387,1696.49487305,-5,-2,-1,-3,1.0,13,11,1.0,10.0,4.0,4.0,11.0,3.3333333333333335,0.3333333333333333,0.3333333333333333,15.333333333333334,5.333333333333333,6.333333333333333,11.666666666666666,1.3333333333333333,0.0,A,0,0,1,2.0,0.0,1.0
2020-2021,x-00005,2021-02-03,t-00014,t-00035,0.0,2.0,0.0,6.0,17.18,6.69,1.22,1717.2722168,1985.08862305,-2,13,2,6,-4.0,11,33,0.2857142857142857,5.0,0.8571428571428571,2.4285714285714284,6.428571428571429,1.7142857142857142,0.0,3.4285714285714284,19.857142857142858,7.857142857142857,6.857142857142857,8.571428571428571,1.1428571428571428,0.0,A,0,0,1,0.0,1.0,2.0
2020-2021,x-00005,2021-02-03,t-00033,t-00012,0.0,1.0,1.0,4.0,1.52,4.68,6.57,1955.2677002,1677.98449707,2,1,4,-3,6.0,22,17,2.0,13.333333333333334,5.666666666666667,5.666666666666667,10.333333333333334,1.6666666666666667,0.3333333333333333,1.0,11.666666666666666,3.3333333333333335,5.0,8.666666666666666,1.0,0.0,A,0,0,1,3.0,0.0,0.0
2020-2021,x-00005,2021-02-03,t-00003,t-00069,1.0,3.0,2.0,10.0,2.46,3.57,2.98,1724.78039551,1756.2232666,-1,2,3,0,0.0,28,24,1.0,14.5,5.0,7.0,10.0,1.0,0.0,1.5,8.0,1.5,1.5,18.0,1.5,0.0,A,0,0,1,0.0,1.0,0.0
2020-2021,x-00005,2021-02-03,t-00026,t-00032,0.0,2.0,1.0,5.0,3.9,3.34,2.14,1608.26965332,1808.24291992,-2,3,-2,4,0.0,22,28,1.5,8.0,4.0,5.0,17.0,2.0,0.0,2.0,17.0,5.5,6.0,9.0,0.0,0.0,A,0,0,1,0.0,1.0,0.0
2020-2021,x-00005,2021-02-03,t-00031,t-00025,1.0,2.0,7.0,6.0,2.65,3.51,2.78,1697.79150391,1756.05297852,4,-1,2,5,0.0,22,13,1.0,23.0,7.0,2.0,14.0,2.0,0.0,0.0,15.0,8.0,4.0,8.0,1.0,0.0,A,0,0,1,0.0,0.0,0.0
2020-2021,x-00005,2021-02-04,t-00064,t-00018,0.0,1.0,2.0,2.0,4.11,3.59,1.99,1829.83203125,1839.27575684,2,-1,1,-5,-1.0,24,26,1.7227722772277227,12.346534653465346,4.811881188118812,5.297029702970297,11.495049504950495,1.7722772277227723,0.04950495049504951,1.0,16.5,6.5,8.5,10.5,0.5,0.0,A,0,0,1,1.0,0.0,2.0
2020-2021,x-00005,2021-02-06,t-00026,t-00069,0.0,0.0,2.0,1.0,4.07,3.67,1.98,1602.63061523,1767.26208496,-4,3,-4,1,-2.0,19,29,0.0,13.0,3.0,5.0,9.0,2.0,0.0,1.0,16.0,7.0,9.0,10.0,2.0,0.0,D,0,1,0,0.0,0.0,1.0
2020-2021,x-00005,2021-02-06,t-00040,t-00057,3.0,2.0,4.0,5.0,3.39,3.64,2.21,1661.63391113,1732.07617188,-5,-13,-3,-10,6.0,15,17,1.0,10.0,5.0,4.666666666666667,12.333333333333334,2.0,0.0,1.0,13.333333333333334,5.0,8.333333333333334,14.333333333333334,1.3333333333333333,0.3333333333333333,H,1,0,0,3.0,0.0,0.0
2020-2021,x-00005,2021-02-06,t-00003,t-00002,1.0,0.0,8.0,3.0,3.05,3.5,2.45,1713.74157715,1808.64489746,-2,4,2,5,1.0,25,21,2.0,11.5,4.5,8.0,13.0,1.0,0.0,0.0,10.0,1.0,6.0,15.0,2.0,0.0,H,1,0,0,1.0,0.0,0.0
2020-2021,x-00005,2021-02-06,t-00014,t-00012,1.0,1.0,7.0,2.0,3.66,3.24,2.27,1713.1652832,1692.84667969,-3,2,0,1,0.0,11,17,0.6666666666666666,8.0,1.3333333333333333,5.0,7.666666666666667,1.6666666666666667,0.0,1.0,15.666666666666666,4.0,5.0,11.666666666666666,0.3333333333333333,0.0,D,0,1,0,1.0,1.0,1.0
2020-2021,x-00005,2021-02-06,t-00036,t-00025,3.0,3.0,5.0,3.0,1.64,4.25,5.61,1885.17504883,1763.25097656,9,-1,14,5,5.0,30,16,2.0,13.5,5.0,5.0,15.0,3.0,0.0,1.0,11.5,3.0,9.0,11.5,3.5,0.0,D,0,1,0,2.0,1.0,0.0
2020-2021,x-00005,2021-02-07,t-00055,t-00018,1.0,2.0,3.0,3.0,6.96,4.36,1.53,1635.52819824,1847.63122559,0,2,-2,-3,3.0,19,26,0.8833333333333333,9.233333333333333,3.033333333333333,5.3,11.45,1.7333333333333334,0.06666666666666667,1.0,17.0,5.0,8.0,11.666666666666666,1.3333333333333333,0.0,A,0,0,1,1.0,0.0,0.0
2020-2021,x-00005,2021-02-07,t-00071,t-00032,0.0,0.0,1.0,3.0,3.51,3.32,2.3,1749.02099609,1813.88208008,-2,4,0,5,1.0,20,30,0.0,10.0,2.3333333333333335,4.333333333333333,11.333333333333334,2.3333333333333335,0.0,0.3333333333333333,11.333333333333334,2.3333333333333335,6.0,8.333333333333334,1.3333333333333333,0.3333333333333333,D,0,1,0,1.0,1.0,0.0
2020-2021,x-00005,2021-02-07,t-00033,t-00035,1.0,4.0,3.0,5.0,3.15,3.69,2.3,1940.40539551,1989.19555664,2,14,-1,10,3.0,22,33,1.2857142857142858,10.428571428571429,4.0,2.857142857142857,9.142857142857142,1.4285714285714286,0.14285714285714285,2.2857142857142856,11.142857142857142,4.0,5.571428571428571,10.142857142857142,2.7142857142857144,0.0,A,0,0,1,2.0,1.0,0.0
2020-2021,x-00005,2021-02-07,t-00064,t-00068,2.0,0.0,6.0,1.0,1.4,5.04,8.69,1821.4765625,1559.98510742,-2,-6,-2,-1,0.0,19,15,2.0,21.0,6.0,6.0,10.0,0.0,0.0,0.0,12.0,0.0,6.0,11.0,2.0,0.0,H,1,0,0,0.0,1.0,0.0
2020-2021,x-00005,2021-02-08,t-00031,t-00022,2.0,0.0,7.0,3.0,1.79,3.67,5.13,1690.59350586,1704.61767578,-2,-3,1,-6,0.0,23,10,1.0,9.0,3.0,6.0,1.0,2.0,0.0,4.0,10.0,6.0,3.0,9.0,0.0,0.0,H,1,0,0,0.0,0.0,0.0
2020-2021,x-00005,2021-02-13,t-00012,t-00003,0.0,0.0,9.0,1.0,2.87,3.45,2.61,1694.16210938,1723.52783203,3,1,0,-3,0.0,18,29,1.3333333333333333,12.333333333333334,3.3333333333333335,3.6666666666666665,15.333333333333334,2.0,0.6666666666666666,1.3333333333333333,15.666666666666666,5.0,7.666666666666667,9.0,2.0,0.0,D,0,1,0,0.0,1.0,0.0
2020-2021,x-00005,2021-02-13,t-00032,t-00033,3.0,1.0,6.0,4.0,3.96,4.02,1.92,1812.77124023,1927.53271484,2,-1,0,10,-6.0,28,22,0.3333333333333333,5.333333333333333,1.6666666666666667,3.6666666666666665,9.333333333333334,2.3333333333333335,0.0,3.0,19.0,9.0,7.333333333333333,10.333333333333334,0.6666666666666666,0.0,H,1,0,0,0.0,0.0,3.0
2020-2021,x-00005,2021-02-13,t-00035,t-00064,3.0,0.0,6.0,3.0,1.34,5.94,9.05,2002.06835938,1824.56140137,13,0,10,0,4.0,32,19,1.4,18.2,5.6,7.4,14.4,2.8,0.2,1.8,5.2,3.0,1.8,11.6,2.4,0.0,H,1,0,0,2.0,1.0,0.0
2020-2021,x-00005,2021-02-13,t-00022,t-00014,0.0,3.0,3.0,4.0,2.91,3.25,2.7,1693.57128906,1711.84997559,-5,-2,-5,-3,2.0,11,16,1.3333333333333333,15.833333333333334,4.333333333333333,6.666666666666667,10.833333333333334,0.6666666666666666,0.0,0.5,10.5,3.0,3.6666666666666665,11.333333333333334,1.6666666666666667,0.0,A,0,0,1,2.0,0.0,1.0
2020-2021,x-00005,2021-02-14,t-00002,t-00031,4.0,2.0,5.0,5.0,1.85,3.9,4.42,1798.85876465,1701.64001465,3,3,5,1,0.0,20,25,0.0,9.0,2.0,3.0,8.0,0.0,1.0,0.0,25.0,4.0,5.0,9.0,3.0,0.0,H,1,0,0,0.0,0.0,0.0
2020-2021,x-00005,2021-02-14,t-00025,t-00026,0.0,2.0,2.0,3.0,2.03,3.47,4.13,1767.26013184,1606.43029785,0,-3,-1,-2,3.0,17,18,3.0,9.0,7.0,5.0,10.0,0.0,0.0,2.0,14.0,6.0,2.0,14.0,2.0,0.0,A,0,0,1,1.0,0.0,0.0
2020-2021,x-00005,2021-02-14,t-00057,t-00071,1.0,2.0,3.0,4.0,2.27,3.29,3.6,1722.8026123,1750.13171387,-15,-1,-3,-3,1.0,19,18,1.75,11.25,4.5,3.0,14.0,1.25,0.0,1.5,12.25,4.0,5.0,11.0,2.25,0.0,A,0,0,1,1.0,0.0,1.0
2020-2021,x-00005,2021-02-14,t-00068,t-00036,1.0,1.0,3.0,7.0,9.8,6.02,1.32,1556.90026855,1881.16577148,-9,9,-17,2,-1.0,11,31,1.0294117647058822,7.970588235294118,2.9411764705882355,3.411764705882353,10.823529411764707,1.1470588235294117,0.058823529411764705,1.8414634146341464,14.414634146341463,5.780487804878049,5.219512195121951,11.451219512195122,1.8048780487804879,0.036585365853658534,D,0,1,0,0.0,0.0,1.0
2020-2021,x-00005,2021-02-15,t-00069,t-00055,3.0,0.0,9.0,5.0,2.07,3.37,4.11,1763.46240234,1631.75354004,2,-2,0,-3,0.0,26,18,0.5,11.0,2.5,4.5,6.0,0.0,0.0,0.5,11.0,4.0,4.5,9.0,0.5,0.0,H,1,0,0,0.0,1.0,0.0
2020-2021,x-00005,2021-02-15,t-00018,t-00040,2.0,0.0,5.0,4.0,1.28,6.11,12.8,1851.40588379,1670.9074707,2,-1,3,-6,4.0,23,18,1.25,15.0,4.5,8.0,10.75,1.0,0.0,1.0327868852459017,10.131147540983607,3.3278688524590163,4.131147540983607,10.065573770491802,1.7704918032786885,0.08196721311475409,H,1,0,0,3.0,0.0,0.0
2020-2021,x-00005,2021-02-17,t-00025,t-00035,1.0,3.0,2.0,7.0,12.07,6.04,1.28,1753.01708984,2011.69641113,-3,14,-4,13,-6.0,16,29,1.0,7.0,2.0,6.0,11.0,4.0,0.0,2.0,16.0,7.0,3.0,11.0,0.0,0.0,A,0,0,1,0.0,0.0,3.0
2020-2021,x-00005,2021-02-17,t-00014,t-00026,1.0,1.0,3.0,3.0,3.05,3.15,2.66,1730.12731934,1627.97814941,0,0,-1,2,1.0,16,16,1.0291970802919708,9.766423357664234,3.240875912408759,4.138686131386861,10.058394160583942,1.72992700729927,0.0072992700729927005,0.8181818181818182,11.424242424242424,3.5757575757575757,4.090909090909091,12.0,1.878787878787879,0.09090909090909091,D,0,1,0,1.0,0.0,0.0
2020-2021,x-00005,2021-02-19,t-00071,t-00031,1.0,0.0,5.0,7.0,2.34,3.44,3.28,1766.0793457,1702.51098633,1,2,-1,3,0.0,16,28,1.0,7.0,3.0,3.0,12.0,1.0,0.0,0.0,13.0,2.0,8.0,13.0,2.0,0.0,H,1,0,0,0.0,0.0,0.0
2020-2021,x-00005,2021-02-20,t-00033,t-00025,0.0,2.0,6.0,6.0,1.38,5.42,8.5,1932.38391113,1753.23779297,-2,-5,-5,5,4.0,20,16,1.0,16.0,5.5,5.5,10.5,2.0,0.0,1.0,10.0,4.0,1.5,15.0,2.5,0.5,A,0,0,1,2.0,1.0,0.0
2020-2021,x-00005,2021-02-20,t-00014,t-00068,0.0,0.0,1.0,3.0,2.18,3.36,3.77,1730.96496582,1571.8059082,-1,-8,-2,-3,-1.0,14,12,2.0,21.0,8.0,10.0,9.0,1.0,0.0,1.0,10.0,4.0,4.0,12.0,1.0,1.0,D,0,1,0,0.0,0.0,1.0
2020-2021,x-00005,2021-02-20,t-00026,t-00055,1.0,0.0,7.0,2.0,1.97,3.43,4.45,1635.73010254,1631.98217773,0,-3,-4,-6,0.0,16,18,1.0,15.0,6.0,5.0,9.0,2.0,0.0,1.0,10.0,6.0,2.0,5.0,0.0,0.0,H,1,0,0,0.0,0.0,0.0
2020-2021,x-00005,2021-02-20,t-00057,t-00018,1.0,1.0,1.0,3.0,4.55,3.78,1.85,1722.74926758,1864.21386719,-14,6,-3,-1,-7.0,19,23,1.3452380952380953,11.821428571428571,4.357142857142857,5.0476190476190474,11.619047619047619,1.5238095238095237,0.09523809523809523,1.4,15.6,4.6,8.4,10.4,0.8,0.0,D,0,1,0,0.0,0.0,3.0
2020-2021,x-00005,2021-02-21,t-00036,t-00040,3.0,1.0,7.0,6.0,1.35,5.36,10.03,1893.39782715,1673.99377441,8,-1,10,-6,7.0,33,21,2.6666666666666665,20.666666666666668,9.0,6.0,10.666666666666666,2.0,0.0,1.0,8.666666666666666,2.6666666666666665,1.3333333333333333,9.333333333333334,2.0,0.0,H,1,0,0,3.0,0.0,0.0
2020-2021,x-00005,2021-02-21,t-00069,t-00064,2.0,1.0,4.0,4.0,3.18,3.54,2.35,1779.12805176,1829.82678223,4,-5,3,-3,-3.0,29,17,1.0,10.666666666666666,2.6666666666666665,4.0,10.333333333333334,2.6666666666666665,0.0,1.6666666666666667,14.0,5.333333333333333,6.0,12.333333333333334,1.0,0.0,H,1,0,0,0.0,0.0,3.0
2020-2021,x-00005,2021-02-21,t-00002,t-00035,0.0,1.0,1.0,3.0,7.22,4.64,1.49,1814.42419434,2020.06530762,2,11,7,14,-8.0,19,29,0.0,7.0,1.5,4.0,8.5,1.0,0.5,2.0,16.5,8.5,5.5,12.0,2.5,0.0,A,0,0,1,0.0,0.0,3.0
2020-2021,x-00005,2021-02-21,t-00003,t-00032,1.0,2.0,2.0,7.0,3.68,3.76,2.06,1731.34118652,1833.84924316,-1,2,4,3,-3.0,25,28,0.6666666666666666,9.666666666666666,2.3333333333333335,5.0,17.0,3.3333333333333335,0.0,2.6666666666666665,16.333333333333332,6.666666666666667,5.333333333333333,16.0,2.6666666666666665,0.0,A,0,0,1,0.0,0.0,1.0
2020-2021,x-00005,2021-02-22,t-00012,t-00022,1.0,2.0,5.0,2.0,1.79,3.53,5.47,1702.24291992,1686.89331055,2,-4,0,-8,1.0,25,14,0.6666666666666666,19.666666666666668,7.0,6.666666666666667,10.666666666666666,1.3333333333333333,0.3333333333333333,1.0,8.0,2.6666666666666665,4.0,9.666666666666666,1.6666666666666667,0.0,A,0,0,1,1.0,1.0,1.0
2020-2021,x-00005,2021-02-23,t-00031,t-00057,3.0,0.0,7.0,5.0,2.22,3.62,3.39,1696.70385742,1725.96862793,0,-12,4,-12,0.0,33,15,1.6666666666666667,14.291666666666666,5.416666666666667,5.958333333333333,10.333333333333334,1.4583333333333333,0.0,1.3411764705882352,11.729411764705882,4.317647058823529,5.023529411764706,11.6,1.5176470588235293,0.09411764705882353,H,1,0,0,0.0,0.0,0.0
2020-2021,x-00005,2021-02-27,t-00035,t-00069,2.0,1.0,3.0,3.0,1.29,6.33,11.01,2026.13208008,1786.4119873,11,4,11,4,4.0,27,26,2.25,19.25,7.25,8.25,6.75,0.75,0.0,0.75,5.0,1.75,1.75,8.25,1.25,0.0,H,1,0,0,3.0,0.0,0.0
2020-2021,x-00005,2021-02-27,t-00068,t-00012,1.0,0.0,2.0,6.0,4.61,3.7,1.86,1575.41516113,1691.65307617,-3,1,-14,1,2.0,14,25,1.0,8.0,2.9444444444444446,3.4722222222222223,10.86111111111111,1.2222222222222223,0.08333333333333333,1.0317460317460319,12.619047619047619,3.746031746031746,5.238095238095238,10.746031746031745,1.4444444444444444,0.07936507936507936,H,1,0,0,1.0,0.0,0.0
2020-2021,x-00005,2021-02-27,t-00040,t-00071,1.0,1.0,7.0,4.0,3.78,3.25,2.22,1668.88513184,1770.63085938,-2,2,-2,-1,-1.0,22,21,1.0,7.666666666666667,1.6666666666666667,2.6666666666666665,10.0,2.0,0.3333333333333333,1.0,12.666666666666666,4.0,4.333333333333333,12.666666666666666,0.6666666666666666,0.0,D,0,1,0,0.0,1.0,1.0
2020-2021,x-00005,2021-02-27,t-00031,t-00003,0.0,1.0,3.0,4.0,2.05,3.91,3.59,1709.41308594,1723.99633789,1,-1,4,-3,0.0,33,17,3.0,27.0,9.0,5.0,17.0,2.0,0.0,0.0,12.0,4.0,6.0,14.0,2.0,0.0,A,0,0,1,0.0,0.0,0.0
2020-2021,x-00005,2021-02-28,t-00055,t-00033,0.0,2.0,2.0,8.0,8.48,5.5,1.38,1623.27856445,1912.77612305,-5,-6,-2,1,-1.0,17,19,0.3333333333333333,9.333333333333334,2.0,4.333333333333333,10.333333333333334,1.3333333333333333,0.0,1.6666666666666667,17.333333333333332,5.333333333333333,6.666666666666667,5.333333333333333,0.3333333333333333,0.0,A,0,0,1,0.0,0.0,1.0
2020-2021,x-00005,2021-02-28,t-00032,t-00002,1.0,3.0,3.0,4.0,2.33,3.4,3.36,1815.51342773,1815.36376953,3,-1,4,5,7.0,29,15,1.0,9.5,3.5,2.0,11.5,2.5,0.0,0.5,11.5,5.5,9.5,11.5,2.0,0.5,A,0,0,1,3.0,0.0,0.0
2020-2021,x-00005,2021-02-28,t-00022,t-00026,0.0,0.0,0.0,4.0,3.54,3.25,2.32,1694.9720459,1641.92236328,-2,1,-1,2,2.0,13,16,2.0,14.0,10.0,4.0,11.0,1.0,0.0,1.0,16.0,3.0,4.0,11.0,0.0,1.0,D,0,1,0,1.0,0.0,0.0
2020-2021,x-00005,2021-02-28,t-00064,t-00014,4.0,0.0,7.0,3.0,1.52,4.41,6.99,1821.40075684,1724.84448242,-4,1,2,0,6.0,19,15,2.0,15.166666666666666,4.833333333333333,5.333333333333333,10.833333333333334,2.3333333333333335,0.16666666666666666,0.5,11.0,3.1666666666666665,2.8333333333333335,10.166666666666666,3.3333333333333335,0.0,H,1,0,0,2.0,1.0,0.0
2020-2021,x-00005,2021-02-28,t-00018,t-00036,0.0,0.0,6.0,4.0,2.42,3.32,3.24,1868.37902832,1895.47717285,6,11,2,2,-1.0,21,36,1.3333333333333333,14.5,4.333333333333333,8.0,10.333333333333334,0.8333333333333334,0.0,1.8452380952380953,14.369047619047619,5.809523809523809,5.226190476190476,11.404761904761905,1.7738095238095237,0.03571428571428571,D,0,1,0,1.0,1.0,1.0
2020-2021,x-00005,2021-03-01,t-00025,t-00057,1.0,0.0,1.0,1.0,2.2,3.55,3.49,1770.33435059,1710.74829102,-1,-14,-7,-15,1.0,19,15,0.5,8.5,3.0,4.0,12.0,2.5,0.5,1.5,14.5,5.0,4.5,12.5,2.0,0.0,H,1,0,0,1.0,2.0,0.0
2020-2021,x-00005,2021-03-02,t-00035,t-00071,4.0,1.0,10.0,1.0,1.21,6.96,15.9,2028.56567383,1768.55395508,10,3,11,0,1.0,24,21,1.8,16.2,5.8,7.4,9.2,2.4,0.2,1.4,10.2,2.6,2.8,8.6,0.6,0.2,H,1,0,0,1.0,0.0,1.0
2020-2021,x-00005,2021-03-03,t-00022,t-00036,0.0,0.0,2.0,1.0,7.73,4.61,1.47,1692.60180664,1895.58666992,-3,11,-1,1,-5.0,11,37,1.5,12.25,3.75,2.75,11.5,2.0,0.0,1.75,16.25,4.0,7.5,11.25,2.25,0.0,D,0,1,0,0.0,0.0,3.0
2020-2021,x-00005,2021-03-03,t-00014,t-00032,1.0,1.0,7.0,4.0,3.89,3.13,2.24,1714.8079834,1803.03857422,-1,3,-1,4,1.0,18,24,1.5,12.5,4.0,5.25,11.5,1.75,0.0,2.25,15.0,5.25,8.0,8.25,0.5,0.25,D,0,1,0,2.0,0.0,1.0
2020-2021,x-00005,2021-03-03,t-00055,t-00003,1.0,0.0,2.0,4.0,3.59,3.39,2.23,1619.51647949,1732.34509277,-6,-1,-3,-1,2.0,18,17,0.6666666666666666,5.333333333333333,1.6666666666666667,3.6666666666666665,12.333333333333334,1.3333333333333333,0.3333333333333333,0.3333333333333333,13.333333333333334,2.6666666666666665,8.0,10.666666666666666,2.0,0.0,H,1,0,0,1.0,0.0,0.0
2020-2021,x-00005,2021-03-04,t-00068,t-00025,0.0,1.0,3.0,3.0,3.99,3.54,2.04,1585.81567383,1776.04931641,-2,-1,-8,5,0.0,13,14,1.0,7.945945945945946,2.918918918918919,3.5675675675675675,10.864864864864865,1.1891891891891893,0.08108108108108109,1.3777777777777778,10.622222222222222,4.088888888888889,4.4222222222222225,11.511111111111111,1.7555555555555555,0.06666666666666667,A,0,0,1,0.0,1.0,0.0
2020-2021,x-00005,2021-03-04,t-00026,t-00064,0.0,1.0,3.0,2.0,3.95,3.39,2.11,1644.29272461,1831.43725586,3,1,-3,-3,-1.0,19,22,1.0,15.0,4.0,5.0,15.0,2.0,0.0,1.0,15.0,6.0,6.0,13.0,1.0,0.0,A,0,0,1,0.0,0.0,1.0
2020-2021,x-00005,2021-03-04,t-00033,t-00018,0.0,1.0,1.0,5.0,2.26,3.52,3.37,1916.53820801,1868.26953125,-6,4,-7,1,4.0,22,19,2.1785714285714284,15.735714285714286,5.964285714285714,6.514285714285714,8.957142857142857,1.0571428571428572,0.02857142857142857,1.1428571428571428,15.0,4.571428571428571,7.285714285714286,10.428571428571429,0.8571428571428571,0.0,A,0,0,1,2.0,1.0,0.0
2020-2021,x-00005,2021-03-06,t-00012,t-00032,1.0,2.0,2.0,4.0,2.52,3.25,3.14,1681.25256348,1801.40612793,-1,1,0,3,-4.0,26,23,0.0,9.666666666666666,2.0,6.0,11.0,1.6666666666666667,0.0,1.6666666666666667,15.0,5.666666666666667,7.333333333333333,6.666666666666667,1.3333333333333333,0.0,A,0,0,1,0.0,1.0,2.0
2020-2021,x-00005,2021-03-06,t-00003,t-00071,0.0,0.0,1.0,2.0,2.7,3.13,3.02,1721.99194336,1764.69824219,0,-1,3,-3,-1.0,19,15,0.6666666666666666,12.333333333333334,2.3333333333333335,4.333333333333333,13.0,3.0,0.0,1.0,14.0,4.666666666666667,4.333333333333333,18.666666666666668,2.3333333333333335,0.0,D,0,1,0,0.0,0.0,1.0
2020-2021,x-00005,2021-03-06,t-00014,t-00002,1.0,1.0,5.0,3.0,5.18,3.7,1.78,1716.44042969,1827.83862305,-1,1,-2,6,-3.0,18,16,0.5,12.5,2.0,4.5,9.5,1.0,0.0,0.0,15.5,4.0,10.0,8.0,2.5,0.5,D,0,1,0,0.0,1.0,2.0
2020-2021,x-00005,2021-03-06,t-00055,t-00057,0.0,2.0,2.0,5.0,3.74,3.34,2.19,1629.86962891,1705.0333252,-6,-6,-3,-16,-1.0,14,15,0.3333333333333333,8.333333333333334,2.3333333333333335,5.666666666666667,13.333333333333334,1.0,0.3333333333333333,2.3333333333333335,13.333333333333334,5.666666666666667,7.666666666666667,8.0,0.3333333333333333,0.0,A,0,0,1,0.0,0.0,1.0
2020-2021,x-00005,2021-03-07,t-00068,t-00040,0.0,0.0,3.0,5.0,2.32,3.29,3.48,1581.60620117,1670.96203613,-2,-4,-5,-7,0.0,12,26,0.9736842105263158,8.026315789473685,2.9210526315789473,3.5526315789473686,10.81578947368421,1.236842105263158,0.07894736842105263,1.015625,10.265625,3.4375,4.125,10.140625,1.75,0.078125,D,0,1,0,0.0,1.0,0.0
2020-2021,x-00005,2021-03-07,t-00035,t-00036,0.0,2.0,6.0,6.0,1.51,4.48,7.2,2032.42138672,1891.00476074,10,2,10,1,0.0,29,24,0.75,11.5,3.5,7.75,8.75,2.5,0.0,1.0,11.5,4.0,2.5,11.0,1.75,0.0,A,0,0,1,1.0,0.0,2.0
2020-2021,x-00005,2021-03-07,t-00033,t-00026,0.0,1.0,3.0,3.0,1.67,4.03,5.68,1906.39257812,1639.96740723,-6,2,-8,2,2.0,22,20,1.5,14.0,6.0,9.0,6.0,1.0,0.0,1.0,8.5,3.5,3.5,10.0,2.5,0.0,A,0,0,1,1.0,0.0,0.0
2020-2021,x-00005,2021-03-07,t-00064,t-00022,4.0,1.0,5.0,1.0,1.56,4.17,6.87,1835.76245117,1697.18359375,3,-4,3,-4,7.0,22,10,1.8,13.6,5.6,6.4,10.2,1.4,0.0,0.8,11.6,2.8,4.4,11.4,1.4,0.0,H,1,0,0,3.0,0.0,0.0
2020-2021,x-00005,2021-03-08,t-00018,t-00025,2.0,0.0,9.0,1.0,1.68,3.95,5.74,1878.41516113,1780.25878906,4,0,2,5,6.0,22,14,1.125,14.5,4.625,6.625,10.125,0.75,0.0,1.3695652173913044,10.630434782608695,4.065217391304348,4.391304347826087,11.41304347826087,1.7391304347826086,0.06521739130434782,H,1,0,0,2.0,1.0,0.0
2020-2021,x-00005,2021-03-08,t-00069,t-00031,2.0,0.0,5.0,2.0,2.25,3.61,3.33,1783.97839355,1701.06433105,5,1,4,-3,0.0,27,29,2.0,19.0,8.0,6.0,10.0,2.0,0.0,1.0,13.0,7.0,5.0,12.0,1.0,0.0,H,1,0,0,0.0,0.0,0.0
2020-2021,x-00005,2021-03-10,t-00035,t-00057,5.0,2.0,10.0,6.0,1.18,7.78,18.52,2015.33532715,1714.93103027,5,-3,6,-12,7.0,29,15,1.5,19.25,5.25,11.0,9.75,2.5,0.0,0.75,6.25,3.5,2.75,9.0,1.5,0.25,H,1,0,0,3.0,0.0,0.0
2020-2021,x-00005,2021-03-12,t-00040,t-00003,1.0,1.0,3.0,6.0,3.8,3.42,2.14,1675.0447998,1728.15466309,-3,-1,-2,0,0.0,26,12,0.3333333333333333,10.333333333333334,3.0,5.333333333333333,14.0,2.0,0.0,1.6666666666666667,15.0,5.0,8.333333333333334,10.666666666666666,1.0,0.0,D,0,1,0,0.0,1.0,0.0
2020-2021,x-00005,2021-03-13,t-00026,t-00035,0.0,3.0,0.0,7.0,8.36,4.76,1.44,1660.53234863,2024.15002441,1,6,-3,13,-2.0,20,32,0.0,5.5,0.5,1.5,5.0,1.0,0.0,2.0,20.0,6.5,10.0,9.5,0.0,0.0,A,0,0,1,0.0,0.0,1.0
2020-2021,x-00005,2021-03-13,t-00031,t-00018,0.0,0.0,4.0,8.0,5.3,3.99,1.71,1699.48022461,1891.21850586,-3,5,2,1,0.0,24,28,1.5925925925925926,14.222222222222221,5.2592592592592595,5.851851851851852,10.444444444444445,1.4814814814814814,0.0,1.2222222222222223,15.0,5.111111111111111,6.666666666666667,10.222222222222221,0.6666666666666666,0.0,D,0,1,0,0.0,0.0,0.0
2020-2021,x-00005,2021-03-13,t-00025,t-00014,1.0,2.0,4.0,5.0,2.05,3.35,4.23,1779.01208496,1724.53747559,0,-4,-5,-3,2.0,13,19,1.0,17.0,5.5,7.0,12.0,0.0,0.0,0.5,7.0,1.5,5.0,10.0,0.0,0.0,A,0,0,1,2.0,0.0,1.0
2020-2021,x-00005,2021-03-13,t-00022,t-00068,1.0,0.0,4.0,1.0,2.39,3.16,3.48,1695.84960938,1589.0802002,-5,0,-3,-3,2.0,8,14,1.0,16.0,4.0,7.0,15.0,1.0,0.0,3.0,11.0,5.0,8.0,14.0,1.0,0.0,H,1,0,0,1.0,0.0,0.0
2020-2021,x-00005,2021-03-14,t-00057,t-00012,1.0,2.0,4.0,6.0,3.34,3.25,2.41,1717.67297363,1681.26708984,-5,-3,-3,0,0.0,18,24,1.6666666666666667,14.333333333333334,4.333333333333333,5.333333333333333,9.333333333333334,2.3333333333333335,0.0,0.6666666666666666,11.333333333333334,3.0,4.666666666666667,10.333333333333334,1.3333333333333333,0.3333333333333333,A,0,0,1,0.0,3.0,0.0
2020-2021,x-00005,2021-03-14,t-00002,t-00064,2.0,1.0,3.0,3.0,2.73,3.34,2.81,1839.19262695,1854.40942383,2,4,4,-2,4.0,16,21,0.5,12.0,3.0,7.0,11.5,2.5,0.0,2.0,10.5,6.0,4.5,16.0,3.0,0.0,H,1,0,0,2.0,1.0,0.0
2020-2021,x-00005,2021-03-14,t-00032,t-00055,5.0,0.0,10.0,0.0,1.56,3.96,7.64,1812.94824219,1625.75024414,2,-7,2,-6,2.0,24,13,0.0,0.0,0.0,0.0,0.0,0.0,0.0,0.0,0.0,0.0,0.0,0.0,0.0,0.0,H,1,0,0,1.0,0.0,0.0
2020-2021,x-00005,2021-03-14,t-00036,t-00069,1.0,0.0,4.0,0.0,1.81,3.68,5.05,1911.12927246,1797.11901855,4,5,11,3,5.0,25,22,2.0,13.0,5.0,3.0,10.0,1.5,0.0,1.0,15.5,4.5,4.0,9.0,0.5,0.0,H,1,0,0,2.0,1.0,0.0
2020-2021,x-00005,2021-03-15,t-00071,t-00033,0.0,1.0,5.0,4.0,5.93,3.95,1.66,1770.09228516,1905.01672363,-1,-4,0,3,-3.0,16,22,0.2,9.4,3.0,3.2,8.2,0.6,0.0,2.2,12.4,5.2,5.4,6.4,0.6,0.0,A,0,0,1,0.0,0.0,2.0
2020-2021,x-00005,2021-03-19,t-00026,t-00031,1.0,2.0,6.0,4.0,2.56,3.45,2.94,1655.9362793,1702.24511719,-2,-1,-5,-2,0.0,17,23,3.0,14.0,6.0,3.0,18.0,2.0,0.0,4.0,10.0,7.0,5.0,13.0,1.0,0.0,A,0,0,1,0.0,0.0,0.0
2020-2021,x-00005,2021-03-20,t-00012,t-00040,3.0,0.0,6.0,1.0,1.76,3.64,5.55,1689.45178223,1674.12109375,-2,-4,-1,-4,1.0,28,25,1.0,13.333333333333334,4.0,4.333333333333333,12.0,1.6666666666666667,0.3333333333333333,0.0,9.666666666666666,1.6666666666666667,6.333333333333333,13.333333333333334,2.3333333333333335,0.0,H,1,0,0,1.0,2.0,0.0
2020-2021,x-00005,2021-03-21,t-00069,t-00002,3.0,3.0,5.0,7.0,3.54,3.56,2.18,1790.91699219,1842.52282715,4,4,5,2,-1.0,21,16,0.5,14.0,4.5,6.0,11.0,1.5,0.0,1.5,8.0,2.5,6.5,11.0,0.5,0.0,D,0,1,0,1.0,1.0,1.0
2020-2021,x-00005,2021-03-21,t-00003,t-00064,0.0,2.0,1.0,3.0,3.12,3.54,2.39,1725.88525391,1821.1105957,-1,6,0,-5,-1.0,17,21,2.0,18.0,4.0,12.0,12.0,2.0,0.0,3.0,23.0,10.0,7.0,10.0,0.0,0.0,A,0,0,1,0.0,0.0,1.0
2020-2021,x-00005,2021-04-03,t-00018,t-00068,2.0,5.0,8.0,7.0,1.3,5.73,12.2,1898.07263184,1582.69042969,3,-1,6,-5,3.0,31,12,1.1,15.0,5.4,6.5,9.8,0.6,0.0,0.925,8.25,2.875,3.65,10.925,1.2,0.075,A,0,0,1,1.0,0.0,0.0
2020-2021,x-00005,2021-04-03,t-00031,t-00055,2.0,1.0,8.0,1.0,1.6,4.17,6.25,1709.88879395,1616.64477539,1,-9,3,-9,0.0,20,8,1.5517241379310345,13.931034482758621,5.172413793103448,5.9655172413793105,10.689655172413794,1.5517241379310345,0.0,0.0,1.0,0.0,1.0,9.0,2.0,0.0,H,1,0,0,0.0,0.0,0.0
2020-2021,x-00005,2021-04-03,t-00002,t-00033,0.0,3.0,2.0,7.0,2.94,3.69,2.43,1841.80371094,1908.83166504,2,-1,5,5,1.0,18,22,1.5,3.5,2.5,2.5,10.5,2.5,0.0,2.0,22.5,8.0,10.0,10.5,1.5,0.0,A,0,0,1,1.0,2.0,0.0
2020-2021,x-00005,2021-04-03,t-00032,t-00035,0.0,2.0,2.0,4.0,5.2,3.86,1.75,1818.86047363,2026.04296875,5,8,5,11,-2.0,28,36,1.5,7.25,3.5,2.0,9.0,1.75,0.0,1.75,19.0,7.25,6.75,12.25,1.5,0.0,A,0,0,1,1.0,0.0,2.0
2020-2021,x-00005,2021-04-04,t-00003,t-00026,3.0,1.0,4.0,7.0,2.6,3.28,3.02,1717.04968262,1648.29260254,-2,-4,-4,3,0.0,16,16,3.0,12.0,5.0,3.0,14.0,3.0,0.0,0.0,16.0,3.0,5.0,18.0,6.0,0.0,H,1,0,0,0.0,0.0,0.0
2020-2021,x-00005,2021-04-04,t-00057,t-00014,3.0,2.0,9.0,5.0,2.03,3.45,4.16,1706.29516602,1733.34460449,-6,-3,-5,-1,-2.0,21,21,0.75,9.0,2.5,3.75,9.75,0.75,0.0,1.5,11.0,4.5,4.25,8.75,1.5,0.0,H,1,0,0,0.0,1.0,2.0
2020-2021,x-00005,2021-04-04,t-00036,t-00012,2.0,1.0,7.0,3.0,1.67,4.06,5.6,1922.33935547,1701.61096191,5,1,11,2,4.0,22,25,3.0,13.333333333333334,6.666666666666667,3.6666666666666665,11.666666666666666,1.6666666666666667,0.0,1.0,10.666666666666666,3.0,4.333333333333333,14.0,3.0,0.0,H,1,0,0,3.0,0.0,0.0
2020-2021,x-00005,2021-04-04,t-00040,t-00064,2.0,2.0,6.0,5.0,5.62,3.95,1.68,1661.96191406,1829.94616699,-5,9,-1,-2,-5.0,22,20,1.0,14.0,3.5,4.5,7.5,3.0,0.0,2.0,15.5,8.5,7.0,14.0,2.0,0.0,D,0,1,0,0.0,0.0,3.0
2020-2021,x-00005,2021-04-05,t-00071,t-00069,2.0,3.0,5.0,6.0,2.91,3.2,2.74,1763.08410645,1791.6361084,-3,1,0,1,5.0,17,17,1.0,10.5,4.0,5.0,9.0,1.0,0.0,2.0,11.0,4.5,3.0,7.5,0.5,0.0,A,0,0,1,2.0,0.0,0.0
2020-2021,x-00005,2021-04-05,t-00025,t-00022,1.0,1.0,7.0,6.0,1.89,3.47,4.8,1767.01184082,1699.04614258,1,-1,-6,-7,6.0,15,9,2.5,12.0,6.5,5.0,13.0,0.5,0.0,1.0,9.0,1.5,6.5,14.0,2.0,0.0,D,0,1,0,3.0,0.0,0.0
2020-2021,x-00005,2021-04-09,t-00026,t-00071,0.0,1.0,3.0,3.0,2.75,3.13,2.96,1640.58728027,1755.49389648,-6,-5,-4,-3,0.0,19,17,0.0,8.0,2.0,1.5,11.5,2.0,0.0,1.0,16.5,5.5,6.5,12.5,1.0,0.0,A,0,0,1,0.0,1.0,0.0
2020-2021,x-00005,2021-04-10,t-00035,t-00031,1.0,2.0,7.0,2.0,1.39,5.32,8.5,2032.45214844,1715.47607422,9,-1,8,-2,0.0,37,21,1.0,23.0,2.0,10.0,12.0,1.0,0.0,1.0,12.0,7.0,7.0,11.0,2.0,0.0,A,0,0,1,0.0,0.0,0.0
2020-2021,x-00005,2021-04-10,t-00022,t-00018,1.0,4.0,1.0,10.0,7.75,4.23,1.52,1702.20068359,1881.99719238,-2,0,-1,3,-1.0,13,36,1.1357142857142857,11.057142857142857,3.557142857142857,4.835714285714285,10.821428571428571,1.5714285714285714,0.04285714285714286,1.1818181818181819,15.272727272727273,5.636363636363637,6.818181818181818,9.909090909090908,0.6363636363636364,0.09090909090909091,A,0,0,1,1.0,0.0,2.0
2020-2021,x-00005,2021-04-10,t-00033,t-00003,2.0,1.0,10.0,5.0,1.46,4.79,7.53,1911.07653809,1725.67797852,4,-1,-8,1,2.0,23,16,2.0,15.0,6.0,8.0,12.333333333333334,1.3333333333333333,0.0,2.6666666666666665,10.666666666666666,5.333333333333333,3.0,9.0,1.3333333333333333,0.0,H,1,0,0,1.0,0.0,0.0
2020-2021,x-00005,2021-04-11,t-00014,t-00040,1.0,2.0,4.0,5.0,2.27,3.44,3.43,1725.61877441,1666.29077148,-4,-3,0,-5,1.0,25,22,0.6666666666666666,7.333333333333333,2.6666666666666665,5.0,13.666666666666666,2.0,0.0,1.0,13.333333333333334,3.0,5.666666666666667,12.0,2.6666666666666665,0.0,A,0,0,1,2.0,0.0,1.0
2020-2021,x-00005,2021-04-11,t-00069,t-00032,3.0,2.0,4.0,5.0,3.25,3.31,2.42,1800.14941406,1813.91369629,1,2,4,4,-1.0,19,23,2.0,10.0,4.0,6.0,13.5,1.5,0.0,2.0,11.5,4.0,6.5,10.5,1.5,0.0,H,1,0,0,0.0,2.0,1.0
2020-2021,x-00005,2021-04-11,t-00064,t-00036,1.0,3.0,3.0,7.0,3.02,3.6,2.42,1826.54016113,1929.2364502,5,4,6,2,1.0,18,22,2.6666666666666665,13.333333333333334,5.333333333333333,4.666666666666667,12.0,0.6666666666666666,0.0,1.3333333333333333,9.666666666666666,5.0,4.0,13.666666666666666,1.0,0.3333333333333333,A,0,0,1,1.0,1.0,1.0
2020-2021,x-00005,2021-04-11,t-00055,t-00002,0.0,3.0,2.0,5.0,5.58,4.05,1.67,1611.98046875,1827.29821777,-9,0,-3,0,1.0,7,19,0.5,5.0,0.5,4.0,11.0,2.0,0.0,1.44,10.92,3.84,5.06,10.28,1.72,0.18,A,0,0,1,1.0,0.0,0.0
2020-2021,x-00005,2021-04-12,t-00012,t-00025,0.0,0.0,3.0,1.0,2.15,3.51,3.67,1699.26049805,1764.78015137,1,-1,2,2,2.0,23,16,1.0,10.0,2.5,6.5,10.5,1.0,0.0,2.5,12.5,6.0,3.5,10.0,1.0,0.0,D,0,1,0,2.0,1.0,0.0
2020-2021,x-00005,2021-04-12,t-00068,t-00057,3.0,0.0,6.0,4.0,3.69,3.65,2.09,1610.22570801,1714.94384766,2,-2,0,-6,-1.0,16,25,1.024390243902439,8.390243902439025,2.975609756097561,3.6341463414634148,10.804878048780488,1.1951219512195121,0.07317073170731707,1.3406593406593406,11.846153846153847,4.362637362637362,5.043956043956044,11.483516483516484,1.4945054945054945,0.08791208791208792,H,1,0,0,0.0,0.0,1.0
2020-2021,x-00005,2021-04-16,t-00025,t-00064,2.0,2.0,7.0,3.0,3.59,3.46,2.2,1768.11047363,1822.58850098,-2,2,-4,1,-7.0,16,19,0.5,13.0,3.5,4.5,12.5,1.0,0.0,0.5,10.5,3.5,5.0,14.5,2.0,0.0,D,0,1,0,0.0,1.0,2.0
2020-2021,x-00005,2021-04-17,t-00071,t-00055,1.0,0.0,5.0,2.0,1.81,3.52,5.31,1765.91943359,1610.0333252,-4,-10,0,-11,0.0,16,7,1.205607476635514,12.14018691588785,3.897196261682243,5.130841121495327,10.88785046728972,1.6074766355140186,0.028037383177570093,0.3333333333333333,5.666666666666667,1.0,3.3333333333333335,10.333333333333334,1.6666666666666667,0.0,H,1,0,0,0.0,1.0,0.0
2020-2021,x-00005,2021-04-17,t-00040,t-00069,3.0,2.0,8.0,6.0,3.48,3.5,2.22,1681.24072266,1812.3470459,-2,3,0,1,0.0,20,20,2.0,13.0,3.0,6.5,8.0,1.0,0.0,1.0,16.0,5.0,6.0,12.0,1.0,0.0,H,1,0,0,1.0,1.0,1.0
2020-2021,x-00005,2021-04-18,t-00002,t-00026,1.0,1.0,5.0,1.0,1.9,3.7,4.38,1855.18212891,1639.15686035,1,-6,-1,1,3.0,20,19,3.0,13.0,6.0,3.0,12.0,2.0,0.0,0.0,5.0,2.0,2.0,12.0,2.0,0.0,D,0,1,0,1.0,0.0,0.0
2020-2021,x-00005,2021-04-18,t-00036,t-00014,3.0,1.0,9.0,3.0,1.39,5.23,8.59,1943.4831543,1719.66394043,6,-1,13,-3,-2.0,25,26,1.25,19.75,7.0,6.0,11.0,1.5,0.0,1.0,7.5,1.75,3.25,12.0,2.5,0.0,H,1,0,0,0.0,2.0,1.0
2020-2021,x-00005,2021-04-19,t-00031,t-00033,1.0,1.0,5.0,7.0,5.44,4.47,1.62,1735.45275879,1915.24682617,1,3,5,6,0.0,20,25,3.0,6.0,3.0,0.0,6.0,0.0,0.0,4.0,22.0,6.0,9.0,9.0,1.0,0.0,D,0,1,0,0.0,0.0,0.0
2020-2021,x-00005,2021-04-20,t-00018,t-00012,0.0,0.0,4.0,2.0,1.69,3.74,6.02,1891.16381836,1704.92529297,3,2,3,0,7.0,40,20,1.4166666666666667,15.916666666666666,6.0,6.916666666666667,10.083333333333334,0.5833333333333334,0.08333333333333333,1.0434782608695652,12.521739130434783,3.7971014492753623,5.27536231884058,10.782608695652174,1.3623188405797102,0.07246376811594203,D,0,1,0,3.0,0.0,0.0
2020-2021,x-00005,2021-04-21,t-00064,t-00057,2.0,1.0,3.0,5.0,1.86,3.9,4.33,1821.76062012,1701.94238281,-1,-4,6,-8,6.0,17,28,0.0,0.0,0.0,0.0,0.0,0.0,0.0,0.0,0.0,0.0,0.0,0.0,0.0,0.0,H,1,0,0,3.0,0.0,0.0
2020-2021,x-00005,2021-04-21,t-00003,t-00035,1.0,2.0,3.0,3.0,9.64,5.47,1.34,1726.86450195,2024.60778809,-1,5,0,11,-5.0,17,34,0.3333333333333333,9.666666666666666,3.3333333333333335,3.6666666666666665,6.333333333333333,1.6666666666666667,0.0,3.6666666666666665,25.0,10.0,11.0,10.666666666666666,0.6666666666666666,0.3333333333333333,A,0,0,1,0.0,0.0,1.0
2020-2021,x-00005,2021-04-22,t-00032,t-00068,3.0,0.0,7.0,1.0,1.64,4.04,5.96,1810.71105957,1632.22241211,3,4,1,-1,0.0,25,20,1.759493670886076,13.341772151898734,4.89873417721519,5.481012658227848,10.582278481012658,1.3291139240506329,0.05063291139240506,1.0714285714285714,8.547619047619047,3.0476190476190474,3.6666666666666665,10.833333333333334,1.1666666666666667,0.07142857142857142,H,1,0,0,0.0,1.0,0.0
2020-2021,x-00005,2021-04-23,t-00002,t-00025,0.0,1.0,3.0,1.0,2.06,3.62,3.81,1849.18591309,1768.93823242,1,-3,-1,1,7.0,22,20,2.0,11.0,3.0,4.5,10.5,1.5,0.0,2.0,13.0,3.5,3.5,10.5,2.5,0.0,A,0,0,1,3.0,0.0,0.0
2020-2021,x-00005,2021-04-24,t-00069,t-00018,0.0,1.0,2.0,6.0,5.09,3.97,1.72,1801.63293457,1885.72998047,0,2,7,5,2.0,21,39,1.5128205128205128,10.833333333333334,4.064102564102564,4.551282051282051,9.833333333333334,1.435897435897436,0.02564102564102564,1.3076923076923077,15.23076923076923,5.846153846153846,6.384615384615385,9.923076923076923,0.6923076923076923,0.07692307692307693,A,0,0,1,2.0,1.0,0.0
2020-2021,x-00005,2021-04-24,t-00055,t-00012,1.0,0.0,3.0,4.0,6.43,3.94,1.61,1606.05847168,1710.35913086,-12,3,-7,-1,0.0,7,20,0.25,6.25,1.25,3.25,11.5,1.75,0.0,1.0285714285714285,12.5,3.7714285714285714,5.242857142857143,10.757142857142858,1.3428571428571427,0.08571428571428572,H,1,0,0,0.0,1.0,0.0
2020-2021,x-00005,2021-04-24,t-00033,t-00040,1.0,1.0,9.0,4.0,1.22,7.14,12.64,1911.06506348,1691.95483398,4,-1,-6,-6,8.0,31,23,2.0,15.333333333333334,6.333333333333333,8.666666666666666,7.666666666666667,1.0,0.0,0.6666666666666666,6.333333333333333,1.6666666666666667,2.6666666666666665,8.0,1.0,0.0,D,0,1,0,3.0,0.0,0.0
2020-2021,x-00005,2021-04-25,t-00031,t-00036,0.0,0.0,3.0,4.0,4.42,3.98,1.83,1739.63464355,1947.43103027,3,8,3,4,0.0,23,33,2.0,17.0,3.0,13.0,6.0,0.0,0.0,6.0,26.0,14.0,11.0,6.0,1.0,0.0,D,0,1,0,0.0,0.0,0.0
2020-2021,x-00005,2021-04-25,t-00071,t-00014,0.0,4.0,2.0,7.0,2.44,3.06,3.5,1769.89428711,1715.71606445,0,-3,0,-3,1.0,20,22,0.8,16.8,3.6,6.4,10.4,0.8,0.0,1.2,8.8,2.4,2.0,10.6,1.8,0.0,A,0,0,1,1.0,1.0,0.0
2020-2021,x-00005,2021-04-25,t-00003,t-00068,2.0,2.0,11.0,4.0,2.1,3.57,3.76,1724.45935059,1626.23474121,-2,2,-2,-3,0.0,19,18,3.0,19.0,10.0,7.0,8.0,2.0,0.0,0.0,1.0,1.0,1.0,14.0,1.0,1.0,D,0,1,0,0.0,0.0,0.0
2020-2021,x-00005,2021-04-26,t-00032,t-00022,2.0,1.0,5.0,2.0,1.44,4.75,8.25,1816.69873047,1699.05566406,6,-5,6,-3,-3.0,28,14,2.0,15.333333333333334,4.0,4.666666666666667,13.666666666666666,1.6666666666666667,0.0,0.3333333333333333,7.666666666666667,1.6666666666666667,4.666666666666667,11.0,1.0,0.0,H,1,0,0,1.0,0.0,2.0
2020-2021,x-00005,2021-04-30,t-00057,t-00032,1.0,1.0,3.0,9.0,4.21,3.81,1.91,1699.85192871,1823.75415039,-7,6,-2,1,-13.0,28,29,0.6666666666666666,10.0,5.333333333333333,3.6666666666666665,10.333333333333334,1.6666666666666667,0.3333333333333333,4.0,15.333333333333334,8.333333333333334,3.6666666666666665,10.333333333333334,0.6666666666666666,0.0,D,0,1,0,0.0,0.0,3.0
2020-2021,x-00005,2021-05-01,t-00012,t-00031,2.0,0.0,5.0,2.0,2.09,3.54,3.82,1702.29736328,1746.87561035,1,3,1,-3,0.0,18,22,1.0,7.0,2.0,2.0,9.0,1.0,0.0,0.0,7.0,2.0,5.0,8.0,1.0,0.0,H,1,0,0,0.0,0.0,0.0
2020-2021,x-00005,2021-05-01,t-00018,t-00026,2.0,0.0,5.0,3.0,1.49,4.26,8.34,1896.9498291,1647.51782227,1,-7,1,-1,2.0,36,17,1.2857142857142858,15.357142857142858,5.857142857142857,6.071428571428571,10.0,0.9285714285714286,0.07142857142857142,0.7674418604651163,11.279069767441861,3.604651162790698,4.232558139534884,12.186046511627907,1.7906976744186047,0.06976744186046512,H,1,0,0,1.0,0.0,0.0
2020-2021,x-00005,2021-05-01,t-00022,t-00035,0.0,2.0,4.0,3.0,9.44,5.58,1.34,1696.72973633,2033.76318359,-6,8,-5,9,-4.0,14,31,0.8571428571428571,5.857142857142857,1.7142857142857142,2.142857142857143,7.857142857142857,1.8571428571428572,0.0,2.5714285714285716,19.714285714285715,6.571428571428571,10.142857142857142,9.0,1.2857142857142858,0.0,A,0,0,1,0.0,1.0,2.0
2020-2021,x-00005,2021-05-01,t-00025,t-00003,1.0,2.0,3.0,5.0,1.99,3.84,3.84,1782.09887695,1723.47924805,0,-2,-2,-1,0.0,20,24,1.0,9.0,1.0,5.0,15.0,2.0,0.0,1.0,15.0,1.0,5.0,13.0,1.0,0.0,A,0,0,1,0.0,1.0,0.0
2020-2021,x-00005,2021-05-02,t-00040,t-00002,0.0,2.0,1.0,5.0,3.75,3.64,2.08,1700.34399414,1835.23681641,-1,-1,2,4,-1.0,24,22,0.0,7.0,1.5,4.0,8.5,0.0,0.0,3.5,17.5,6.5,6.0,12.0,1.0,0.0,A,0,0,1,1.0,0.0,2.0
2020-2021,x-00005,2021-05-02,t-00064,t-00055,4.0,0.0,11.0,1.0,1.31,5.78,10.51,1828.58044434,1618.84985352,1,-9,8,-11,0.0,17,8,2.0,12.0,3.0,5.0,10.0,2.0,0.0,0.4,6.4,1.6,3.0,11.8,2.0,0.0,H,1,0,0,0.0,1.0,0.0
2020-2021,x-00005,2021-05-03,t-00014,t-00069,1.0,2.0,3.0,4.0,3.09,3.61,2.38,1738.76672363,1797.57910156,1,0,-1,-2,5.0,24,23,1.3333333333333333,8.333333333333334,3.3333333333333335,2.6666666666666665,7.666666666666667,1.3333333333333333,0.0,0.3333333333333333,16.333333333333332,4.333333333333333,7.333333333333333,10.666666666666666,1.6666666666666667,0.0,A,0,0,1,2.0,1.0,0.0
2020-2021,x-00005,2021-05-03,t-00068,t-00071,1.0,1.0,4.0,10.0,2.62,3.13,3.11,1631.94445801,1751.57324219,2,-4,3,-1,0.0,19,20,3.0,12.0,5.0,0.0,14.0,1.0,0.0,2.0,23.0,6.0,11.0,10.0,2.0,0.0,D,0,1,0,0.0,0.0,0.0
2020-2021,x-00005,2021-05-07,t-00032,t-00040,2.0,4.0,9.0,6.0,1.41,4.99,8.68,1824.29003906,1696.33081055,1,0,5,-4,3.0,28,24,3.3333333333333335,13.0,6.0,6.666666666666667,11.666666666666666,1.3333333333333333,0.0,0.3333333333333333,5.333333333333333,1.3333333333333333,2.3333333333333335,9.0,0.6666666666666666,0.3333333333333333,A,0,0,1,1.0,0.0,2.0
2020-2021,x-00005,2021-05-08,t-00033,t-00057,2.0,0.0,6.0,6.0,1.33,6.09,9.28,1910.81323242,1706.13183594,5,-4,-3,-6,10.0,37,25,2.25,16.25,5.25,7.5,8.5,2.0,0.0,0.75,12.25,2.75,6.0,9.5,1.75,0.0,H,1,0,0,3.0,0.0,0.0
2020-2021,x-00005,2021-05-08,t-00035,t-00018,1.0,2.0,4.0,5.0,2.08,3.36,4.09,2043.67529297,1919.58557129,7,3,4,5,8.0,24,33,2.527027027027027,17.81081081081081,6.608108108108108,7.398648648648648,9.141891891891891,1.3445945945945945,0.05405405405405406,1.3333333333333333,14.933333333333334,5.8,5.733333333333333,10.333333333333334,0.9333333333333333,0.06666666666666667,A,0,0,1,3.0,0.0,0.0
2020-2021,x-00005,2021-05-08,t-00031,t-00064,3.0,1.0,7.0,3.0,4.13,4.06,1.87,1737.94372559,1837.98962402,0,3,0,2,0.0,20,25,1.4705882352941178,13.470588235294118,5.0,5.9411764705882355,11.205882352941176,1.588235294117647,0.029411764705882353,3.0,16.0,7.0,5.5,9.0,1.5,0.0,H,1,0,0,0.0,0.0,0.0
2020-2021,x-00005,2021-05-08,t-00055,t-00022,0.0,2.0,0.0,8.0,3.05,3.25,2.55,1616.25646973,1697.47851562,-8,-5,-5,-5,1.0,9,17,0.3333333333333333,6.666666666666667,1.5,3.5,11.333333333333334,1.8333333333333333,0.0,1.1258741258741258,10.923076923076923,3.5314685314685317,4.7622377622377625,10.79020979020979,1.5664335664335665,0.04195804195804196,A,0,0,1,1.0,0.0,0.0
2020-2021,x-00005,2021-05-09,t-00071,t-00012,2.0,1.0,6.0,3.0,4.23,3.35,2.05,1752.31396484,1718.04492188,-3,0,-4,-2,0.0,25,17,1.6666666666666667,11.666666666666666,3.3333333333333335,4.666666666666667,6.333333333333333,0.6666666666666666,0.0,1.6666666666666667,11.0,3.0,2.6666666666666665,10.0,2.6666666666666665,0.0,H,1,0,0,0.0,2.0,0.0
2020-2021,x-00005,2021-05-09,t-00002,t-00068,3.0,1.0,7.0,1.0,1.52,4.41,7.07,1839.06408691,1638.01940918,1,3,-4,-1,2.0,20,22,4.0,21.0,12.0,5.0,4.0,2.0,0.0,0.0,7.0,3.0,3.0,7.0,1.0,0.0,H,1,0,0,1.0,0.0,0.0
2020-2021,x-00005,2021-05-09,t-00069,t-00025,0.0,1.0,0.0,3.0,2.15,3.62,3.54,1808.17797852,1775.25964355,1,0,3,2,0.0,22,19,1.0,11.5,5.5,5.5,9.0,0.5,0.0,0.5,10.5,2.5,5.5,11.0,1.0,0.0,A,0,0,1,1.0,1.0,1.0
2020-2021,x-00005,2021-05-09,t-00003,t-00036,1.0,3.0,5.0,7.0,4.38,4.07,1.82,1737.13415527,1953.38745117,1,6,-1,4,-3.0,28,31,1.0,7.666666666666667,3.0,7.333333333333333,8.333333333333334,1.0,0.0,2.3333333333333335,16.333333333333332,7.0,6.333333333333333,17.0,3.6666666666666665,0.0,A,0,0,1,0.0,0.0,1.0
2020-2021,x-00005,2021-05-10,t-00026,t-00014,0.0,2.0,3.0,5.0,2.26,3.48,3.43,1647.39782715,1734.98352051,-6,-1,-5,-2,2.0,20,22,1.0,8.0,3.0,5.0,13.0,1.0,0.0,1.0,8.0,3.0,5.0,7.0,1.0,0.0,A,0,0,1,1.0,0.0,0.0
2020-2021,x-00005,2021-05-11,t-00036,t-00032,1.0,2.0,1.0,3.0,3.94,3.61,2.03,1958.42248535,1807.52746582,7,1,6,1,4.0,34,35,1.6666666666666667,8.666666666666666,4.0,2.0,14.0,2.0,0.0,0.6666666666666666,11.0,2.6666666666666665,5.666666666666667,12.0,1.6666666666666667,0.3333333333333333,A,0,0,1,3.0,0.0,0.0
2020-2021,x-00005,2021-05-11,t-00057,t-00022,3.0,1.0,6.0,4.0,1.88,3.87,4.28,1701.82263184,1706.98596191,-5,-4,-1,-1,-1.0,27,21,1.0,12.75,5.0,6.5,12.0,1.5,0.0,0.75,7.75,2.0,4.75,10.25,1.75,0.25,H,1,0,0,0.0,2.0,1.0
2020-2021,x-00005,2021-05-12,t-00018,t-00002,0.0,1.0,5.0,2.0,1.99,3.39,4.42,1931.40734863,1843.48974609,7,6,1,7,1.0,30,25,1.375,14.75,5.75,5.5,10.3125,0.875,0.0625,1.4727272727272727,11.381818181818181,3.9454545454545453,5.236363636363636,10.145454545454545,1.6363636363636365,0.16363636363636364,A,0,0,1,1.0,2.0,0.0
2020-2021,x-00005,2021-05-13,t-00036,t-00033,2.0,4.0,3.0,8.0,2.85,3.77,2.47,1946.3605957,1915.12243652,5,6,5,4,1.0,28,39,0.25,7.5,3.25,3.5,9.25,1.25,0.0,0.75,12.5,3.25,6.5,13.25,1.75,0.0,A,0,0,1,1.0,2.0,0.0
2020-2021,x-00005,2021-05-13,t-00003,t-00025,0.0,0.0,2.0,5.0,3.12,3.39,2.47,1732.09912109,1784.72961426,-3,1,-3,1,2.0,29,15,1.5,14.0,3.0,5.5,13.0,1.5,0.0,1.0,12.5,2.0,4.0,12.5,1.0,0.0,D,0,1,0,1.0,0.0,0.0
2020-2021,x-00005,2021-05-14,t-00040,t-00035,3.0,4.0,5.0,6.0,8.12,5.89,1.35,1713.09338379,2031.85351562,2,3,-1,9,0.0,24,21,0.6666666666666666,6.333333333333333,2.0,1.6666666666666667,7.666666666666667,1.0,0.0,3.0,19.333333333333332,8.0,8.333333333333334,7.666666666666667,1.3333333333333333,0.0,A,0,0,1,1.0,1.0,1.0
2020-2021,x-00005,2021-05-15,t-00012,t-00069,1.0,1.0,2.0,3.0,3.51,3.61,2.17,1711.24755859,1798.70800781,0,-1,3,-1,3.0,17,16,2.5,16.0,5.0,5.0,8.5,0.5,0.0,2.5,11.5,5.0,4.5,7.0,0.5,0.0,D,0,1,0,2.0,1.0,0.0
2020-2021,x-00005,2021-05-15,t-00057,t-00026,3.0,1.0,7.0,3.0,1.87,3.84,4.38,1712.61169434,1638.1484375,-4,-7,2,-3,2.0,24,17,0.0,3.0,2.0,3.0,12.0,0.0,0.0,0.0,10.0,1.0,6.0,15.0,2.0,0.0,H,1,0,0,1.0,0.0,0.0
2020-2021,x-00005,2021-05-15,t-00014,t-00031,0.0,4.0,4.0,6.0,3.58,3.87,2.06,1744.23291016,1752.07336426,2,1,-2,-3,0.0,22,19,0.0,14.0,6.0,12.0,14.0,3.0,0.0,1.0,11.0,4.0,4.0,8.0,0.0,0.0,A,0,0,1,0.0,0.0,0.0
2020-2021,x-00005,2021-05-16,t-00022,t-00003,3.0,2.0,8.0,5.0,3.2,3.62,2.31,1696.19689941,1733.03125,-6,-2,-4,0,1.0,19,26,0.3333333333333333,14.666666666666666,5.333333333333333,6.0,17.333333333333332,3.3333333333333335,0.3333333333333333,1.6666666666666667,14.333333333333334,7.0,3.6666666666666665,18.333333333333332,2.3333333333333335,0.6666666666666666,H,1,0,0,1.0,0.0,0.0
2020-2021,x-00005,2021-05-16,t-00068,t-00033,1.0,2.0,3.0,6.0,11.9,7.23,1.23,1633.59375,1928.49035645,-2,5,3,8,0.0,16,40,0.6666666666666666,4.666666666666667,2.0,2.3333333333333335,9.333333333333334,1.3333333333333333,0.0,0.6666666666666666,16.666666666666668,2.6666666666666665,7.333333333333333,7.666666666666667,0.3333333333333333,0.0,A,0,0,1,0.0,1.0,0.0
2020-2021,x-00005,2021-05-16,t-00025,t-00055,0.0,1.0,6.0,3.0,1.35,5.33,9.25,1783.79748535,1606.74890137,1,-9,-1,-12,-2.0,19,8,1.2727272727272727,10.89090909090909,3.981818181818182,4.3090909090909095,11.145454545454545,1.6727272727272726,0.05454545454545454,0.2857142857142857,6.714285714285714,1.2857142857142858,3.7142857142857144,11.285714285714286,1.7142857142857142,0.0,A,0,0,1,0.0,0.0,1.0
2020-2021,x-00005,2021-05-16,t-00064,t-00071,2.0,0.0,13.0,3.0,1.56,4.63,5.95,1823.85998535,1759.11132812,1,-1,10,-2,-3.0,23,26,2.3333333333333335,14.333333333333334,5.666666666666667,5.666666666666667,9.333333333333334,1.6666666666666667,0.0,1.1981981981981982,12.225225225225225,3.963963963963964,5.1891891891891895,10.846846846846846,1.5855855855855856,0.02702702702702703,H,1,0,0,0.0,0.0,2.0
2020-2021,x-00005,2021-05-18,t-00057,t-00031,0.0,2.0,3.0,7.0,2.71,3.9,2.52,1720.71496582,1768.94812012,1,4,4,2,0.0,27,23,0.0,13.0,5.0,4.0,13.0,2.0,0.0,3.0,11.0,7.0,2.0,11.0,1.0,0.0,A,0,0,1,0.0,0.0,0.0
2020-2021,x-00005,2021-05-18,t-00018,t-00032,2.0,1.0,6.0,3.0,1.71,3.88,5.45,1920.43591309,1819.58935547,3,3,0,1,-1.0,25,33,1.2941176470588236,15.0,5.705882352941177,5.705882352941177,10.117647058823529,0.8235294117647058,0.058823529411764705,1.7738095238095237,13.619047619047619,5.0,5.595238095238095,10.702380952380953,1.2619047619047619,0.047619047619047616,H,1,0,0,0.0,2.0,1.0
2020-2021,x-00005,2021-05-18,t-00012,t-00035,3.0,2.0,6.0,4.0,7.37,4.75,1.46,1713.19116211,2033.8984375,0,2,4,9,-10.0,16,23,0.0,4.666666666666667,1.0,2.3333333333333335,8.333333333333334,1.3333333333333333,0.0,3.3333333333333335,19.0,6.666666666666667,7.666666666666667,5.666666666666667,0.3333333333333333,0.0,H,1,0,0,0.0,0.0,3.0
2020-2021,x-00005,2021-05-18,t-00036,t-00026,1.0,1.0,6.0,5.0,1.3,5.93,10.85,1932.99255371,1630.04516602,1,-7,1,-5,3.0,24,13,2.0,15.0,5.0,8.0,10.0,1.0,0.0,1.0,12.0,5.0,2.0,6.0,3.0,0.0,D,0,1,0,1.0,0.0,0.0
2020-2021,x-00005,2021-05-19,t-00068,t-00069,1.0,3.0,4.0,9.0,4.91,4.31,1.68,1631.23022461,1796.7644043,-6,-2,1,0,0.0,13,15,1.0,10.0,4.5,3.5,11.5,1.0,0.0,2.5,14.5,5.0,4.5,10.0,0.0,0.0,A,0,0,1,0.0,1.0,0.0
2020-2021,x-00005,2021-05-19,t-00022,t-00002,1.0,3.0,6.0,3.0,5.96,4.09,1.63,1704.71337891,1854.46118164,-2,4,-3,6,-1.0,26,22,0.5,9.0,2.5,2.0,12.5,1.5,0.0,0.5,9.0,4.0,5.5,16.0,2.0,0.5,A,0,0,1,0.0,2.0,1.0
2020-2021,x-00005,2021-05-19,t-00025,t-00071,1.0,0.0,4.0,3.0,1.85,3.57,4.89,1770.79492188,1750.77075195,0,-4,-3,-4,-1.0,18,26,1.0,5.5,2.5,3.5,10.0,2.0,0.0,2.0,13.0,5.0,5.5,7.5,1.0,0.0,H,1,0,0,1.0,0.0,1.0
2020-2021,x-00005,2021-05-19,t-00040,t-00055,1.0,0.0,5.0,1.0,1.82,3.82,4.59,1711.04846191,1619.75146484,0,-5,-2,-10,3.0,24,9,1.0945945945945945,10.35135135135135,3.5675675675675675,4.094594594594595,10.067567567567568,1.7027027027027026,0.08108108108108109,0.375,7.125,1.5,3.75,11.375,1.875,0.0,H,1,0,0,1.0,0.0,0.0
2020-2021,x-00005,2021-05-19,t-00014,t-00033,0.0,3.0,4.0,3.0,9.95,6.52,1.29,1727.35827637,1930.85375977,-1,5,-6,7,-6.0,22,36,1.0,7.142857142857143,3.4285714285714284,3.5714285714285716,7.428571428571429,0.8571428571428571,0.0,2.0,22.857142857142858,7.571428571428571,9.285714285714286,8.571428571428571,0.8571428571428571,0.0,A,0,0,1,0.0,0.0,3.0
2020-2021,x-00005,2021-05-19,t-00064,t-00003,1.0,2.0,4.0,4.0,1.64,4.47,5.27,1832.20056152,1724.51477051,5,-2,8,-2,2.0,33,28,2.25,16.75,7.5,6.75,9.0,1.5,0.0,1.2432432432432432,12.756756756756756,4.45945945945946,5.513513513513513,11.702702702702704,1.7162162162162162,0.05405405405405406,A,0,0,1,1.0,0.0,0.0
2020-2021,x-00005,2021-05-23,t-00026,t-00040,0.0,2.0,0.0,4.0,2.53,3.47,2.91,1637.33166504,1716.44616699,-6,0,-8,0,-4.0,15,21,1.0,11.0,4.0,9.0,17.0,2.0,1.0,1.0,12.0,5.0,2.0,7.0,1.0,0.0,A,0,0,1,0.0,0.0,1.0
2020-2021,x-00005,2021-05-23,t-00031,t-00068,3.0,1.0,9.0,5.0,1.54,4.81,5.69,1779.06689453,1624.96850586,6,-5,3,-3,0.0,25,16,5.0,14.0,6.0,10.0,10.0,1.0,0.0,0.0,4.0,1.0,3.0,7.0,0.0,0.0,H,1,0,0,0.0,0.0,0.0
2020-2021,x-00005,2021-05-23,t-00032,t-00064,2.0,4.0,6.0,4.0,1.78,4.36,4.33,1814.4967041,1821.02331543,-1,4,5,-1,0.0,29,34,1.7647058823529411,13.541176470588235,4.976470588235294,5.588235294117647,10.764705882352942,1.2941176470588236,0.047058823529411764,2.0,15.4,6.8,6.2,10.0,1.4,0.0,A,0,0,1,2.0,0.0,1.0
2020-2021,x-00005,2021-05-23,t-00035,t-00025,5.0,0.0,11.0,3.0,1.28,6.28,10.34,2018.89868164,1777.90686035,2,0,2,0,3.0,20,21,2.5,16.0,7.0,6.5,9.5,0.5,0.0,1.0,5.0,2.0,3.0,9.5,3.0,0.0,H,1,0,0,2.0,1.0,0.0
2020-2021,x-00005,2021-05-23,t-00071,t-00036,1.0,2.0,4.0,4.0,2.48,3.19,3.28,1743.65881348,1925.70617676,-6,-1,-4,6,1.0,24,21,0.75,9.5,3.0,3.75,11.0,1.5,0.0,0.75,13.25,3.5,4.25,11.0,2.0,0.25,A,0,0,1,1.0,1.0,0.0
2020-2021,x-00005,2021-05-23,t-00002,t-00012,2.0,0.0,5.0,1.0,1.7,4.21,5.05,1861.24194336,1728.19091797,6,1,-1,-2,1.0,20,20,1.0,12.0,4.5,5.5,6.0,0.5,0.0,1.0,11.0,3.5,7.5,12.0,2.0,0.0,H,1,0,0,1.0,1.0,1.0
2020-2021,x-00005,2021-05-23,t-00055,t-00014,1.0,0.0,3.0,3.0,2.85,3.45,2.58,1614.3536377,1720.76269531,-5,-2,-5,4,3.0,8,23,0.3333333333333333,7.555555555555555,1.4444444444444444,3.5555555555555554,10.88888888888889,1.8888888888888888,0.0,1.0397350993377483,9.933774834437086,3.3311258278145695,4.245033112582782,9.960264900662251,1.6821192052980132,0.006622516556291391,H,1,0,0,1.0,0.0,0.0
2020-2021,x-00005,2021-05-23,t-00003,t-00018,2.0,1.0,3.0,7.0,6.95,5.06,1.46,1735.6920166,1925.52844238,-1,4,-1,6,-1.0,21,27,1.2533333333333334,12.853333333333333,4.453333333333333,5.506666666666667,11.72,1.7066666666666668,0.05333333333333334,1.3333333333333333,15.11111111111111,5.722222222222222,5.722222222222222,10.38888888888889,0.8888888888888888,0.05555555555555555,H,1,0,0,0.0,0.0,1.0
2020-2021,x-00005,2021-05-23,t-00033,t-00022,2.0,0.0,5.0,4.0,1.19,8.34,15.0,1937.44934082,1697.93261719,8,-3,1,-4,6.0,32,30,3.5,16.333333333333332,6.666666666666667,6.5,8.666666666666666,0.6666666666666666,0.16666666666666666,0.8333333333333334,7.833333333333333,2.8333333333333335,4.5,6.333333333333333,0.8333333333333334,0.16666666666666666,H,1,0,0,3.0,0.0,0.0
2020-2021,x-00005,2021-05-23,t-00069,t-00057,3.0,0.0,7.0,5.0,1.79,3.94,4.75,1803.02624512,1710.59619141,1,0,1,-7,8.0,18,25,1.5,11.0,5.0,3.5,11.5,1.0,0.0,0.5,9.0,2.5,6.5,13.5,2.0,0.0,H,1,0,0,3.0,0.0,0.0
2021-2022,x-00005,2021-08-13,t-00011,t-00002,2.0,0.0,3.0,4.0,3.94,3.33,2.13,1671.97888184,1866.67456055,0,9,0,8,0.0,0,22,0.0,0.0,0.0,0.0,0.0,0.0,0.0,0.0,0.0,0.0,0.0,0.0,0.0,0.0,H,1,0,0,0.0,0.0,0.0
2021-2022,x-00005,2021-08-14,t-00032,t-00071,1.0,0.0,5.0,3.0,1.76,3.77,5.22,1801.89501953,1738.54443359,-4,-3,-2,-2,3.0,30,26,0.0,0.0,0.0,0.0,0.0,0.0,0.0,0.0,0.0,0.0,0.0,0.0,0.0,0.0,H,1,0,0,2.0,1.0,0.0
2021-2022,x-00005,2021-08-14,t-00018,t-00022,3.0,0.0,6.0,1.0,1.34,5.4,11.0,1923.20202637,1693.30944824,2,-3,-1,-3,9.0,28,30,0.0,0.0,0.0,0.0,0.0,0.0,0.0,0.0,0.0,0.0,0.0,0.0,0.0,0.0,H,1,0,0,4.0,0.0,0.0
2021-2022,x-00005,2021-08-14,t-00025,t-00057,3.0,1.0,6.0,3.0,2.05,3.45,4.07,1771.19372559,1700.75109863,-4,-3,-1,-12,2.0,21,27,3.0,15.0,6.0,4.0,5.0,0.0,0.0,1.0,15.0,3.0,11.0,11.0,2.0,0.0,H,1,0,0,2.0,2.0,0.0
2021-2022,x-00005,2021-08-14,t-00041,t-00033,0.0,3.0,3.0,8.0,7.0,4.9,1.48,1655.1998291,1940.19763184,-13,10,-11,9,-1.0,11,28,0.5,8.5,3.0,2.0,7.0,1.5,0.0,2.5,16.0,6.5,9.0,10.0,1.0,0.0,A,0,0,1,0.0,0.0,1.0
2021-2022,x-00005,2021-08-14,t-00067,t-00003,3.0,2.0,7.0,2.0,3.68,3.35,2.21,1673.33557129,1747.11230469,-5,-1,-4,0,3.0,18,19,0.0,0.0,0.0,0.0,0.0,0.0,0.0,0.0,0.0,0.0,0.0,0.0,0.0,0.0,H,1,0,0,1.0,0.0,0.0
2021-2022,x-00005,2021-08-14,t-00036,t-00031,5.0,1.0,8.0,3.0,1.67,4.2,5.4,1925.87194824,1783.74121094,0,8,0,6,4.0,21,31,3.0,21.0,9.0,8.5,8.5,1.0,0.0,1.0,11.5,3.0,7.5,13.5,2.0,0.0,H,1,0,0,1.0,0.0,0.0
2021-2022,x-00005,2021-08-14,t-00014,t-00012,1.0,2.0,3.0,8.0,3.27,3.14,2.51,1709.37329102,1720.88342285,-7,0,-9,-5,0.0,19,17,0.75,11.0,2.75,5.75,7.75,1.75,0.0,1.0,14.25,3.5,5.5,11.25,0.25,0.0,A,0,0,1,1.0,2.0,1.0
2021-2022,x-00005,2021-08-15,t-00064,t-00035,1.0,0.0,3.0,4.0,5.97,4.25,1.61,1831.75012207,2012.76818848,5,6,4,5,1.0,35,28,1.3333333333333333,9.5,2.3333333333333335,2.6666666666666665,8.0,0.6666666666666666,0.16666666666666666,2.1666666666666665,17.166666666666668,6.5,7.833333333333333,9.166666666666666,2.0,0.16666666666666666,H,1,0,0,2.0,0.0,2.0
2021-2022,x-00005,2021-08-15,t-00040,t-00069,2.0,4.0,3.0,9.0,3.46,3.55,2.21,1724.89587402,1810.99633789,2,5,-1,3,1.0,21,23,2.3333333333333335,14.0,4.666666666666667,5.333333333333333,8.333333333333334,1.3333333333333333,0.0,1.3333333333333333,16.0,5.333333333333333,6.666666666666667,10.333333333333334,0.6666666666666666,0.3333333333333333,A,0,0,1,2.0,1.0,1.0
2021-2022,x-00005,2021-08-21,t-00031,t-00025,2.0,2.0,4.0,8.0,2.15,3.52,3.65,1774.58154297,1778.28344727,6,-3,5,-3,-1.0,32,24,1.6153846153846154,13.64102564102564,5.17948717948718,6.0256410256410255,11.179487179487179,1.6153846153846154,0.02564102564102564,1.0909090909090908,11.779220779220779,3.8701298701298703,4.597402597402597,10.96103896103896,1.4415584415584415,0.05194805194805195,D,0,1,0,0.0,0.0,1.0
2021-2022,x-00005,2021-08-21,t-00003,t-00040,2.0,0.0,2.0,1.0,1.87,3.83,4.39,1736.67370605,1714.88598633,0,2,-2,2,4.0,16,23,1.5,15.0,5.25,6.75,10.5,1.5,0.0,0.5,10.75,3.0,4.5,13.0,2.0,0.0,H,1,0,0,2.0,0.0,0.0
2021-2022,x-00005,2021-08-21,t-00022,t-00011,0.0,0.0,2.0,3.0,2.68,3.2,2.97,1687.65808105,1688.47387695,-8,2,-5,0,0.0,23,3,0.0,4.0,1.0,2.0,11.0,0.0,0.0,2.0,8.0,3.0,2.0,12.0,0.0,0.0,D,0,1,0,0.0,0.0,0.0
2021-2022,x-00005,2021-08-21,t-00012,t-00067,2.0,0.0,3.0,1.0,1.78,3.55,5.6,1728.48339844,1681.87219238,-1,-5,6,-8,1.0,20,21,1.051948051948052,12.493506493506494,3.8051948051948052,5.233766233766234,10.636363636363637,1.3246753246753247,0.1038961038961039,3.0,13.0,7.0,2.0,18.0,3.0,0.0,H,1,0,0,1.0,2.0,0.0
2021-2022,x-00005,2021-08-21,t-00033,t-00014,2.0,0.0,9.0,3.0,1.25,6.75,13.5,1943.66259766,1699.87145996,11,-7,4,2,1.0,30,19,2.125,22.5,7.0,9.0,8.375,0.75,0.0,0.875,7.5,3.5,3.875,7.75,0.75,0.0,H,1,0,0,1.0,2.0,1.0
2021-2022,x-00005,2021-08-21,t-00035,t-00041,5.0,0.0,4.0,0.0,1.13,10.0,26.0,1999.91564941,1649.83300781,3,-15,4,-12,5.0,29,11,3.5,28.0,9.0,12.5,7.0,1.0,0.0,1.5,6.0,3.5,1.5,6.0,2.0,0.0,H,1,0,0,1.0,0.0,0.0
2021-2022,x-00005,2021-08-22,t-00071,t-00064,0.0,1.0,6.0,6.0,2.95,3.09,2.79,1731.73059082,1839.69116211,-4,2,-4,2,-2.0,19,27,0.0,17.0,3.0,4.0,10.0,2.0,0.0,1.1746724890829694,12.240174672489083,3.943231441048035,5.22707423580786,10.87772925764192,1.5982532751091703,0.026200873362445413,A,0,0,1,0.0,1.0,2.0
2021-2022,x-00005,2021-08-22,t-00002,t-00018,0.0,2.0,3.0,5.0,4.5,3.56,1.93,1848.27758789,1926.95129395,5,3,0,4,3.0,21,29,1.0,5.0,2.0,1.0,6.0,1.0,0.0,0.0,19.0,5.0,9.0,7.0,0.0,0.0,A,0,0,1,2.0,1.0,1.0
2021-2022,x-00005,2021-08-22,t-00057,t-00036,1.0,1.0,3.0,4.0,5.7,4.45,1.61,1691.75952148,1933.12963867,-3,2,3,7,-2.0,24,22,1.4,7.6,3.2,4.6,12.0,1.8,0.6,3.6,16.8,7.6,6.0,10.2,1.4,0.0,D,0,1,0,0.0,2.0,2.0
2021-2022,x-00005,2021-08-23,t-00069,t-00032,4.0,1.0,7.0,1.0,2.52,3.5,2.95,1819.10424805,1806.8067627,6,-3,2,0,0.0,28,26,2.3333333333333335,8.0,4.0,4.333333333333333,11.333333333333334,2.0,0.0,2.0,12.666666666666666,4.333333333333333,7.333333333333333,11.333333333333334,2.0,0.0,H,1,0,0,1.0,2.0,1.0
2021-2022,x-00005,2021-08-28,t-00012,t-00025,0.0,2.0,3.0,5.0,2.35,3.26,3.46,1738.98046875,1780.00695801,2,-3,5,-3,2.0,20,27,1.064102564102564,12.5,3.7948717948717947,5.256410256410256,10.64102564102564,1.358974358974359,0.10256410256410256,1.1025641025641026,11.846153846153847,3.923076923076923,4.602564102564102,10.987179487179487,1.4743589743589745,0.05128205128205128,A,0,0,1,2.0,2.0,0.0
2021-2022,x-00005,2021-08-28,t-00033,t-00018,1.0,1.0,7.0,3.0,2.47,3.36,3.13,1948.56140137,1937.57666016,11,4,7,6,3.0,31,29,0.0,7.0,1.0,5.0,9.0,0.0,0.0,1.0,11.0,5.0,2.0,8.0,0.0,0.0,D,0,1,0,2.0,1.0,1.0
2021-2022,x-00005,2021-08-28,t-00041,t-00032,1.0,2.0,4.0,3.0,4.4,3.67,1.91,1647.95153809,1795.90905762,-16,-4,-11,-4,1.0,9,18,1.0,10.5,4.5,5.0,14.0,2.5,0.0,0.5,18.5,4.5,9.5,13.5,1.0,0.0,A,0,0,1,1.0,0.0,0.0
2021-2022,x-00005,2021-08-28,t-00040,t-00057,2.0,2.0,5.0,6.0,2.51,3.59,2.89,1706.3729248,1698.64086914,-2,-5,-3,-11,7.0,18,21,1.5,9.0,4.75,3.5,12.0,2.0,0.25,1.25,13.5,5.0,8.0,14.25,1.25,0.25,D,0,1,0,4.0,0.0,0.0
2021-2022,x-00005,2021-08-28,t-00035,t-00002,5.0,0.0,10.0,0.0,1.36,5.2,10.5,2004.32629395,1840.18164062,9,1,11,6,8.0,29,17,1.6666666666666667,16.0,6.666666666666667,4.666666666666667,11.0,2.3333333333333335,0.0,0.0,7.0,1.3333333333333333,3.0,9.333333333333334,1.3333333333333333,0.3333333333333333,H,1,0,0,4.0,0.0,0.0
2021-2022,x-00005,2021-08-28,t-00069,t-00022,2.0,2.0,4.0,2.0,1.59,4.0,6.8,1832.53125,1688.38098145,10,-6,5,-6,0.0,35,21,1.569767441860465,11.13953488372093,4.162790697674419,4.616279069767442,9.581395348837209,1.372093023255814,0.03488372093023256,0.0,5.5,1.5,2.5,11.5,1.5,0.0,D,0,1,0,1.0,2.0,1.0
2021-2022,x-00005,2021-08-28,t-00003,t-00011,1.0,1.0,5.0,2.0,2.1,3.33,4.07,1747.71594238,1690.28027344,2,2,1,0,0.0,16,6,1.2820512820512822,12.705128205128204,4.371794871794871,5.410256410256411,11.679487179487179,1.7307692307692308,0.05128205128205128,1.0,11.0,3.0,3.5,10.5,0.5,0.0,D,0,1,0,0.0,0.0,0.0
2021-2022,x-00005,2021-08-29,t-00014,t-00031,1.0,1.0,3.0,2.0,3.35,3.6,2.24,1697.50170898,1775.38720703,-11,4,-10,1,-4.0,17,29,0.0,15.0,5.0,9.0,12.0,2.0,0.0,2.5,13.5,5.0,6.0,9.0,0.5,0.0,D,0,1,0,0.0,0.0,1.0
2021-2022,x-00005,2021-08-29,t-00064,t-00067,1.0,0.0,8.0,2.0,1.44,4.65,8.5,1850.73999023,1673.90441895,5,-8,7,-9,3.0,30,17,1.173913043478261,12.221739130434782,3.9521739130434783,5.221739130434782,10.860869565217392,1.608695652173913,0.02608695652173913,1.5,11.5,4.0,2.0,12.0,1.5,0.0,H,1,0,0,2.0,1.0,0.0
2021-2022,x-00005,2021-08-29,t-00071,t-00036,0.0,1.0,6.0,3.0,4.93,3.8,1.79,1727.20910645,1928.77746582,-6,3,-4,5,0.0,19,25,0.0,21.0,4.5,4.5,9.5,1.5,0.0,1.8282828282828283,14.191919191919192,5.686868686868687,5.212121212121212,11.383838383838384,1.797979797979798,0.030303030303030304,A,0,0,1,1.0,1.0,1.0
2021-2022,x-00005,2021-09-11,t-00036,t-00040,4.0,1.0,7.0,3.0,1.2,7.45,15.76,1932.66442871,1705.55224609,6,-1,3,3,9.0,25,18,2.75,19.25,8.5,6.0,10.25,1.75,0.0,1.0,9.0,3.5,2.0,9.75,2.0,0.0,H,1,0,0,4.0,0.0,0.0
2021-2022,x-00005,2021-09-11,t-00011,t-00012,0.0,1.0,1.0,2.0,3.14,3.0,2.7,1692.49609375,1728.14465332,2,0,2,-3,0.0,8,21,1.0,10.333333333333334,2.6666666666666665,3.0,11.666666666666666,1.3333333333333333,0.0,1.0506329113924051,12.518987341772151,3.7848101265822787,5.2405063291139244,10.594936708860759,1.3544303797468353,0.10126582278481013,A,0,0,1,0.0,0.0,0.0
2021-2022,x-00005,2021-09-11,t-00022,t-00064,3.0,0.0,4.0,1.0,3.95,3.33,2.13,1692.80236816,1854.26953125,-7,4,-6,1,-2.0,15,25,0.6666666666666666,6.666666666666667,1.6666666666666667,2.6666666666666665,10.0,1.0,0.0,1.173160173160173,12.233766233766234,3.9696969696969697,5.242424242424242,10.848484848484848,1.6147186147186148,0.025974025974025976,H,1,0,0,0.0,2.0,2.0
2021-2022,x-00005,2021-09-11,t-00002,t-00041,1.0,0.0,7.0,1.0,1.44,4.91,7.9,1831.81530762,1643.15820312,-5,-16,1,-16,4.0,15,13,4.0,13.0,8.0,6.0,10.0,1.0,0.0,0.0,8.0,2.0,2.0,10.0,4.0,0.0,H,1,0,0,1.0,0.0,0.0
2021-2022,x-00005,2021-09-11,t-00067,t-00071,0.0,2.0,2.0,5.0,3.67,3.21,2.28,1670.37487793,1723.32214355,-7,-5,-3,-3,0.0,16,22,1.0,10.666666666666666,3.3333333333333335,2.3333333333333335,12.666666666666666,2.0,0.0,0.0,19.0,5.0,4.666666666666667,8.666666666666666,2.0,0.0,A,0,0,1,1.0,0.0,1.0
2021-2022,x-00005,2021-09-11,t-00018,t-00003,3.0,0.0,4.0,6.0,1.35,5.38,10.33,1938.49023438,1745.50012207,5,3,5,-1,1.0,27,16,1.0,23.0,7.0,9.0,12.0,3.0,1.0,2.0,6.0,3.0,2.0,11.0,3.0,0.0,H,1,0,0,1.0,1.0,0.0
2021-2022,x-00005,2021-09-11,t-00057,t-00069,0.0,0.0,3.0,3.0,3.16,3.55,2.36,1699.46166992,1828.10974121,-7,10,2,4,-1.0,20,36,0.3333333333333333,11.666666666666666,3.3333333333333335,5.333333333333333,12.0,2.3333333333333335,0.0,2.0,12.0,5.666666666666667,3.0,9.333333333333334,0.6666666666666666,0.0,D,0,1,0,1.0,1.0,2.0
2021-2022,x-00005,2021-09-11,t-00032,t-00035,0.0,1.0,1.0,8.0,5.62,4.15,1.65,1800.70239258,2012.69262695,-4,13,1,2,-4.0,18,33,1.2,6.8,3.2,1.8,9.8,1.8,0.0,1.8,17.4,6.6,5.6,12.2,1.8,0.0,A,0,0,1,1.0,0.0,3.0
2021-2022,x-00005,2021-09-12,t-00031,t-00033,0.0,3.0,4.0,9.0,5.04,4.48,1.66,1773.81262207,1947.64782715,0,10,4,9,0.0,25,32,2.0,9.0,4.0,5.0,11.5,1.0,0.0,2.5,19.5,6.5,8.5,12.0,1.0,0.0,A,0,0,1,0.0,1.0,0.0
2021-2022,x-00005,2021-09-13,t-00025,t-00014,3.0,1.0,6.0,6.0,1.78,3.53,5.58,1790.84277344,1699.07629395,0,-7,1,1,1.0,26,16,1.25,13.75,3.75,4.75,11.0,0.75,0.0,0.75,12.25,3.25,5.25,9.5,2.0,0.0,H,1,0,0,2.0,0.0,2.0
2021-2022,x-00005,2021-09-17,t-00040,t-00031,1.0,1.0,7.0,9.0,3.25,3.74,2.23,1700.48510742,1765.60998535,-5,-5,-4,0,-1.0,16,22,1.5,16.0,4.5,6.5,11.5,1.0,0.0,3.5,17.0,6.0,6.0,12.5,3.0,0.0,D,0,1,0,0.0,0.0,1.0
2021-2022,x-00005,2021-09-18,t-00035,t-00057,0.0,0.0,1.0,2.0,1.18,8.18,16.74,2019.66711426,1701.95385742,15,-5,13,-8,10.0,37,20,2.2,18.8,6.2,9.8,9.0,2.2,0.0,1.0,7.2,4.0,3.2,8.0,1.2,0.2,D,0,1,0,4.0,0.0,0.0
2021-2022,x-00005,2021-09-18,t-00071,t-00011,0.0,2.0,0.0,3.0,1.83,3.42,5.38,1733.49060059,1684.22070312,-2,1,-6,0,0.0,24,9,0.5,17.75,5.0,5.5,9.75,2.25,0.0,0.75,9.5,2.25,2.5,11.0,1.75,0.0,A,0,0,1,0.0,0.0,0.0
2021-2022,x-00005,2021-09-18,t-00003,t-00025,3.0,0.0,3.0,1.0,2.18,3.46,3.65,1739.43603516,1797.7890625,-1,1,1,-2,2.0,18,28,1.2625,12.7,4.4,5.45,11.7125,1.775,0.05,1.1375,11.9,3.9625,4.6,10.8625,1.475,0.05,H,1,0,0,1.0,1.0,0.0
2021-2022,x-00005,2021-09-18,t-00033,t-00022,3.0,0.0,10.0,2.0,1.29,6.13,11.57,1958.3963623,1712.2833252,10,-2,6,-5,8.0,38,13,2.1474358974358974,16.102564102564102,6.006410256410256,6.660256410256411,9.147435897435898,1.0320512820512822,0.02564102564102564,1.25,9.5,2.25,4.0,10.75,1.25,0.0,H,1,0,0,4.0,0.0,0.0
2021-2022,x-00005,2021-09-18,t-00014,t-00002,0.0,1.0,3.0,3.0,3.94,3.79,1.98,1691.24206543,1834.64782715,-6,-6,-9,-2,-3.0,18,19,0.6666666666666666,11.333333333333334,3.0,3.6666666666666665,8.0,1.0,0.0,0.3333333333333333,15.333333333333334,3.6666666666666665,8.0,9.333333333333334,2.0,0.3333333333333333,A,0,0,1,0.0,2.0,2.0
2021-2022,x-00005,2021-09-18,t-00041,t-00067,1.0,3.0,5.0,8.0,2.41,3.29,3.31,1639.43774414,1659.31848145,-15,-5,-11,-9,-2.0,12,18,0.6428571428571429,10.642857142857142,3.3095238095238093,4.261904761904762,9.357142857142858,1.7142857142857142,0.07142857142857142,0.75,9.5,3.0,3.25,13.25,2.25,0.0,A,0,0,1,0.0,0.0,1.0
2021-2022,x-00005,2021-09-19,t-00012,t-00032,2.0,1.0,5.0,3.0,2.55,3.23,3.12,1735.53198242,1795.10522461,0,-4,3,-2,-5.0,17,16,0.25,9.0,2.0,6.0,11.75,1.25,0.0,1.75,13.25,5.25,7.0,7.0,1.25,0.0,H,1,0,0,0.0,1.0,3.0
2021-2022,x-00005,2021-09-19,t-00069,t-00036,1.0,2.0,4.0,10.0,4.31,3.79,1.89,1832.21557617,1924.77001953,8,9,4,4,2.0,30,26,0.6666666666666666,12.666666666666666,3.0,3.6666666666666665,6.666666666666667,0.3333333333333333,0.0,1.6666666666666667,13.666666666666666,4.666666666666667,4.0,10.666666666666666,2.3333333333333335,0.0,A,0,0,1,2.0,1.0,1.0
2021-2022,x-00005,2021-09-19,t-00064,t-00018,0.0,3.0,2.0,10.0,4.2,3.4,2.04,1829.84143066,1945.27050781,2,7,7,3,-2.0,22,25,0.0,4.0,0.0,1.0,7.0,1.0,0.0,0.0,14.0,5.0,13.0,14.0,1.0,0.0,A,0,0,1,1.0,0.0,3.0
2021-2022,x-00005,2021-09-25,t-00025,t-00041,2.0,0.0,4.0,2.0,1.7,3.82,5.72,1782.40405273,1627.60205078,3,-12,3,-13,-2.0,26,13,1.123456790123457,11.88888888888889,3.925925925925926,4.592592592592593,10.851851851851851,1.4691358024691359,0.04938271604938271,0.6511627906976745,10.674418604651162,3.3488372093023258,4.255813953488372,9.372093023255815,1.697674418604651,0.06976744186046512,H,1,0,0,0.0,0.0,1.0
2021-2022,x-00005,2021-09-25,t-00067,t-00040,1.0,1.0,4.0,6.0,2.16,3.57,3.59,1671.1541748,1701.59960938,-2,-7,-3,-1,2.0,20,19,1.2,10.0,4.0,4.2,13.4,2.0,0.0,1.1111111111111112,10.580246913580247,3.6049382716049383,4.1234567901234565,9.901234567901234,1.6790123456790123,0.07407407407407407,D,0,1,0,2.0,1.0,0.0
2021-2022,x-00005,2021-09-25,t-00018,t-00035,0.0,1.0,0.0,4.0,2.92,3.21,2.72,1955.00964355,2012.0925293,11,10,8,2,0.0,28,27,2.0,12.0,5.0,2.0,10.0,0.0,0.0,1.0,16.0,4.0,6.0,12.0,2.0,0.0,A,0,0,1,2.0,0.0,2.0
2021-2022,x-00005,2021-09-25,t-00011,t-00033,3.0,3.0,4.0,6.0,7.88,4.98,1.43,1698.66796875,1962.58789062,3,11,1,12,0.0,12,43,1.0,9.4,2.4,2.4,10.2,1.8,0.2,2.1528662420382165,16.159235668789808,6.031847133757962,6.681528662420382,9.197452229299364,1.0445859872611465,0.025477707006369428,D,0,1,0,0.0,0.0,0.0
2021-2022,x-00005,2021-09-25,t-00031,t-00069,1.0,2.0,5.0,7.0,3.08,3.62,2.38,1764.4954834,1826.13647461,-7,4,1,5,-1.0,22,27,0.5,15.0,4.5,5.5,10.5,1.0,0.0,2.0,17.5,6.5,6.0,9.5,1.5,0.0,A,0,0,1,0.0,0.0,1.0
2021-2022,x-00005,2021-09-25,t-00036,t-00003,0.0,1.0,4.0,3.0,1.42,5.1,7.95,1930.84899902,1754.82104492,9,1,4,-3,1.0,32,18,2.5,16.75,7.0,6.25,17.25,3.0,0.0,1.0,8.5,3.5,6.75,9.5,1.0,0.25,A,0,0,1,1.0,1.0,0.0
2021-2022,x-00005,2021-09-25,t-00032,t-00014,2.0,2.0,5.0,3.0,1.71,3.9,5.39,1786.0378418,1686.12011719,-3,-6,-3,1,4.0,13,18,2.0,15.0,5.0,8.0,9.0,0.8,0.2,1.4,12.4,4.6,5.2,10.4,1.4,0.0,D,0,1,0,3.0,1.0,0.0
2021-2022,x-00005,2021-09-26,t-00002,t-00064,3.0,1.0,7.0,4.0,2.25,3.4,3.53,1839.76965332,1820.10229492,-7,-3,2,-2,5.0,17,20,1.3333333333333333,10.0,3.3333333333333335,6.333333333333333,10.666666666666666,3.0,0.6666666666666666,1.3333333333333333,10.666666666666666,4.333333333333333,5.333333333333333,10.0,3.0,0.0,H,1,0,0,3.0,1.0,0.0
2021-2022,x-00005,2021-09-26,t-00057,t-00071,0.0,1.0,6.0,3.0,2.15,3.42,3.78,1709.52844238,1719.04333496,-2,-3,2,-2,0.0,17,20,1.2884615384615385,11.875,4.355769230769231,5.115384615384615,11.423076923076923,1.4903846153846154,0.08653846153846154,0.4,16.4,4.0,5.2,9.8,2.6,0.0,A,0,0,1,1.0,0.0,2.0
2021-2022,x-00005,2021-09-27,t-00022,t-00012,1.0,1.0,3.0,4.0,2.96,3.14,2.74,1708.0916748,1744.59936523,-3,3,0,-2,0.0,11,21,1.0,10.2,2.2,4.2,10.8,1.2,0.0,1.0617283950617284,12.407407407407407,3.7777777777777777,5.234567901234568,10.580246913580247,1.3703703703703705,0.09876543209876543,D,0,1,0,1.0,2.0,1.0
2021-2022,x-00005,2021-10-02,t-00036,t-00025,1.0,1.0,6.0,2.0,1.56,4.33,6.57,1916.83178711,1782.84985352,4,3,4,-6,5.0,28,24,2.0,16.0,7.0,2.0,9.0,2.0,0.0,0.0,14.0,3.0,1.0,10.0,1.0,0.0,D,0,1,0,2.0,2.0,0.0
2021-2022,x-00005,2021-10-02,t-00012,t-00002,0.0,0.0,2.0,2.0,3.31,3.4,2.35,1739.21679688,1844.29931641,2,-3,2,-3,1.0,17,20,0.6666666666666666,9.0,2.6666666666666665,6.0,10.666666666666666,1.3333333333333333,0.0,1.3333333333333333,13.333333333333334,4.666666666666667,7.333333333333333,7.333333333333333,0.3333333333333333,0.0,D,0,1,0,2.0,1.0,1.0
2021-2022,x-00005,2021-10-02,t-00031,t-00067,1.0,0.0,4.0,1.0,1.78,3.98,4.74,1752.48852539,1666.2935791,-4,-3,0,-4,0.0,24,17,1.5454545454545454,13.795454545454545,5.136363636363637,5.909090909090909,10.931818181818182,1.7045454545454546,0.045454545454545456,1.1666666666666667,10.833333333333334,4.0,4.333333333333333,14.333333333333334,2.3333333333333335,0.0,H,1,0,0,0.0,0.0,0.0
2021-2022,x-00005,2021-10-02,t-00014,t-00041,0.0,0.0,4.0,2.0,1.99,3.6,4.12,1684.43127441,1616.99438477,-5,-11,-9,-14,2.0,18,12,2.0,18.0,7.0,7.5,13.5,0.0,0.0,0.0,8.5,2.0,4.5,9.5,0.5,1.0,D,0,1,0,1.0,0.0,0.0
2021-2022,x-00005,2021-10-02,t-00071,t-00040,2.0,1.0,3.0,2.0,1.83,3.72,4.77,1722.51086426,1696.29846191,-1,-5,-4,-1,0.0,20,22,0.5,14.5,3.8333333333333335,5.166666666666667,9.5,2.1666666666666665,0.0,1.1097560975609757,10.695121951219512,3.6341463414634148,4.146341463414634,9.926829268292684,1.6951219512195121,0.07317073170731707,H,1,0,0,0.0,3.0,0.0
2021-2022,x-00005,2021-10-02,t-00018,t-00057,3.0,1.0,9.0,2.0,1.46,4.71,7.79,1933.43701172,1695.89904785,7,-1,5,-7,-1.0,22,20,1.0,9.0,3.0,6.0,10.0,1.0,0.0,1.0,4.0,1.0,3.0,10.0,1.0,0.0,H,1,0,0,1.0,2.0,1.0
2021-2022,x-00005,2021-10-03,t-00069,t-00011,1.0,2.0,5.0,6.0,1.76,3.85,5.13,1830.02624512,1699.59277344,3,1,4,2,0.0,25,13,1.5555555555555556,11.311111111111112,4.177777777777778,4.611111111111111,9.522222222222222,1.3555555555555556,0.044444444444444446,1.3333333333333333,9.833333333333334,2.6666666666666665,2.3333333333333335,9.833333333333334,1.6666666666666667,0.16666666666666666,A,0,0,1,0.0,0.0,0.0
2021-2022,x-00005,2021-10-03,t-00022,t-00032,2.0,2.0,4.0,5.0,2.87,3.3,2.7,1703.31262207,1764.41333008,0,-4,2,-3,4.0,13,13,1.0,9.833333333333334,2.3333333333333335,4.5,11.0,1.3333333333333333,0.0,1.7282608695652173,13.326086956521738,4.858695652173913,5.641304347826087,10.554347826086957,1.2717391304347827,0.05434782608695652,D,0,1,0,2.0,1.0,1.0
2021-2022,x-00005,2021-10-03,t-00033,t-00035,2.0,2.0,4.0,3.0,3.12,3.54,2.38,1963.75427246,2001.36462402,8,12,9,1,0.0,41,27,1.25,10.125,3.875,3.25,9.625,1.5,0.125,2.5,10.75,4.125,5.0,9.875,2.5,0.0,D,0,1,0,2.0,1.0,1.0
2021-2022,x-00005,2021-10-03,t-00064,t-00003,2.0,1.0,8.0,3.0,2.14,3.47,3.74,1806.18444824,1762.59692383,-6,3,0,-3,1.0,21,19,0.75,13.0,4.0,4.0,17.25,1.75,0.0,0.5,11.5,2.0,4.5,13.0,2.5,0.0,H,1,0,0,1.0,0.0,1.0
2021-2022,x-00005,2021-10-16,t-00032,t-00036,4.0,2.0,11.0,6.0,3.7,3.97,1.99,1763.58691406,1912.41955566,-1,4,-4,5,-3.0,17,30,1.0,11.25,2.75,5.25,12.0,1.25,0.25,1.5,7.5,3.25,2.25,12.75,1.5,0.0,H,1,0,0,0.0,2.0,2.0
2021-2022,x-00005,2021-10-16,t-00057,t-00031,1.0,0.0,5.0,0.0,2.12,3.72,3.55,1692.40368652,1757.7076416,-3,-3,-1,2,-2.0,19,24,0.0,15.5,4.0,4.0,11.5,1.0,0.0,2.5,13.0,7.0,3.5,11.5,2.0,0.0,H,1,0,0,0.0,0.0,1.0
2021-2022,x-00005,2021-10-16,t-00011,t-00018,0.0,1.0,7.0,1.0,5.64,3.87,1.7,1711.51708984,1936.93249512,2,7,1,5,0.0,16,26,1.4285714285714286,10.285714285714286,3.142857142857143,2.857142857142857,10.285714285714286,1.8571428571428572,0.14285714285714285,1.5384615384615385,15.115384615384615,5.653846153846154,5.923076923076923,10.423076923076923,1.0384615384615385,0.11538461538461539,A,0,0,1,0.0,0.0,0.0
2021-2022,x-00005,2021-10-16,t-00067,t-00033,0.0,5.0,2.0,8.0,8.6,5.68,1.36,1661.07458496,1963.90649414,-2,6,-4,10,0.0,17,36,0.9375,12.5625,4.4375,4.3125,12.0,1.75,0.0625,2.157232704402516,16.09433962264151,6.018867924528302,6.685534591194968,9.18867924528302,1.0566037735849056,0.025157232704402517,A,0,0,1,1.0,1.0,1.0
2021-2022,x-00005,2021-10-16,t-00035,t-00014,2.0,0.0,6.0,2.0,1.15,9.13,21.3,2001.21240234,1681.6817627,7,-3,14,-3,18.0,26,19,3.25,19.5,7.625,6.375,8.125,1.125,0.0,0.25,4.625,0.75,2.25,6.625,1.75,0.0,H,1,0,0,4.0,0.0,0.0
2021-2022,x-00005,2021-10-16,t-00041,t-00012,0.0,0.0,3.0,3.0,4.12,3.69,1.96,1619.74389648,1741.32800293,-6,0,-12,-1,-1.0,14,16,0.0,9.5,0.5,1.5,9.5,1.5,0.0,1.5,14.5,3.5,5.0,12.0,1.0,0.0,D,0,1,0,0.0,0.0,1.0
2021-2022,x-00005,2021-10-16,t-00003,t-00071,2.0,3.0,5.0,4.0,2.16,3.31,3.89,1756.60021973,1729.19482422,0,1,6,-1,-1.0,20,17,1.2771084337349397,12.674698795180722,4.349397590361446,5.469879518072289,11.698795180722891,1.7590361445783131,0.04819277108433735,0.7142857142857143,13.428571428571429,3.7142857142857144,4.428571428571429,10.285714285714286,1.8571428571428572,0.0,A,0,0,1,0.0,1.0,1.0
2021-2022,x-00005,2021-10-17,t-00025,t-00069,0.0,1.0,2.0,4.0,2.91,3.36,2.63,1787.26208496,1818.10192871,3,-1,6,5,3.0,18,23,3.0,11.0,4.0,3.0,12.0,1.0,0.0,2.0,19.0,6.0,6.0,9.0,1.0,0.0,A,0,0,1,2.0,0.0,2.0
2021-2022,x-00005,2021-10-17,t-00040,t-00064,2.0,3.0,1.0,4.0,3.58,3.71,2.11,1689.61450195,1812.18115234,-4,-6,-2,-4,-5.0,23,23,1.0,10.5,3.0,2.75,10.25,2.0,0.25,1.0,13.0,4.0,4.5,12.75,0.5,0.0,A,0,0,1,0.0,1.0,3.0
2021-2022,x-00005,2021-10-18,t-00002,t-00022,2.0,2.0,6.0,6.0,1.62,4.17,5.96,1842.18811035,1704.13903809,-1,0,5,-10,2.0,19,15,1.4153846153846155,11.461538461538462,3.8923076923076922,5.246153846153846,9.846153846153847,1.5692307692307692,0.15384615384615385,1.1428571428571428,11.0,2.5714285714285716,4.0,11.571428571428571,1.4285714285714286,0.0,D,0,1,0,1.0,2.0,1.0
2021-2022,x-00005,2021-10-22,t-00002,t-00003,3.0,1.0,9.0,4.0,2.04,3.65,3.87,1841.01660156,1750.2310791,4,-1,3,-3,-2.0,25,20,0.0,11.333333333333334,1.6666666666666667,6.333333333333333,14.0,2.0,0.0,1.6666666666666667,11.666666666666666,5.666666666666667,6.333333333333333,12.666666666666666,1.6666666666666667,0.0,H,1,0,0,1.0,0.0,1.0
2021-2022,x-00005,2021-10-23,t-00057,t-00014,2.0,2.0,4.0,5.0,2.09,3.46,3.92,1704.61645508,1682.86669922,-2,-5,-2,-7,-1.0,18,18,1.2,12.0,3.8,4.2,10.0,0.6,0.0,1.6,10.2,4.6,4.8,9.0,1.2,0.0,D,0,1,0,1.0,1.0,2.0
2021-2022,x-00005,2021-10-23,t-00022,t-00040,1.0,1.0,3.0,2.0,2.0,3.51,4.2,1712.15515137,1687.38830566,0,-5,1,-4,-1.0,19,19,0.0,0.0,0.0,0.0,0.0,0.0,0.0,0.0,0.0,0.0,0.0,0.0,0.0,0.0,D,0,1,0,1.0,2.0,1.0
2021-2022,x-00005,2021-10-23,t-00018,t-00041,7.0,0.0,13.0,1.0,1.22,6.75,15.5,1945.67236328,1625.68432617,8,-5,8,-13,1.0,24,13,1.5185185185185186,14.74074074074074,5.481481481481482,5.888888888888889,10.333333333333334,1.037037037037037,0.1111111111111111,0.6086956521739131,10.73913043478261,3.282608695652174,4.3478260869565215,9.130434782608695,1.7608695652173914,0.06521739130434782,H,1,0,0,1.0,0.0,0.0
2021-2022,x-00005,2021-10-23,t-00012,t-00035,1.0,4.0,5.0,14.0,8.18,4.95,1.43,1742.23217773,2011.10534668,2,4,2,0,-9.0,16,22,0.75,8.25,2.25,3.0,9.5,1.75,0.0,3.0,16.25,6.0,6.5,7.0,1.0,0.25,A,0,0,1,1.0,0.0,3.0
2021-2022,x-00005,2021-10-23,t-00031,t-00071,1.0,1.0,4.0,4.0,2.64,3.44,2.84,1752.33947754,1742.40844727,-4,3,-1,2,-1.0,22,15,1.5,13.695652173913043,5.0,5.804347826086956,10.978260869565217,1.6956521739130435,0.043478260869565216,1.0,12.875,3.75,4.75,11.125,2.0,0.0,D,0,1,0,0.0,0.0,1.0
2021-2022,x-00005,2021-10-23,t-00025,t-00067,2.0,5.0,4.0,8.0,1.84,3.57,4.98,1782.56091309,1658.97998047,0,-6,6,-3,2.0,15,17,0.0,9.0,0.0,6.0,9.0,1.0,0.0,0.0,4.0,2.0,0.0,12.0,2.0,0.0,A,0,0,1,2.0,1.0,0.0
2021-2022,x-00005,2021-10-24,t-00036,t-00033,0.0,5.0,4.0,8.0,3.09,3.66,2.35,1904.69458008,1980.66357422,1,11,6,14,-1.0,33,37,0.6,9.6,3.2,4.0,9.4,1.6,0.0,1.4,13.4,4.2,6.0,13.0,1.4,0.0,A,0,0,1,1.0,2.0,1.0
2021-2022,x-00005,2021-10-24,t-00011,t-00032,1.0,2.0,5.0,6.0,2.86,3.56,2.55,1711.28637695,1786.20935059,1,0,0,-4,0.0,21,25,1.25,11.125,3.625,3.125,10.625,1.75,0.125,1.7553191489361701,13.372340425531915,4.925531914893617,5.595744680851064,10.5,1.2765957446808511,0.05319148936170213,A,0,0,1,0.0,0.0,0.0
2021-2022,x-00005,2021-10-24,t-00069,t-00064,1.0,0.0,4.0,4.0,2.25,3.65,3.29,1832.03979492,1807.99511719,0,-6,4,-1,-2.0,23,19,2.3333333333333335,10.333333333333334,5.0,2.6666666666666665,8.0,1.6666666666666667,0.0,1.3333333333333333,13.666666666666666,4.333333333333333,4.666666666666667,9.0,1.0,0.0,H,1,0,0,1.0,0.0,3.0
2021-2022,x-00005,2021-10-30,t-00064,t-00036,0.0,3.0,0.0,4.0,3.18,3.74,2.27,1801.58044434,1889.19091797,-4,-7,-1,1,-1.0,22,30,0.8,10.4,3.2,4.2,11.6,2.0,0.0,1.0,12.4,3.6,3.8,9.4,1.8,0.2,A,0,0,1,1.0,1.0,2.0
2021-2022,x-00005,2021-10-30,t-00067,t-00057,0.0,1.0,4.0,1.0,3.22,3.54,2.33,1679.83911133,1703.0201416,-1,-2,-10,-7,-2.0,23,19,0.0,14.0,4.0,4.0,13.0,1.0,0.0,2.0,14.0,4.0,7.0,15.0,0.0,0.0,A,0,0,1,0.0,2.0,1.0
2021-2022,x-00005,2021-10-30,t-00035,t-00022,0.0,2.0,3.0,3.0,1.14,9.25,21.0,2016.25744629,1710.47436523,6,-3,17,-8,8.0,28,18,2.5217391304347827,17.782608695652176,6.565217391304348,7.403726708074534,9.161490683229813,1.3788819875776397,0.055900621118012424,1.2222222222222223,11.222222222222221,3.0,3.888888888888889,10.88888888888889,1.5555555555555556,0.0,A,0,0,1,2.0,1.0,1.0
2021-2022,x-00005,2021-10-30,t-00040,t-00018,0.0,3.0,1.0,6.0,8.43,4.52,1.46,1689.0690918,1949.8536377,-2,12,-2,5,1.0,18,33,1.0,6.0,2.0,7.0,9.0,4.0,0.0,1.7142857142857142,15.035714285714286,5.75,5.857142857142857,10.464285714285714,1.0,0.10714285714285714,A,0,0,1,2.0,0.0,2.0
2021-2022,x-00005,2021-10-30,t-00032,t-00002,0.0,2.0,8.0,5.0,2.55,3.53,2.88,1793.20935059,1848.11206055,2,5,0,-4,5.0,30,27,1.0,9.0,3.3333333333333335,2.0,12.666666666666666,2.3333333333333335,0.0,1.3333333333333333,11.666666666666666,5.0,8.666666666666666,8.666666666666666,1.6666666666666667,0.3333333333333333,A,0,0,1,3.0,0.0,1.0
2021-2022,x-00005,2021-10-30,t-00014,t-00011,3.0,1.0,6.0,5.0,2.74,3.21,2.9,1684.4630127,1704.28637695,-3,1,-5,3,0.0,17,25,1.0186335403726707,10.01863354037267,3.341614906832298,4.329192546583851,9.888198757763975,1.7142857142857142,0.006211180124223602,1.2222222222222223,11.555555555555555,3.7777777777777777,3.7777777777777777,10.88888888888889,1.6666666666666667,0.1111111111111111,H,1,0,0,0.0,0.0,0.0
2021-2022,x-00005,2021-10-30,t-00033,t-00012,2.0,2.0,3.0,6.0,1.3,5.75,11.6,1996.16723633,1737.0802002,13,-2,7,0,5.0,36,19,1.5,12.75,4.5,5.75,10.75,1.5,0.25,1.0,12.0,3.5,4.5,8.0,0.75,0.0,D,0,1,0,3.0,0.0,1.0
2021-2022,x-00005,2021-10-31,t-00041,t-00031,1.0,2.0,3.0,6.0,3.66,3.72,2.08,1621.50305176,1751.07629395,-11,-1,-8,-3,0.0,13,22,0.5957446808510638,10.574468085106384,3.234042553191489,4.25531914893617,9.27659574468085,1.7659574468085106,0.0851063829787234,1.4893617021276595,13.787234042553191,4.9787234042553195,5.808510638297872,11.063829787234043,1.702127659574468,0.0425531914893617,A,0,0,1,0.0,0.0,0.0
2021-2022,x-00005,2021-10-31,t-00003,t-00069,1.0,4.0,3.0,9.0,2.94,3.5,2.52,1743.13574219,1838.4543457,0,1,5,6,-2.0,18,24,1.0,12.666666666666666,4.0,7.0,10.333333333333334,1.0,0.0,2.0,12.0,4.333333333333333,2.0,17.0,1.3333333333333333,0.0,A,0,0,1,0.0,1.0,1.0
2021-2022,x-00005,2021-11-01,t-00071,t-00025,2.0,1.0,4.0,5.0,2.3,3.19,3.66,1743.67163086,1761.70166016,1,-5,-4,-6,2.0,14,13,1.0,12.333333333333334,3.7777777777777777,4.555555555555555,11.444444444444445,2.111111111111111,0.0,1.1294117647058823,11.952941176470588,3.8823529411764706,4.576470588235294,10.729411764705882,1.4823529411764707,0.047058823529411764,H,1,0,0,1.0,1.0,1.0
2021-2022,x-00005,2021-11-05,t-00057,t-00003,1.0,0.0,3.0,3.0,2.17,3.59,3.54,1710.33093262,1731.27331543,-1,-6,0,-6,1.0,18,18,2.25,18.5,6.5,5.5,14.25,1.25,0.0,1.25,12.5,5.25,6.25,14.0,1.75,0.0,H,1,0,0,1.0,0.0,1.0
2021-2022,x-00005,2021-11-06,t-00022,t-00071,2.0,0.0,6.0,2.0,2.37,3.16,3.52,1731.37792969,1750.57824707,2,4,3,3,0.0,19,18,1.3,10.9,3.0,3.6,10.9,1.7,0.0,1.1,12.1,3.8,4.5,11.3,2.0,0.0,H,1,0,0,1.0,1.0,1.0
2021-2022,x-00005,2021-11-06,t-00036,t-00035,0.0,2.0,1.0,5.0,4.79,4.21,1.73,1898.73583984,1995.015625,-5,4,1,4,-1.0,24,30,1.2,10.8,4.4,2.4,11.2,2.0,0.0,0.6,13.8,4.0,7.4,8.8,2.0,0.0,A,0,0,1,1.0,1.0,2.0
2021-2022,x-00005,2021-11-06,t-00012,t-00040,1.0,1.0,5.0,1.0,1.61,4.2,6.11,1742.90136719,1682.78320312,-3,-5,-2,-6,4.0,20,12,1.0465116279069768,12.372093023255815,3.7906976744186047,5.244186046511628,10.511627906976743,1.4534883720930232,0.09302325581395349,0.5,6.0,1.5,3.5,11.5,3.5,0.0,D,0,1,0,2.0,2.0,0.0
2021-2022,x-00005,2021-11-06,t-00018,t-00014,1.0,1.0,4.0,2.0,1.29,5.77,13.05,1955.7791748,1694.47070312,12,0,14,-6,4.0,29,20,2.0,19.0,8.0,4.0,7.0,0.0,0.0,0.0,1.0,0.0,2.0,9.0,1.0,0.0,D,0,1,0,2.0,1.0,1.0
2021-2022,x-00005,2021-11-06,t-00011,t-00041,1.0,2.0,7.0,5.0,1.68,4.07,5.46,1692.18969727,1615.00708008,-3,-10,-1,-15,0.0,27,11,1.2,11.6,3.9,3.6,10.8,1.6,0.1,0.6041666666666666,10.645833333333334,3.2291666666666665,4.270833333333333,9.375,1.75,0.08333333333333333,A,0,0,1,0.0,0.0,0.0
2021-2022,x-00005,2021-11-07,t-00031,t-00032,1.0,1.0,5.0,3.0,2.69,3.49,2.76,1755.48327637,1774.01135254,0,1,-3,-2,-3.0,19,35,2.0,9.5,5.5,7.0,12.5,2.0,0.0,2.5,14.0,8.0,4.5,11.0,0.5,0.0,D,0,1,0,0.0,0.0,1.0
2021-2022,x-00005,2021-11-07,t-00002,t-00067,1.0,0.0,6.0,1.0,1.46,4.86,7.41,1857.53588867,1670.43933105,6,-4,3,1,6.0,29,19,1.4558823529411764,11.661764705882353,4.014705882352941,5.294117647058823,9.926470588235293,1.5441176470588236,0.14705882352941177,1.0526315789473684,12.473684210526315,4.473684210526316,4.2105263157894735,11.842105263157896,1.736842105263158,0.05263157894736842,H,1,0,0,3.0,0.0,0.0
2021-2022,x-00005,2021-11-07,t-00025,t-00064,0.0,0.0,2.0,0.0,3.48,3.35,2.31,1752.70605469,1791.24389648,-3,-4,2,-4,-7.0,17,20,2.0,12.0,4.0,4.0,12.0,0.5,0.0,1.5,14.5,5.5,6.5,9.0,0.5,0.0,D,0,1,0,0.0,2.0,2.0
2021-2022,x-00005,2021-11-07,t-00069,t-00033,3.0,2.0,3.0,5.0,4.47,4.4,1.75,1842.0892334,1993.83007812,5,10,2,16,-7.0,29,29,1.0,6.6,3.4,4.2,8.8,2.0,0.0,2.8,16.4,6.8,7.4,7.6,0.0,0.0,H,1,0,0,0.0,1.0,3.0
2021-2022,x-00005,2021-11-20,t-00033,t-00002,4.0,0.0,9.0,3.0,1.55,4.68,6.09,1982.67285156,1860.83227539,9,5,5,-4,12.0,28,28,2.3333333333333335,20.333333333333332,7.666666666666667,7.333333333333333,10.333333333333334,1.3333333333333333,0.0,1.0,3.3333333333333335,2.3333333333333335,2.0,10.333333333333334,2.0,0.0,H,1,0,0,4.0,0.0,0.0
2021-2022,x-00005,2021-11-20,t-00032,t-00018,0.0,3.0,3.0,7.0,5.06,3.81,1.78,1774.2713623,1948.95483398,1,13,0,9,1.0,33,33,1.0,7.0,3.0,5.0,16.0,4.0,0.0,2.0,17.0,6.0,6.0,15.0,2.0,0.0,A,0,0,1,1.0,2.0,1.0
2021-2022,x-00005,2021-11-20,t-00040,t-00011,3.0,3.0,9.0,4.0,2.51,3.45,3.0,1685.27539062,1681.40454102,-5,-4,-6,1,0.0,7,30,1.236842105263158,11.429824561403509,3.8771929824561404,5.2894736842105265,9.18421052631579,1.6491228070175439,0.043859649122807015,1.1818181818181819,12.272727272727273,4.181818181818182,3.8181818181818183,10.909090909090908,1.6363636363636365,0.09090909090909091,D,0,1,0,0.0,0.0,0.0
2021-2022,x-00005,2021-11-20,t-00041,t-00057,2.0,1.0,4.0,5.0,3.53,3.53,2.19,1625.79211426,1718.22485352,-7,1,-7,-3,-3.0,14,15,1.0,12.8,4.8,6.6,13.6,1.8,0.0,2.0,16.6,5.8,6.4,13.8,1.4,0.0,H,1,0,0,0.0,0.0,1.0
2021-2022,x-00005,2021-11-20,t-00003,t-00012,2.0,0.0,5.0,2.0,2.5,3.37,3.08,1723.3795166,1740.40917969,-8,-3,1,2,0.0,18,21,0.0,0.0,0.0,0.0,0.0,0.0,0.0,0.0,0.0,0.0,0.0,0.0,0.0,0.0,H,1,0,0,1.0,0.0,1.0
2021-2022,x-00005,2021-11-20,t-00067,t-00036,4.0,1.0,7.0,3.0,6.58,4.8,1.5,1667.14282227,1890.06103516,-5,-6,-7,3,-1.0,16,21,0.0,15.0,3.0,5.0,14.0,3.0,0.0,3.0,15.0,7.0,4.0,9.0,2.0,0.0,H,1,0,0,1.0,0.0,2.0
2021-2022,x-00005,2021-11-20,t-00014,t-00022,3.0,3.0,9.0,8.0,2.86,3.25,2.74,1701.29504395,1742.67553711,0,4,0,-4,-2.0,19,22,1.030674846625767,10.01840490797546,3.3496932515337425,4.3128834355828225,9.865030674846626,1.7239263803680982,0.006134969325153374,1.3636363636363635,11.090909090909092,3.272727272727273,3.6363636363636362,11.181818181818182,1.7272727272727273,0.0,D,0,1,0,2.0,0.0,2.0
2021-2022,x-00005,2021-11-20,t-00071,t-00069,1.0,0.0,5.0,3.0,3.19,3.32,2.46,1739.28063965,1853.24633789,1,5,-2,7,4.0,17,25,1.0,11.363636363636363,3.6363636363636362,4.636363636363637,11.454545454545455,1.9090909090909092,0.0,1.5789473684210527,11.505263157894737,4.221052631578948,4.6947368421052635,9.589473684210526,1.3789473684210527,0.042105263157894736,H,1,0,0,2.0,0.0,1.0
2021-2022,x-00005,2021-11-21,t-00064,t-00031,2.0,1.0,4.0,7.0,1.61,4.18,6.01,1790.92822266,1755.2232666,-2,1,-3,-4,3.0,16,19,1.5897435897435896,15.743589743589743,5.641025641025641,5.948717948717949,9.743589743589743,1.1538461538461537,0.10256410256410256,1.489795918367347,13.857142857142858,5.0,5.775510204081633,11.326530612244898,1.7346938775510203,0.04081632653061224,H,1,0,0,1.0,0.0,0.0
2021-2022,x-00005,2021-11-21,t-00035,t-00025,3.0,0.0,7.0,1.0,1.2,7.5,16.0,2003.69042969,1753.02172852,5,-5,10,-2,8.0,31,15,1.75,19.75,6.75,9.5,5.75,0.75,0.0,1.0,5.25,2.5,1.0,10.75,1.0,0.0,H,1,0,0,3.0,1.0,0.0
2021-2022,x-00005,2021-11-27,t-00002,t-00040,2.0,0.0,6.0,5.0,1.53,4.52,6.63,1856.64099121,1688.8692627,1,-4,6,-4,10.0,29,14,1.0,17.0,2.0,3.0,13.0,4.0,0.0,1.0,12.0,4.0,8.0,5.0,4.0,0.0,H,1,0,0,4.0,0.0,0.0
2021-2022,x-00005,2021-11-27,t-00041,t-00071,0.0,0.0,4.0,2.0,3.6,3.35,2.24,1639.88220215,1754.11804199,-6,1,-3,2,-1.0,16,19,2.0,14.0,5.0,6.0,8.0,2.0,0.0,3.0,9.0,4.0,7.0,17.0,3.0,0.0,D,0,1,0,0.0,0.0,1.0
2021-2022,x-00005,2021-11-27,t-00022,t-00003,1.0,2.0,3.0,3.0,2.36,3.26,3.43,1746.875,1739.03308105,4,-5,5,-6,2.0,26,20,1.5,11.666666666666666,3.6666666666666665,3.8333333333333335,11.5,1.8333333333333333,0.0,2.0,9.0,5.0,5.0,7.0,3.0,0.0,A,0,0,1,2.0,0.0,0.0
2021-2022,x-00005,2021-11-27,t-00033,t-00057,4.0,0.0,6.0,3.0,1.25,6.75,12.0,2000.03137207,1713.22729492,13,2,7,-2,12.0,33,18,2.2,15.8,5.4,7.6,8.8,1.6,0.0,0.6,12.2,3.4,5.6,8.8,1.6,0.0,H,1,0,0,4.0,0.0,0.0
2021-2022,x-00005,2021-11-27,t-00012,t-00031,0.0,0.0,4.0,4.0,2.23,3.34,3.64,1733.84814453,1753.63391113,-5,-1,-4,-1,2.0,21,22,1.5,12.0,3.5,2.0,13.0,1.0,0.0,0.0,9.0,2.0,7.0,7.0,1.0,0.0,D,0,1,0,1.0,0.0,0.0
2021-2022,x-00005,2021-11-28,t-00018,t-00036,1.0,1.0,6.0,2.0,1.58,4.21,6.44,1968.8638916,1883.04882812,14,-9,11,0,-1.0,31,18,0.0,0.0,0.0,0.0,0.0,0.0,0.0,0.0,0.0,0.0,0.0,0.0,0.0,0.0,D,0,1,0,1.0,2.0,1.0
2021-2022,x-00005,2021-11-28,t-00035,t-00069,2.0,1.0,9.0,3.0,1.27,6.5,11.0,2016.34301758,1851.3026123,8,5,8,4,5.0,35,23,2.2,17.4,6.4,7.4,7.0,0.8,0.0,0.8,5.8,2.0,1.8,8.8,1.2,0.0,H,1,0,0,4.0,0.0,0.0
2021-2022,x-00005,2021-11-28,t-00011,t-00025,1.0,0.0,4.0,5.0,2.29,3.26,3.62,1686.90332031,1753.70983887,-5,-8,-4,-5,0.0,28,14,1.3333333333333333,12.083333333333334,4.166666666666667,3.6666666666666665,10.916666666666666,1.6666666666666667,0.08333333333333333,1.1022727272727273,11.886363636363637,3.840909090909091,4.511363636363637,10.681818181818182,1.4772727272727273,0.056818181818181816,H,1,0,0,0.0,0.0,0.0
2021-2022,x-00005,2021-11-28,t-00032,t-00067,4.0,2.0,8.0,5.0,1.69,4.05,5.33,1772.5213623,1694.00256348,-2,-1,-4,2,6.0,31,22,1.7142857142857142,13.224489795918368,4.928571428571429,5.540816326530612,10.428571428571429,1.2959183673469388,0.05102040816326531,1.1428571428571428,12.571428571428571,4.428571428571429,4.333333333333333,11.952380952380953,1.7619047619047619,0.09523809523809523,H,1,0,0,3.0,0.0,0.0
2021-2022,x-00005,2021-11-30,t-00040,t-00041,1.0,1.0,1.0,6.0,2.09,3.6,3.75,1684.03967285,1642.12145996,-5,-6,-4,-9,0.0,18,17,2.0,14.0,5.0,3.0,11.5,1.5,0.5,1.0,20.0,6.0,9.0,12.5,1.5,0.0,D,0,1,0,0.0,1.0,0.0
2021-2022,x-00005,2021-11-30,t-00031,t-00022,1.0,0.0,3.0,1.0,2.36,3.39,3.31,1754.07421875,1737.70422363,0,3,-3,-1,2.0,26,23,1.4509803921568627,13.882352941176471,5.019607843137255,5.7254901960784315,11.392156862745098,1.803921568627451,0.0392156862745098,1.4615384615384615,11.384615384615385,3.6153846153846154,4.076923076923077,11.538461538461538,1.9230769230769231,0.0,H,1,0,0,1.0,0.0,0.0
2021-2022,x-00005,2021-12-01,t-00003,t-00035,1.0,2.0,3.0,7.0,7.4,4.69,1.48,1748.20373535,2019.78088379,-3,7,1,7,-6.0,18,38,2.0,9.5,4.0,4.0,8.5,3.0,0.0,2.503030303030303,17.75151515151515,6.551515151515152,7.412121212121212,9.151515151515152,1.387878787878788,0.06060606060606061,A,0,0,1,0.0,0.0,2.0
2021-2022,x-00005,2021-12-01,t-00025,t-00033,1.0,4.0,2.0,7.0,9.13,5.18,1.38,1744.81787109,2003.6472168,-8,12,0,12,0.0,17,31,0.75,8.75,4.0,2.0,9.75,0.5,0.0,2.5,14.5,4.25,6.5,6.0,0.5,0.0,A,0,0,1,0.0,4.0,0.0
2021-2022,x-00005,2021-12-01,t-00057,t-00032,2.0,2.0,7.0,6.0,2.42,3.57,3.02,1709.6114502,1779.92565918,-3,-2,1,1,-13.0,16,28,0.75,8.75,4.75,2.75,10.0,1.5,0.5,3.25,17.25,8.5,5.25,11.0,0.5,0.0,D,0,1,0,0.0,1.0,3.0
2021-2022,x-00005,2021-12-01,t-00071,t-00014,0.0,0.0,2.0,1.0,1.88,3.43,4.94,1751.87878418,1706.18823242,0,0,0,-4,-3.0,17,24,0.9230769230769231,11.153846153846153,3.6153846153846154,4.6923076923076925,10.923076923076923,1.8461538461538463,0.0,1.0426829268292683,10.048780487804878,3.3841463414634148,4.304878048780488,9.890243902439025,1.725609756097561,0.006097560975609756,D,0,1,0,1.0,1.0,1.0
2021-2022,x-00005,2021-12-01,t-00069,t-00012,1.0,1.0,6.0,3.0,2.04,3.45,4.49,1847.86474609,1733.40795898,3,-5,0,-1,-3.0,22,22,2.0,12.666666666666666,4.333333333333333,4.0,6.333333333333333,0.6666666666666666,0.0,2.0,14.0,4.0,4.333333333333333,8.0,0.6666666666666666,0.0,D,0,1,0,0.0,3.0,1.0
2021-2022,x-00005,2021-12-01,t-00067,t-00018,1.0,2.0,6.0,4.0,11.04,5.51,1.32,1686.5982666,1965.55627441,2,13,-5,10,1.0,25,36,1.1818181818181819,12.727272727272727,4.454545454545454,4.409090909090909,12.272727272727273,1.6818181818181819,0.09090909090909091,1.75,15.78125,5.75,6.25,10.375,1.0625,0.09375,A,0,0,1,1.0,0.0,2.0
2021-2022,x-00005,2021-12-02,t-00036,t-00002,3.0,2.0,10.0,8.0,2.08,3.76,3.58,1886.35644531,1861.47058105,-7,3,-5,-6,0.0,14,29,1.0,3.0,2.0,2.0,14.0,5.0,0.0,1.4366197183098592,11.774647887323944,4.056338028169014,5.197183098591549,9.845070422535212,1.5492957746478873,0.14084507042253522,H,1,0,0,1.0,2.0,1.0
2021-2022,x-00005,2021-12-02,t-00064,t-00011,2.0,0.0,6.0,2.0,1.69,3.98,5.44,1784.36193848,1695.79528809,-2,-3,-3,1,0.0,12,25,1.6,15.675,5.6,5.9,9.775,1.15,0.1,1.3076923076923077,11.615384615384615,4.153846153846154,3.6153846153846154,10.692307692307692,1.8461538461538463,0.07692307692307693,H,1,0,0,0.0,0.0,0.0
2021-2022,x-00005,2021-12-04,t-00069,t-00018,3.0,2.0,5.0,7.0,4.92,3.65,1.83,1843.80737305,1968.4050293,2,7,0,11,1.0,24,27,0.0,9.0,2.0,4.0,9.0,0.0,1.0,1.0,17.0,6.0,2.0,11.0,4.0,0.0,H,1,0,0,2.0,1.0,1.0
2021-2022,x-00005,2021-12-04,t-00040,t-00014,1.0,0.0,4.0,1.0,2.41,3.49,3.09,1681.86730957,1708.47302246,-5,2,-4,-2,4.0,17,23,0.6666666666666666,11.666666666666666,3.0,5.0,9.666666666666666,1.1666666666666667,0.0,2.3333333333333335,10.5,4.5,5.666666666666667,14.666666666666666,2.3333333333333335,0.0,H,1,0,0,2.0,2.0,0.0
2021-2022,x-00005,2021-12-04,t-00057,t-00012,1.0,1.0,4.0,4.0,2.65,3.23,2.96,1710.62109375,1737.46533203,-3,-2,1,-2,-1.0,19,20,1.5,13.0,4.25,5.0,9.75,1.75,0.0,1.0,10.5,3.75,4.75,10.25,1.0,0.25,D,0,1,0,0.0,3.0,1.0
2021-2022,x-00005,2021-12-04,t-00067,t-00035,1.0,3.0,4.0,13.0,15.0,7.0,1.22,1683.74951172,2022.61254883,-2,5,-4,7,-11.0,23,31,1.173913043478261,12.73913043478261,4.521739130434782,4.478260869565218,12.521739130434783,1.7826086956521738,0.08695652173913043,2.5,17.746987951807228,6.554216867469879,7.433734939759036,9.168674698795181,1.3795180722891567,0.060240963855421686,A,0,0,1,0.0,0.0,3.0
2021-2022,x-00005,2021-12-04,t-00071,t-00033,0.0,1.0,1.0,5.0,9.24,5.16,1.38,1749.59399414,2008.91577148,0,10,1,12,-4.0,15,30,0.8571428571428571,11.5,3.5,4.714285714285714,10.5,1.8571428571428572,0.0,2.2228915662650603,16.156626506024097,6.042168674698795,6.650602409638554,9.22289156626506,1.0602409638554218,0.024096385542168676,A,0,0,1,0.0,0.0,3.0
2021-2022,x-00005,2021-12-05,t-00003,t-00032,2.0,1.0,4.0,5.0,2.4,3.42,3.17,1745.37207031,1778.91601562,-2,-3,0,0,-4.0,17,28,1.6666666666666667,9.333333333333334,3.6666666666666665,4.0,8.333333333333334,2.0,0.0,1.74,13.29,4.97,5.55,10.38,1.3,0.05,H,1,0,0,0.0,0.0,2.0
2021-2022,x-00005,2021-12-05,t-00036,t-00022,1.0,0.0,3.0,2.0,1.54,4.49,6.56,1892.85559082,1731.03076172,-1,2,-7,-2,1.0,20,21,0.0,0.0,0.0,0.0,0.0,0.0,0.0,0.0,0.0,0.0,0.0,0.0,0.0,0.0,H,1,0,0,1.0,1.0,2.0
2021-2022,x-00005,2021-12-05,t-00031,t-00011,2.0,2.0,6.0,3.0,1.83,3.63,4.94,1760.74768066,1688.69140625,1,-4,1,-1,0.0,25,22,1.4423076923076923,13.903846153846153,4.980769230769231,5.75,11.461538461538462,1.8653846153846154,0.038461538461538464,1.2142857142857142,11.214285714285714,4.0,3.7142857142857144,10.714285714285714,1.7142857142857142,0.07142857142857142,D,0,1,0,0.0,0.0,0.0
2021-2022,x-00005,2021-12-05,t-00064,t-00041,3.0,0.0,7.0,1.0,1.48,4.51,7.94,1791.46582031,1644.29382324,-1,1,-2,-8,1.0,14,22,1.6097560975609757,15.560975609756097,5.609756097560975,6.024390243902439,9.853658536585366,1.1219512195121952,0.0975609756097561,1.2555555555555555,12.633333333333333,4.333333333333333,5.433333333333334,11.533333333333333,1.788888888888889,0.06666666666666667,H,1,0,0,1.0,0.0,0.0
2021-2022,x-00005,2021-12-06,t-00025,t-00002,2.0,1.0,5.0,3.0,3.33,3.42,2.31,1739.54931641,1854.97155762,-8,0,-5,-2,-1.0,15,28,1.0888888888888888,11.866666666666667,3.8333333333333335,4.477777777777778,10.655555555555555,1.5222222222222221,0.05555555555555555,1.4444444444444444,11.847222222222221,4.111111111111111,5.236111111111111,9.847222222222221,1.5277777777777777,0.1388888888888889,H,1,0,0,2.0,1.0,1.0
2021-2022,x-00005,2021-12-10,t-00011,t-00067,2.0,1.0,5.0,2.0,2.63,3.45,2.82,1679.31872559,1668.54467773,-2,-3,-2,1,0.0,20,23,1.2666666666666666,11.066666666666666,3.933333333333333,3.533333333333333,10.6,1.8,0.06666666666666667,1.1666666666666667,12.666666666666666,4.5,4.5,12.416666666666666,1.8333333333333333,0.08333333333333333,H,1,0,0,0.0,0.0,0.0
2021-2022,x-00005,2021-12-11,t-00035,t-00071,1.0,0.0,10.0,1.0,1.16,8.25,21.0,2000.61010742,1734.10791016,9,-2,4,0,4.0,41,12,2.502994011976048,17.79640718562874,6.592814371257485,7.455089820359281,9.155688622754491,1.3712574850299402,0.059880239520958084,0.8,10.933333333333334,3.3333333333333335,4.533333333333333,10.066666666666666,1.8666666666666667,0.0,H,1,0,0,2.0,0.0,1.0
2021-2022,x-00005,2021-12-11,t-00033,t-00003,1.0,0.0,5.0,0.0,1.24,6.75,13.0,2004.36425781,1740.89025879,11,2,11,-2,3.0,32,18,2.215568862275449,16.161676646706585,6.0359281437125745,6.658682634730539,9.209580838323353,1.0658682634730539,0.023952095808383235,1.75,10.25,3.75,3.75,8.25,1.75,0.0,H,1,0,0,2.0,0.0,0.0
2021-2022,x-00005,2021-12-11,t-00041,t-00036,0.0,1.0,5.0,5.0,7.48,5.11,1.44,1625.37902832,1876.69555664,-1,-3,-2,-1,-2.0,20,19,1.2417582417582418,12.604395604395604,4.2967032967032965,5.417582417582418,11.45054945054945,1.7912087912087913,0.06593406593406594,1.0,16.0,3.0,9.0,16.0,2.0,0.0,A,0,0,1,0.0,0.0,1.0
2021-2022,x-00005,2021-12-11,t-00018,t-00031,3.0,2.0,6.0,5.0,1.25,6.75,13.0,1940.05908203,1745.33984375,3,0,8,-1,2.0,28,25,0.0,15.0,8.0,5.0,6.0,0.0,0.0,0.0,7.0,4.0,8.0,16.0,3.0,0.0,H,1,0,0,1.0,0.0,0.0
2021-2022,x-00005,2021-12-11,t-00002,t-00057,3.0,0.0,5.0,6.0,1.75,4.1,4.76,1832.36376953,1698.00256348,-3,-4,7,-6,3.0,26,22,2.0,9.333333333333334,4.666666666666667,4.333333333333333,11.0,1.6666666666666667,0.3333333333333333,0.6666666666666666,12.666666666666666,3.6666666666666665,5.0,11.333333333333334,1.3333333333333333,0.3333333333333333,H,1,0,0,2.0,2.0,0.0
2021-2022,x-00005,2021-12-12,t-00014,t-00069,0.0,0.0,1.0,3.0,3.58,3.53,2.16,1688.15759277,1826.58459473,1,0,1,3,4.0,19,20,1.25,8.25,3.25,3.25,6.75,1.5,0.0,0.75,17.75,4.25,6.5,10.0,1.5,0.0,D,0,1,0,2.0,1.0,1.0
2021-2022,x-00005,2021-12-12,t-00022,t-00025,3.0,1.0,6.0,6.0,2.27,3.25,3.66,1715.17370605,1737.37646484,-1,-6,1,-8,-1.0,20,15,1.2666666666666666,11.0,3.3333333333333335,4.2,11.6,2.0,0.0,1.098901098901099,11.857142857142858,3.8461538461538463,4.461538461538462,10.626373626373626,1.5274725274725274,0.054945054945054944,H,1,0,0,0.0,3.0,1.0
2021-2022,x-00005,2021-12-12,t-00032,t-00040,4.0,0.0,5.0,3.0,1.7,4.12,5.06,1753.42028809,1677.40222168,-2,-1,-1,-3,1.0,25,20,2.0,14.666666666666666,4.666666666666667,5.333333333333333,9.0,0.6666666666666666,0.3333333333333333,1.6666666666666667,8.666666666666666,2.6666666666666665,2.6666666666666665,11.333333333333334,2.3333333333333335,0.0,H,1,0,0,1.0,0.0,3.0
2021-2022,x-00005,2021-12-14,t-00035,t-00031,7.0,0.0,15.0,3.0,1.14,9.5,20.0,2002.69152832,1742.34265137,8,-1,5,-2,-1.0,46,25,1.0,26.0,4.5,9.5,12.0,2.0,0.0,1.5,7.0,4.5,5.0,13.0,1.5,0.5,H,1,0,0,0.0,0.0,1.0
2021-2022,x-00005,2021-12-14,t-00041,t-00003,0.0,2.0,3.0,6.0,3.78,3.43,2.14,1622.16870117,1738.86682129,-3,2,-1,-4,-4.0,20,15,1.2282608695652173,12.58695652173913,4.304347826086956,5.445652173913044,11.391304347826088,1.7826086956521738,0.06521739130434782,1.4,9.0,3.0,3.6,7.8,1.8,0.0,A,0,0,1,0.0,0.0,1.0
2021-2022,x-00005,2021-12-15,t-00002,t-00069,2.0,0.0,8.0,1.0,2.3,3.62,3.19,1839.24157715,1823.76916504,-1,-1,8,2,7.0,25,20,2.0,10.666666666666666,4.0,6.0,10.0,0.6666666666666666,0.0,1.3333333333333333,14.333333333333334,4.666666666666667,5.0,13.333333333333334,2.0,0.0,H,1,0,0,4.0,0.0,0.0
2021-2022,x-00005,2021-12-15,t-00012,t-00071,0.0,1.0,2.0,5.0,2.0,3.25,4.6,1725.30334473,1732.02636719,-2,-1,-2,-2,1.0,18,11,1.021978021978022,12.384615384615385,3.78021978021978,5.197802197802198,10.604395604395604,1.4835164835164836,0.0989010989010989,0.75,10.375,3.1875,4.3125,9.75,1.875,0.0625,A,0,0,1,1.0,2.0,0.0
2021-2022,x-00005,2021-12-15,t-00022,t-00057,2.0,2.0,6.0,4.0,2.03,3.49,4.08,1726.03076172,1691.12475586,-1,-8,3,-9,-4.0,20,25,1.375,11.375,3.5,4.4375,11.8125,1.875,0.0,1.2521739130434784,11.991304347826087,4.339130434782609,5.226086956521739,11.460869565217392,1.5043478260869565,0.08695652173913043,D,0,1,0,1.0,0.0,3.0
2021-2022,x-00005,2021-12-16,t-00033,t-00040,3.0,1.0,8.0,2.0,1.1,12.0,27.0,2006.38769531,1667.2010498,13,-5,9,-7,8.0,32,22,3.1666666666666665,17.666666666666668,7.0,6.0,10.0,1.0,0.0,0.16666666666666666,6.833333333333333,1.8333333333333333,3.8333333333333335,7.666666666666667,1.1666666666666667,0.0,H,1,0,0,3.0,1.0,0.0
2021-2022,x-00005,2021-12-16,t-00018,t-00025,1.0,1.0,10.0,3.0,1.23,7.83,16.72,1943.05639648,1726.51953125,4,-8,10,-7,8.0,30,19,1.8,15.657142857142857,5.742857142857143,6.114285714285714,10.485714285714286,1.2,0.08571428571428572,1.0978260869565217,11.858695652173912,3.869565217391304,4.434782608695652,10.66304347826087,1.5326086956521738,0.05434782608695652,D,0,1,0,3.0,1.0,0.0
2021-2022,x-00005,2021-12-18,t-00031,t-00002,1.0,4.0,2.0,12.0,5.58,4.41,1.62,1736.90490723,1848.56677246,-7,5,2,-4,0.0,21,30,1.0,17.0,4.5,5.0,13.0,2.5,0.0,2.0,11.0,3.5,3.5,8.0,0.0,0.5,A,0,0,1,0.0,1.0,0.0
2021-2022,x-00005,2021-12-19,t-00064,t-00033,2.0,2.0,5.0,6.0,5.13,4.4,1.65,1785.60009766,2008.23254395,3,11,4,13,-1.0,17,31,1.0,11.5,3.5,5.5,9.5,1.5,0.0,0.5,13.0,4.5,4.0,9.5,1.0,0.0,D,0,1,0,1.0,0.0,3.0
2021-2022,x-00005,2021-12-19,t-00071,t-00018,0.0,0.0,1.0,1.0,5.74,3.54,1.76,1741.25756836,1936.78686523,-1,1,2,7,-1.0,11,33,0.7647058823529411,10.235294117647058,3.2941176470588234,4.294117647058823,10.0,1.7647058823529411,0.058823529411764705,1.7777777777777777,15.86111111111111,5.861111111111111,6.138888888888889,10.5,1.2222222222222223,0.08333333333333333,D,0,1,0,2.0,0.0,1.0
2021-2022,x-00005,2021-12-19,t-00040,t-00035,0.0,4.0,1.0,7.0,23.5,10.0,1.13,1665.35620117,2008.12927246,-7,12,-3,8,-1.0,15,54,0.6666666666666666,7.166666666666667,2.5,3.5,7.833333333333333,1.5,0.0,2.5,16.5,5.833333333333333,6.5,10.166666666666666,1.6666666666666667,0.16666666666666666,A,0,0,1,1.0,1.0,2.0
2021-2022,x-00005,2021-12-26,t-00003,t-00018,1.0,3.0,1.0,4.0,5.37,3.91,1.71,1747.36157227,1932.59423828,2,1,-2,6,0.0,16,28,1.5,10.333333333333334,3.5,4.666666666666667,8.0,1.6666666666666667,0.0,1.7297297297297298,15.64864864864865,5.72972972972973,6.216216216216216,10.405405405405405,1.2432432432432432,0.08108108108108109,A,0,0,1,1.0,0.0,1.0
2021-2022,x-00005,2021-12-26,t-00064,t-00022,3.0,0.0,6.0,0.0,1.75,3.87,5.14,1790.41418457,1723.92260742,6,-1,3,0,10.0,22,18,1.6511627906976745,15.465116279069768,5.627906976744186,6.023255813953488,9.930232558139535,1.186046511627907,0.09302325581395349,1.411764705882353,11.235294117647058,3.6470588235294117,4.411764705882353,12.058823529411764,1.8823529411764706,0.0,H,1,0,0,4.0,0.0,0.0
2021-2022,x-00005,2021-12-26,t-00041,t-00002,0.0,5.0,2.0,6.0,6.58,4.54,1.53,1613.67407227,1859.12475586,-6,6,-3,-1,0.0,19,36,1.5,11.25,5.25,5.75,12.0,2.5,0.0,0.75,14.0,3.5,6.5,14.75,2.0,0.0,A,0,0,1,0.0,1.0,0.0
2021-2022,x-00005,2021-12-26,t-00035,t-00032,6.0,3.0,9.0,8.0,1.13,10.5,21.0,2012.04003906,1763.62145996,15,2,10,0,4.0,52,27,1.6666666666666667,18.666666666666668,6.833333333333333,6.0,12.0,1.8333333333333333,0.0,1.0,6.666666666666667,2.8333333333333335,2.3333333333333335,8.833333333333334,1.6666666666666667,0.0,H,1,0,0,3.0,0.0,1.0
2021-2022,x-00005,2021-12-26,t-00012,t-00011,2.0,0.0,5.0,6.0,1.99,3.41,4.42,1716.07214355,1686.11474609,-3,0,-4,-3,0.0,15,18,1.0,4.0,2.0,6.0,12.0,2.0,0.0,0.0,7.0,1.0,1.0,9.0,3.0,0.0,H,1,0,0,0.0,0.0,0.0
2021-2022,x-00005,2021-12-26,t-00069,t-00057,2.0,3.0,5.0,6.0,1.98,3.66,4.07,1814.44384766,1693.23291016,-2,-7,2,-7,11.0,18,24,1.5,12.25,5.0,3.25,10.0,0.75,0.25,0.25,11.5,3.25,5.25,11.5,2.5,0.0,A,0,0,1,4.0,0.0,0.0
2021-2022,x-00005,2021-12-27,t-00040,t-00036,1.0,1.0,8.0,4.0,6.28,4.74,1.53,1661.44543457,1879.90588379,-9,0,-6,-1,-3.0,11,23,1.2148760330578512,11.438016528925619,3.8595041322314048,5.256198347107438,9.256198347107437,1.6611570247933884,0.04132231404958678,1.0,14.5,4.0,7.5,16.5,1.5,0.0,D,0,1,0,2.0,0.0,2.0
2021-2022,x-00005,2021-12-28,t-00022,t-00041,3.0,0.0,6.0,3.0,1.78,3.6,5.48,1714.70898438,1606.06555176,-3,-11,3,-9,2.0,15,17,1.3333333333333333,10.833333333333334,3.4444444444444446,4.277777777777778,11.944444444444445,1.8333333333333333,0.05555555555555555,1.202127659574468,12.436170212765957,4.26595744680851,5.4361702127659575,11.414893617021276,1.7872340425531914,0.06382978723404255,H,1,0,0,1.0,0.0,0.0
2021-2022,x-00005,2021-12-28,t-00067,t-00069,1.0,4.0,5.0,6.0,3.59,3.84,2.07,1661.74865723,1802.54101562,-3,-2,-6,-1,-3.0,24,20,1.16,12.4,4.4,4.4,12.64,1.76,0.08,1.5392156862745099,11.42156862745098,4.186274509803922,4.696078431372549,9.568627450980392,1.3431372549019607,0.049019607843137254,A,0,0,1,1.0,0.0,2.0
2021-2022,x-00005,2021-12-28,t-00032,t-00033,1.0,0.0,1.0,4.0,8.27,6.23,1.33,1759.93322754,2003.41845703,2,7,3,8,-4.0,32,31,1.0,6.75,2.75,3.25,9.25,2.0,0.0,2.5,18.0,7.75,8.5,9.25,1.0,0.0,H,1,0,0,1.0,0.0,3.0
2021-2022,x-00005,2021-12-28,t-00057,t-00064,1.0,1.0,2.0,11.0,3.77,3.37,2.17,1705.13586426,1799.62780762,-2,9,2,-5,-1.0,27,28,1.2735042735042734,12.008547008547009,4.35042735042735,5.205128205128205,11.512820512820513,1.5384615384615385,0.08547008547008547,1.6818181818181819,15.5,5.636363636363637,5.9772727272727275,10.068181818181818,1.1818181818181819,0.09090909090909091,D,0,1,0,2.0,1.0,1.0
2021-2022,x-00005,2021-12-29,t-00018,t-00012,1.0,1.0,5.0,6.0,1.35,5.04,11.23,1938.98413086,1725.0612793,2,1,8,-2,7.0,28,18,0.0,7.0,4.0,0.0,8.0,2.0,0.0,0.0,11.0,2.0,3.0,9.0,0.0,1.0,D,0,1,0,3.0,1.0,0.0
2021-2022,x-00005,2021-12-29,t-00011,t-00035,0.0,1.0,2.0,3.0,14.33,8.47,1.19,1677.12573242,2015.72814941,-2,17,-1,12,0.0,20,54,1.2352941176470589,11.529411764705882,4.117647058823529,4.117647058823529,10.647058823529411,2.0,0.058823529411764705,2.5497076023391814,17.906432748538013,6.678362573099415,7.514619883040936,9.140350877192983,1.3801169590643274,0.05847953216374269,A,0,0,1,0.0,0.0,0.0
2021-2022,x-00005,2021-12-30,t-00036,t-00014,3.0,1.0,6.0,3.0,1.39,4.97,9.7,1875.19689941,1690.97314453,3,-1,-5,-3,0.0,24,14,1.0,14.0,4.0,6.333333333333333,13.666666666666666,2.0,0.0,1.0239520958083832,10.017964071856287,3.341317365269461,4.311377245508982,9.886227544910179,1.7305389221556886,0.005988023952095809,H,1,0,0,1.0,2.0,1.0
2021-2022,x-00005,2022-01-01,t-00067,t-00064,0.0,1.0,4.0,9.0,6.01,4.12,1.63,1652.23925781,1798.11376953,-9,8,-4,-2,1.0,22,35,1.1538461538461537,12.461538461538462,4.423076923076923,4.384615384615385,12.615384615384615,1.6923076923076923,0.07692307692307693,1.6666666666666667,15.622222222222222,5.7555555555555555,6.0,9.955555555555556,1.2,0.08888888888888889,A,0,0,1,1.0,2.0,0.0
2021-2022,x-00005,2022-01-01,t-00022,t-00069,2.0,3.0,6.0,5.0,3.56,3.37,2.25,1722.39550781,1812.05029297,1,1,6,-1,0.0,20,20,2.0,9.0,2.0,3.0,7.0,0.0,0.0,2.0,14.0,4.0,5.0,10.0,1.0,0.0,A,0,0,1,1.0,2.0,1.0
2021-2022,x-00005,2022-01-01,t-00002,t-00035,1.0,2.0,2.0,2.0,5.24,4.21,1.68,1866.73327637,2017.76086426,12,16,10,10,-9.0,34,44,0.0,5.5,1.0,2.25,8.75,1.5,0.5,2.5,18.25,7.5,7.0,9.5,2.0,0.0,A,0,0,1,0.0,0.0,4.0
2021-2022,x-00005,2022-01-02,t-00018,t-00033,2.0,2.0,6.0,6.0,2.67,3.58,2.72,1932.70593262,1990.64880371,3,3,1,2,-2.0,26,28,1.0,8.5,4.0,2.5,6.0,1.0,0.5,0.5,15.5,4.0,8.5,11.0,0.0,0.0,D,0,1,0,1.0,1.0,2.0
2021-2022,x-00005,2022-01-02,t-00025,t-00012,2.0,3.0,6.0,5.0,2.91,3.12,2.67,1732.78894043,1731.33947754,-5,1,-6,-2,7.0,21,20,2.0,14.0,5.0,5.0,9.0,2.0,0.0,0.0,14.0,3.0,4.0,7.0,1.0,0.0,A,0,0,1,4.0,0.0,0.0
2021-2022,x-00005,2022-01-02,t-00011,t-00003,2.0,1.0,4.0,5.0,2.95,3.21,2.69,1675.09301758,1740.97167969,-4,-1,-1,-1,0.0,18,14,1.1666666666666667,11.222222222222221,4.0,4.055555555555555,10.722222222222221,1.8888888888888888,0.05555555555555555,1.4285714285714286,10.0,3.142857142857143,4.285714285714286,8.0,1.8571428571428572,0.0,H,1,0,0,0.0,0.0,0.0
2021-2022,x-00005,2022-01-02,t-00031,t-00014,3.0,1.0,7.0,2.0,2.12,3.52,3.73,1726.3470459,1686.56481934,-10,-3,-2,-3,1.0,19,15,2.0,13.0,4.0,5.666666666666667,9.0,1.3333333333333333,0.0,0.3333333333333333,14.0,4.333333333333333,7.666666666666667,12.333333333333334,2.6666666666666665,0.0,H,1,0,0,1.0,0.0,0.0
2021-2022,x-00005,2022-01-03,t-00036,t-00071,0.0,1.0,2.0,6.0,1.74,3.74,5.53,1879.60522461,1745.45031738,5,-1,-3,-2,1.0,28,10,1.5,15.0,4.5,6.5,11.5,1.5,0.0,0.7222222222222222,9.88888888888889,3.1666666666666665,4.277777777777778,9.944444444444445,1.6666666666666667,0.05555555555555555,A,0,0,1,1.0,2.0,0.0
2021-2022,x-00005,2022-01-11,t-00057,t-00011,4.0,1.0,6.0,4.0,2.23,3.33,3.67,1706.64978027,1683.77380371,-2,-1,1,-6,0.0,22,20,1.271186440677966,11.983050847457626,4.330508474576271,5.186440677966102,11.542372881355933,1.5423728813559323,0.09322033898305085,1.2105263157894737,11.157894736842104,4.0,4.0,11.052631578947368,1.894736842105263,0.05263157894736842,H,1,0,0,0.0,0.0,0.0
2021-2022,x-00005,2022-01-12,t-00069,t-00041,2.0,0.0,5.0,3.0,1.4,5.15,8.47,1818.78466797,1598.37902832,1,-14,2,-12,2.0,20,14,2.5,14.25,5.5,3.0,16.0,1.5,0.0,1.0,11.75,3.75,6.0,9.5,1.0,0.25,H,1,0,0,1.0,0.0,0.0
2021-2022,x-00005,2022-01-14,t-00012,t-00022,1.0,1.0,4.0,1.0,2.05,3.4,4.14,1740.6652832,1715.66113281,2,1,-2,-3,0.0,22,24,1.0,8.0,4.0,5.0,10.0,3.0,0.0,1.0,8.0,3.0,6.0,12.0,2.0,0.0,D,0,1,0,1.0,1.0,2.0
2021-2022,x-00005,2022-01-15,t-00071,t-00057,3.0,1.0,5.0,10.0,2.49,3.04,3.44,1757.81799316,1717.91064453,0,1,1,-7,2.0,14,24,1.0,5.0,3.0,5.0,8.0,0.0,0.0,0.0,18.0,6.0,5.0,12.0,0.0,0.0,H,1,0,0,1.0,2.0,0.0
2021-2022,x-00005,2022-01-15,t-00041,t-00025,2.0,1.0,3.0,5.0,3.56,3.37,2.25,1594.72900391,1723.46313477,-13,-5,-7,-7,-1.0,16,22,3.0,15.0,3.0,5.0,7.0,1.0,0.0,0.0,11.0,1.0,4.0,10.0,1.0,0.0,H,1,0,0,0.0,0.0,1.0
2021-2022,x-00005,2022-01-15,t-00003,t-00036,2.0,2.0,9.0,6.0,2.49,3.61,2.91,1732.29089355,1867.23754883,-1,3,-3,1,-5.0,16,20,1.375,10.75,3.375,4.625,8.375,1.875,0.0,1.2,13.8,4.0,5.8,11.0,1.8,0.0,D,0,1,0,0.0,0.0,2.0
2021-2022,x-00005,2022-01-15,t-00035,t-00018,1.0,0.0,6.0,1.0,1.67,4.21,5.35,2022.90905762,1933.25439453,16,2,15,5,7.0,36,26,1.0,15.5,4.0,9.5,11.0,2.0,0.0,1.0,8.5,2.5,3.0,11.0,1.5,0.0,H,1,0,0,3.0,0.0,1.0
2021-2022,x-00005,2022-01-15,t-00040,t-00067,1.0,1.0,1.0,5.0,1.84,3.71,4.61,1666.15429688,1646.89501953,-9,-8,-3,-2,-2.0,18,21,1.2131147540983607,11.450819672131148,3.8934426229508197,5.229508196721311,9.270491803278688,1.6721311475409837,0.040983606557377046,1.1111111111111112,12.222222222222221,4.407407407407407,4.333333333333333,12.37037037037037,1.6296296296296295,0.07407407407407407,D,0,1,0,1.0,1.0,1.0
2021-2022,x-00005,2022-01-16,t-00069,t-00031,2.0,3.0,5.0,5.0,1.69,4.24,5.03,1822.43469238,1734.78125,3,-9,3,-8,2.0,22,23,2.0,18.333333333333332,6.666666666666667,6.333333333333333,8.333333333333334,1.6666666666666667,0.0,0.6666666666666666,15.0,4.666666666666667,5.333333333333333,10.333333333333334,1.6666666666666667,0.0,A,0,0,1,1.0,0.0,0.0
2021-2022,x-00005,2022-01-16,t-00033,t-00011,3.0,0.0,13.0,1.0,1.29,6.25,11.37,1990.1003418,1672.51293945,2,-4,11,-7,0.0,29,21,3.0,16.0,6.0,11.0,7.0,1.0,0.0,3.0,12.0,4.0,2.0,8.0,1.0,0.0,H,1,0,0,0.0,0.0,0.0
2021-2022,x-00005,2022-01-18,t-00012,t-00018,1.0,1.0,2.0,3.0,5.48,3.81,1.72,1738.88415527,1928.34082031,2,1,1,1,-7.0,22,17,0.5,14.5,4.0,5.5,8.0,0.5,0.5,0.5,9.0,4.5,5.0,11.0,3.0,0.0,D,0,1,0,0.0,1.0,3.0
2021-2022,x-00005,2022-01-19,t-00011,t-00036,1.0,3.0,8.0,5.0,4.91,3.91,1.76,1669.94592285,1864.50170898,-8,2,1,-2,0.0,17,23,1.1428571428571428,10.619047619047619,3.857142857142857,3.7142857142857144,10.666666666666666,1.8095238095238095,0.047619047619047616,1.3333333333333333,13.666666666666666,4.333333333333333,5.833333333333333,11.333333333333334,1.8333333333333333,0.0,A,0,0,1,0.0,0.0,0.0
2021-2022,x-00005,2022-01-19,t-00032,t-00064,2.0,3.0,4.0,10.0,3.34,3.5,2.27,1772.70288086,1803.45788574,1,7,2,1,-2.0,25,38,1.7596153846153846,13.163461538461538,4.961538461538462,5.480769230769231,10.471153846153847,1.2980769230769231,0.04807692307692308,1.6521739130434783,15.73913043478261,5.826086956521739,6.021739130434782,9.934782608695652,1.1956521739130435,0.08695652173913043,A,0,0,1,2.0,0.0,2.0
2021-2022,x-00005,2022-01-21,t-00067,t-00041,0.0,3.0,4.0,2.0,2.07,3.54,3.88,1648.51184082,1605.13659668,-7,-11,-4,-7,1.0,20,14,1.1071428571428572,12.428571428571429,4.428571428571429,4.392857142857143,12.392857142857142,1.6428571428571428,0.07142857142857142,1.1855670103092784,12.391752577319588,4.22680412371134,5.453608247422681,11.402061855670103,1.7835051546391754,0.061855670103092786,A,0,0,1,1.0,0.0,0.0
2021-2022,x-00005,2022-01-22,t-00011,t-00071,1.0,2.0,1.0,2.0,2.53,3.07,3.33,1663.94238281,1766.42749023,-8,3,0,-1,0.0,19,18,2.0,9.0,3.0,2.0,7.0,2.0,1.0,0.0,11.0,0.0,4.0,10.0,4.0,0.0,A,0,0,1,0.0,0.0,0.0
2021-2022,x-00005,2022-01-22,t-00057,t-00035,1.0,1.0,3.0,5.0,12.25,6.06,1.3,1709.30114746,2027.82263184,2,10,4,9,-3.0,28,27,0.8333333333333334,7.666666666666667,3.6666666666666665,3.5,8.666666666666666,1.3333333333333333,0.16666666666666666,1.8333333333333333,18.666666666666668,5.333333333333333,9.5,8.333333333333334,1.8333333333333333,0.0,D,0,1,0,1.0,0.0,3.0
2021-2022,x-00005,2022-01-22,t-00036,t-00069,1.0,0.0,3.0,1.0,2.17,3.6,3.52,1870.50524902,1811.29943848,3,4,1,1,6.0,23,26,1.5714285714285714,13.571428571428571,4.428571428571429,6.285714285714286,11.0,1.5714285714285714,0.0,1.5849056603773586,11.471698113207546,4.226415094339623,4.716981132075472,9.61320754716981,1.349056603773585,0.04716981132075472,H,1,0,0,3.0,1.0,0.0
2021-2022,x-00005,2022-01-22,t-00031,t-00040,0.0,1.0,4.0,3.0,1.86,4.06,4.17,1745.91650391,1664.53747559,-8,-10,0,-8,3.0,22,15,1.4827586206896552,13.844827586206897,4.948275862068965,5.5344827586206895,11.413793103448276,1.9827586206896552,0.034482758620689655,1.2113821138211383,11.455284552845528,3.869918699186992,5.219512195121951,9.300813008130081,1.6829268292682926,0.04065040650406504,A,0,0,1,1.0,0.0,0.0
2021-2022,x-00005,2022-01-22,t-00025,t-00003,0.0,1.0,1.0,3.0,2.65,3.63,2.69,1713.05541992,1735.02661133,-3,-2,-6,0,-1.0,25,21,1.3333333333333333,10.0,3.3333333333333335,3.6666666666666665,12.0,2.3333333333333335,0.0,1.4444444444444444,11.0,4.0,4.444444444444445,8.333333333333334,1.7777777777777777,0.0,A,0,0,1,0.0,1.0,1.0
2021-2022,x-00005,2022-01-23,t-00032,t-00012,1.0,1.0,5.0,5.0,2.71,3.39,2.79,1764.52734375,1742.96765137,0,3,3,-1,6.0,23,22,1.6,13.4,4.8,7.4,7.6,1.2,0.0,0.6,9.6,2.6,5.6,11.0,1.4,0.0,D,0,1,0,3.0,1.0,0.0
2021-2022,x-00005,2022-01-23,t-00022,t-00033,1.0,3.0,5.0,7.0,6.26,4.27,1.58,1717.44226074,1992.66748047,-1,4,3,3,-11.0,19,37,0.0,13.0,2.0,5.0,11.0,1.0,0.0,3.0,25.0,10.0,10.0,17.0,3.0,0.0,A,0,0,1,0.0,0.0,4.0
2021-2022,x-00005,2022-01-23,t-00018,t-00064,2.0,0.0,7.0,3.0,1.74,3.89,5.2,1924.25732422,1811.63342285,1,5,1,1,1.0,19,41,1.6904761904761905,15.095238095238095,5.5,6.166666666666667,10.142857142857142,1.3333333333333333,0.07142857142857142,1.6808510638297873,15.97872340425532,5.914893617021277,6.0638297872340425,9.97872340425532,1.2127659574468086,0.0851063829787234,H,1,0,0,2.0,1.0,1.0
2021-2022,x-00005,2022-01-23,t-00002,t-00014,0.0,0.0,5.0,1.0,1.32,5.57,11.9,1861.58496094,1678.13061523,12,-5,7,-5,7.0,33,8,0.5,14.75,3.5,6.75,9.0,1.75,0.25,0.5,13.0,3.0,4.75,8.25,1.25,0.0,D,0,1,0,3.0,0.0,1.0
2021-2022,x-00005,2022-02-05,t-00014,t-00067,0.0,0.0,2.0,5.0,2.22,3.32,3.69,1683.75610352,1630.75598145,-5,-8,1,-1,0.0,8,20,0.8571428571428571,11.285714285714286,3.142857142857143,3.7142857142857144,11.714285714285714,1.4285714285714286,0.0,1.1428571428571428,15.428571428571429,4.142857142857143,6.714285714285714,11.428571428571429,0.5714285714285714,0.0,D,0,1,0,2.0,0.0,1.0
2021-2022,x-00005,2022-02-08,t-00040,t-00025,3.0,1.0,9.0,3.0,2.59,3.44,2.87,1675.47973633,1704.58300781,-5,-5,-3,-7,0.0,15,21,1.5,10.0,3.5,4.0,11.0,2.0,0.0,1.0,20.5,5.5,11.5,7.0,1.5,0.0,H,1,0,0,2.0,0.0,2.0
2021-2022,x-00005,2022-02-08,t-00014,t-00036,1.0,1.0,3.0,5.0,6.65,4.25,1.56,1681.17529297,1875.96435547,-4,4,2,3,-6.0,9,22,1.0,10.0,3.0,5.0,10.0,0.0,0.0,3.0,18.0,6.0,7.0,5.0,0.0,0.0,D,0,1,0,0.0,0.0,4.0
2021-2022,x-00005,2022-02-08,t-00069,t-00067,1.0,0.0,3.0,1.0,1.55,4.32,7.03,1805.84033203,1633.33691406,4,-7,1,-4,2.0,22,23,1.6666666666666667,11.333333333333334,4.0,4.666666666666667,9.0,0.3333333333333333,0.0,1.3333333333333333,7.666666666666667,2.6666666666666665,3.0,12.0,1.3333333333333333,0.3333333333333333,H,1,0,0,2.0,0.0,1.0
2021-2022,x-00005,2022-02-09,t-00035,t-00011,2.0,0.0,7.0,2.0,1.1,11.25,31.0,2021.13269043,1657.44226074,6,-8,13,-10,0.0,25,18,1.0,12.0,3.0,5.0,10.0,0.0,0.0,0.0,6.0,2.0,3.0,12.0,0.0,0.0,H,1,0,0,0.0,0.0,0.0
2021-2022,x-00005,2022-02-09,t-00064,t-00057,2.0,3.0,3.0,10.0,1.57,4.27,6.41,1805.38952637,1715.99108887,3,2,9,-8,7.0,39,27,1.0,21.0,11.0,7.0,5.0,2.0,0.0,1.0,9.0,2.0,3.0,15.0,2.0,1.0,A,0,0,1,4.0,0.0,0.0
2021-2022,x-00005,2022-02-09,t-00041,t-00022,1.0,1.0,1.0,5.0,3.53,3.27,2.31,1622.89257812,1713.45727539,-6,-3,-7,-5,0.0,13,18,0.0,12.0,3.0,8.0,13.0,2.0,0.0,3.0,19.0,6.0,8.0,9.0,1.0,0.0,D,0,1,0,0.0,1.0,0.0
2021-2022,x-00005,2022-02-09,t-00003,t-00031,3.0,3.0,4.0,8.0,1.98,3.71,3.96,1743.49902344,1734.97436523,0,-8,0,-8,-3.0,24,21,1.4,10.7,3.9,4.2,9.1,1.9,0.0,1.4576271186440677,13.830508474576272,4.932203389830509,5.5423728813559325,11.372881355932204,2.016949152542373,0.03389830508474576,D,0,1,0,0.0,0.0,1.0
2021-2022,x-00005,2022-02-10,t-00033,t-00032,2.0,0.0,11.0,1.0,1.2,8.0,14.0,1996.65234375,1762.83776855,4,1,14,-3,5.0,36,23,2.0,18.6,7.0,9.2,9.6,1.0,0.0,1.0,6.6,2.4,2.8,9.0,1.6,0.0,H,1,0,0,3.0,1.0,0.0
2021-2022,x-00005,2022-02-10,t-00071,t-00002,0.0,1.0,4.0,2.0,4.16,3.35,2.05,1772.9276123,1855.95947266,5,9,2,2,1.0,19,33,0.9047619047619048,10.142857142857142,3.3333333333333335,4.285714285714286,9.857142857142858,1.7142857142857142,0.047619047619047616,1.518987341772152,12.189873417721518,4.265822784810126,5.3164556962025316,9.746835443037975,1.5443037974683544,0.13924050632911392,A,0,0,1,2.0,0.0,1.0
2021-2022,x-00005,2022-02-12,t-00025,t-00031,3.0,0.0,10.0,0.0,2.66,3.65,2.67,1693.49462891,1736.44519043,-5,-1,-4,-7,-1.0,18,26,3.0,23.0,11.0,8.0,12.0,0.0,0.0,1.0,8.0,3.0,4.0,9.0,2.0,0.0,H,1,0,0,0.0,0.0,1.0
2021-2022,x-00005,2022-02-12,t-00041,t-00035,0.0,4.0,3.0,9.0,18.5,7.75,1.18,1624.2545166,2022.70605469,-1,5,-7,8,1.0,12,23,0.5,9.25,3.25,3.0,7.75,1.25,0.25,3.25,22.0,8.25,11.0,9.75,0.75,0.5,A,0,0,1,1.0,0.0,0.0
2021-2022,x-00005,2022-02-12,t-00036,t-00057,1.0,1.0,8.0,4.0,1.54,4.61,6.26,1871.76513672,1727.31298828,2,2,4,-3,10.0,21,31,1.4444444444444444,15.0,4.333333333333333,6.333333333333333,10.666666666666666,1.4444444444444444,0.0,1.3032786885245902,12.040983606557377,4.426229508196721,5.221311475409836,11.565573770491802,1.5655737704918034,0.09016393442622951,D,0,1,0,2.0,2.0,0.0
2021-2022,x-00005,2022-02-12,t-00067,t-00012,0.0,2.0,1.0,6.0,4.25,3.45,2.0,1630.04248047,1744.65722656,-5,1,-10,1,-1.0,19,22,1.25,6.75,2.5,3.0,8.75,1.25,0.0,0.75,21.0,6.5,8.25,10.75,1.5,0.25,A,0,0,1,1.0,1.0,1.0
2021-2022,x-00005,2022-02-12,t-00011,t-00022,0.0,0.0,2.0,3.0,3.14,3.28,2.49,1655.86901855,1712.09533691,-11,0,-2,-5,0.0,16,23,0.0,14.0,3.0,5.0,9.0,1.0,0.0,0.0,7.0,2.0,3.0,12.0,3.0,0.0,D,0,1,0,0.0,0.0,0.0
2021-2022,x-00005,2022-02-13,t-00064,t-00071,0.0,2.0,7.0,7.0,1.69,3.78,5.9,1794.06762695,1765.7208252,-1,3,7,2,-1.0,36,18,1.653061224489796,15.612244897959183,5.795918367346939,5.918367346938775,10.0,1.2244897959183674,0.08163265306122448,0.8636363636363636,10.363636363636363,3.3636363636363638,4.409090909090909,9.954545454545455,1.7272727272727273,0.045454545454545456,A,0,0,1,1.0,0.0,2.0
2021-2022,x-00005,2022-02-13,t-00032,t-00069,2.0,2.0,2.0,3.0,3.02,3.62,2.39,1759.65380859,1809.13464355,-5,2,6,1,-2.0,19,19,1.75,10.75,3.5,5.5,10.5,1.75,0.25,2.75,9.25,4.75,5.75,10.5,1.5,0.0,D,0,1,0,1.0,1.0,2.0
2021-2022,x-00005,2022-02-13,t-00014,t-00033,0.0,1.0,5.0,4.0,13.5,7.2,1.22,1685.37451172,1999.83642578,-4,6,2,2,-9.0,11,41,0.7777777777777778,7.666666666666667,3.4444444444444446,3.888888888888889,8.222222222222221,0.6666666666666666,0.0,2.111111111111111,23.0,7.222222222222222,8.88888888888889,8.11111111111111,0.6666666666666666,0.0,A,0,0,1,0.0,0.0,4.0
2021-2022,x-00005,2022-02-13,t-00040,t-00003,1.0,0.0,2.0,1.0,2.83,3.4,2.67,1686.56811523,1742.02819824,-1,-2,-1,2,0.0,22,22,1.224,11.552,3.904,5.24,9.328,1.688,0.04,1.5454545454545454,10.818181818181818,3.909090909090909,4.363636363636363,9.272727272727273,1.8181818181818181,0.09090909090909091,H,1,0,0,0.0,2.0,0.0
2021-2022,x-00005,2022-02-15,t-00036,t-00012,2.0,0.0,7.0,3.0,1.83,3.59,5.0,1866.84350586,1753.6114502,3,3,3,3,5.0,27,22,1.4,14.7,4.7,5.8,10.8,1.7,0.0,1.0505050505050506,12.505050505050505,3.8282828282828283,5.282828282828283,10.494949494949495,1.4545454545454546,0.09090909090909091,H,1,0,0,4.0,0.0,0.0
2021-2022,x-00005,2022-02-19,t-00057,t-00025,2.0,0.0,11.0,0.0,1.99,3.67,3.97,1735.66918945,1710.80859375,2,-2,3,-6,5.0,33,25,2.0,9.333333333333334,4.0,2.0,8.666666666666666,1.0,0.0,2.3333333333333335,11.333333333333334,5.0,6.0,12.0,1.6666666666666667,0.0,H,1,0,0,3.0,0.0,1.0
2021-2022,x-00005,2022-02-19,t-00002,t-00011,2.0,1.0,8.0,2.0,1.52,4.12,7.83,1866.60083008,1659.69030762,8,-8,6,-10,0.0,27,14,0.0,22.0,4.0,5.0,8.0,0.0,0.0,2.0,8.0,3.0,2.0,12.0,0.0,0.0,H,1,0,0,0.0,0.0,0.0
2021-2022,x-00005,2022-02-19,t-00022,t-00018,0.0,1.0,0.0,3.0,6.49,3.91,1.62,1715.14331055,1933.93579102,-3,1,2,0,-4.0,20,22,0.0,4.0,1.0,2.0,11.0,0.0,0.0,3.0,13.0,6.0,5.0,15.0,0.0,0.0,A,0,0,1,1.0,0.0,3.0
2021-2022,x-00005,2022-02-19,t-00035,t-00064,2.0,3.0,4.0,5.0,1.28,6.26,11.17,2032.22094727,1783.29748535,8,-3,14,0,7.0,29,32,1.0,15.0,4.5,6.5,10.5,2.0,0.0,0.0,3.5,1.0,3.0,8.5,0.5,0.0,A,0,0,1,3.0,1.0,0.0
2021-2022,x-00005,2022-02-19,t-00033,t-00041,3.0,1.0,8.0,1.0,1.13,9.55,25.79,2012.26611328,1624.70861816,8,-2,12,-5,3.0,41,12,2.0,17.0,7.0,7.75,13.25,1.5,0.0,2.25,10.25,5.25,2.25,9.5,2.0,0.0,H,1,0,0,1.0,0.0,0.0
2021-2022,x-00005,2022-02-19,t-00003,t-00067,0.0,1.0,1.0,4.0,1.61,4.04,6.2,1737.23803711,1624.52294922,-1,-6,-2,-4,1.0,22,16,1.4166666666666667,10.833333333333334,3.6666666666666665,4.5,9.75,2.0,0.08333333333333333,1.1125827814569536,10.993377483443709,3.589403973509934,4.841059602649007,10.814569536423841,1.5894039735099337,0.039735099337748346,A,0,0,1,1.0,0.0,0.0
2021-2022,x-00005,2022-02-19,t-00012,t-00014,0.0,3.0,1.0,4.0,1.68,3.53,6.76,1750.87939453,1686.36364746,0,-3,1,-5,-2.0,20,13,1.2,14.2,4.4,5.6,10.4,0.4,0.0,0.8,11.6,2.8,6.0,8.2,1.8,0.0,A,0,0,1,0.0,3.0,1.0
2021-2022,x-00005,2022-02-19,t-00069,t-00040,1.0,1.0,3.0,3.0,1.62,4.21,5.8,1812.41784668,1698.22753906,1,4,2,-7,-2.0,17,23,2.6666666666666665,12.0,5.333333333333333,6.333333333333333,8.333333333333334,2.6666666666666665,0.0,1.3333333333333333,12.333333333333334,5.0,4.0,10.333333333333334,2.0,0.0,D,0,1,0,1.0,0.0,3.0
2021-2022,x-00005,2022-02-20,t-00071,t-00032,2.0,1.0,3.0,7.0,2.19,3.27,3.81,1783.36010742,1764.63110352,5,-2,0,-6,1.0,24,13,0.0,17.0,3.0,4.0,10.0,2.0,0.0,1.0,9.0,5.0,5.0,6.0,1.0,0.0,H,1,0,0,1.0,2.0,0.0
2021-2022,x-00005,2022-02-20,t-00031,t-00036,2.0,4.0,6.0,9.0,5.02,4.27,1.68,1726.00036621,1876.44482422,-1,5,-1,3,0.0,24,28,1.459016393442623,13.754098360655737,4.901639344262295,5.590163934426229,11.295081967213115,2.0163934426229506,0.03278688524590164,1.4545454545454546,15.090909090909092,4.909090909090909,6.181818181818182,10.545454545454545,1.8181818181818181,0.0,A,0,0,1,0.0,1.0,0.0
2021-2022,x-00005,2022-02-23,t-00033,t-00031,6.0,0.0,15.0,2.0,1.18,8.5,16.0,2014.65380859,1719.63598633,10,-5,10,-10,1.0,43,23,2.6666666666666665,23.0,7.333333333333333,9.333333333333334,10.666666666666666,1.0,0.0,1.3333333333333333,9.0,4.0,4.0,10.666666666666666,1.3333333333333333,0.3333333333333333,H,1,0,0,1.0,0.0,0.0
2021-2022,x-00005,2022-02-23,t-00014,t-00064,1.0,0.0,4.0,2.0,4.71,3.56,1.88,1706.75134277,1799.09802246,2,-3,-1,1,-3.0,15,28,2.0,7.5,3.5,4.0,10.0,2.0,0.0,2.0,17.5,5.5,5.0,13.5,1.5,1.0,H,1,0,0,1.0,1.0,2.0
2021-2022,x-00005,2022-02-23,t-00067,t-00022,1.0,4.0,1.0,5.0,3.03,3.17,2.66,1637.57507324,1712.18432617,-5,-3,-11,-4,1.0,15,14,1.111842105263158,10.973684210526315,3.5921052631578947,4.842105263157895,10.789473684210526,1.5921052631578947,0.039473684210526314,1.28,10.92,3.52,4.6,11.12,1.72,0.04,A,0,0,1,1.0,2.0,0.0
2021-2022,x-00005,2022-02-24,t-00002,t-00071,2.0,1.0,5.0,2.0,1.68,3.76,6.16,1870.80541992,1791.41040039,6,5,5,4,-1.0,23,21,1.0,12.0,2.0,4.0,13.0,3.0,1.0,0.0,15.0,4.0,7.0,12.0,2.0,0.0,H,1,0,0,0.0,2.0,1.0
2021-2022,x-00005,2022-02-25,t-00057,t-00041,2.0,0.0,9.0,1.0,1.51,4.45,6.93,1746.2322998,1625.22216797,1,-2,5,-7,1.0,38,10,1.8333333333333333,16.666666666666668,5.666666666666667,6.5,13.0,1.5,0.0,1.1666666666666667,12.0,4.666666666666667,6.333333333333333,12.666666666666666,2.0,0.0,H,1,0,0,1.0,0.0,0.0
2021-2022,x-00005,2022-02-26,t-00022,t-00014,1.0,1.0,4.0,1.0,1.92,3.34,4.9,1725.72363281,1716.94458008,0,3,-1,-2,-1.0,18,18,3.0,18.0,8.0,6.0,15.0,3.0,0.0,3.0,15.0,9.0,3.0,14.0,2.0,0.0,D,0,1,0,2.0,0.0,2.0
2021-2022,x-00005,2022-02-26,t-00031,t-00064,0.0,4.0,3.0,11.0,3.79,3.87,2.0,1716.4407959,1790.58166504,-12,-5,-4,0,2.0,20,20,1.0,18.0,7.0,8.0,12.0,4.0,0.0,2.0,13.0,4.0,4.0,11.0,1.0,0.0,A,0,0,1,1.0,0.0,0.0
2021-2022,x-00005,2022-02-26,t-00012,t-00003,0.0,2.0,1.0,4.0,2.26,3.29,3.64,1733.39282227,1727.08691406,-3,-1,-2,0,0.0,17,18,0.0,6.0,2.0,7.0,13.0,3.0,0.0,2.0,9.0,5.0,5.0,7.0,3.0,0.0,A,0,0,1,0.0,2.0,0.0
2021-2022,x-00005,2022-02-26,t-00036,t-00067,0.0,0.0,3.0,2.0,1.39,4.98,9.14,1887.30444336,1625.71252441,5,-5,4,-1,5.0,32,12,1.6666666666666667,15.083333333333334,5.25,5.916666666666667,11.25,1.9166666666666667,0.0,1.1111111111111112,10.954248366013072,3.5751633986928106,4.849673202614379,10.797385620915033,1.5947712418300655,0.0392156862745098,D,0,1,0,3.0,0.0,0.0
2021-2022,x-00005,2022-02-26,t-00025,t-00035,0.0,1.0,2.0,8.0,12.5,6.75,1.25,1703.98510742,2019.32165527,-3,6,-1,10,-8.0,19,31,1.3333333333333333,11.666666666666666,4.666666666666667,4.0,11.0,1.6666666666666667,0.0,2.0,14.666666666666666,4.0,6.0,6.0,1.0,0.3333333333333333,A,0,0,1,0.0,0.0,4.0
2021-2022,x-00005,2022-02-26,t-00011,t-00040,0.0,2.0,1.0,11.0,2.32,3.17,3.6,1658.8807373,1704.40283203,-6,4,-3,-7,0.0,15,18,3.0,10.0,4.0,2.0,11.0,2.0,0.0,3.0,23.0,9.0,8.0,13.0,2.0,0.0,A,0,0,1,0.0,0.0,0.0
2021-2022,x-00005,2022-02-27,t-00069,t-00071,1.0,0.0,4.0,1.0,1.94,3.41,4.64,1809.98217773,1786.54382324,-1,2,1,4,1.0,15,18,0.0,8.0,3.0,3.0,9.0,1.0,0.0,1.0,15.0,5.0,7.0,6.0,1.0,0.0,H,1,0,0,1.0,0.0,2.0
2021-2022,x-00005,2022-03-01,t-00014,t-00032,0.0,2.0,2.0,6.0,2.95,3.31,2.63,1718.43676758,1761.08996582,3,-4,0,-7,1.0,17,19,1.5,11.833333333333334,4.333333333333333,5.0,10.0,1.8333333333333333,0.0,2.0,16.166666666666668,5.0,8.0,9.166666666666666,1.0,0.16666666666666666,A,0,0,1,2.0,1.0,1.0
2021-2022,x-00005,2022-03-05,t-00032,t-00031,1.0,0.0,4.0,4.0,2.14,3.69,3.51,1772.375,1702.17858887,-1,-15,4,-15,-2.0,21,19,0.0,0.0,0.0,0.0,0.0,0.0,0.0,0.0,0.0,0.0,0.0,0.0,0.0,0.0,H,1,0,0,0.0,0.0,1.0
2021-2022,x-00005,2022-03-05,t-00033,t-00069,1.0,0.0,5.0,5.0,1.27,6.5,11.5,2019.52587891,1816.47766113,13,1,15,1,9.0,45,14,2.6666666666666665,16.333333333333332,6.5,6.5,7.333333333333333,0.16666666666666666,0.0,1.3333333333333333,6.666666666666667,3.3333333333333335,4.0,9.166666666666666,1.8333333333333333,0.0,H,1,0,0,4.0,0.0,0.0
2021-2022,x-00005,2022-03-05,t-00071,t-00022,0.0,2.0,5.0,8.0,2.4,3.09,3.55,1780.04821777,1724.23144531,0,2,1,0,2.0,17,17,0.0,4.0,2.0,6.0,13.0,1.0,0.0,2.0,13.0,6.0,4.0,14.0,2.0,0.0,A,0,0,1,2.0,0.0,1.0
2021-2022,x-00005,2022-03-05,t-00014,t-00018,0.0,4.0,1.0,5.0,7.4,4.06,1.55,1707.1517334,1943.1184082,1,2,-2,2,-10.0,16,20,0.5,3.0,1.0,2.0,9.0,2.5,0.0,1.5,22.0,6.0,9.0,6.5,0.5,0.0,A,0,0,1,0.0,0.0,4.0
2021-2022,x-00005,2022-03-05,t-00041,t-00011,1.0,3.0,7.0,6.0,3.22,3.25,2.48,1619.41101074,1647.5925293,-5,-6,-10,-11,0.0,8,8,1.0,7.0,5.0,3.0,15.0,3.0,0.0,1.0,9.0,2.0,2.0,14.0,3.0,0.0,A,0,0,1,0.0,0.0,0.0
2021-2022,x-00005,2022-03-05,t-00040,t-00012,2.0,1.0,4.0,4.0,2.8,3.17,2.86,1715.69104004,1719.8470459,6,-5,-1,1,-4.0,28,16,1.5,10.5,2.5,3.5,10.0,1.5,0.0,1.5,18.5,7.0,8.5,10.0,0.5,0.0,H,1,0,0,0.0,2.0,2.0
2021-2022,x-00005,2022-03-05,t-00003,t-00057,4.0,0.0,9.0,1.0,2.27,3.62,3.32,1740.63269043,1752.04345703,1,5,-2,0,-3.0,13,37,1.3571428571428572,11.357142857142858,3.5,4.714285714285714,10.0,2.142857142857143,0.07142857142857142,1.312,12.224,4.512,5.264,11.536,1.536,0.088,H,1,0,0,0.0,0.0,2.0
2021-2022,x-00005,2022-03-06,t-00067,t-00002,2.0,3.0,7.0,4.0,6.84,4.31,1.55,1632.76672363,1876.36108398,-5,2,-12,7,0.0,9,22,0.6666666666666666,10.0,3.6666666666666665,3.3333333333333335,10.666666666666666,1.6666666666666667,0.0,1.3333333333333333,8.0,3.6666666666666665,6.0,13.0,1.6666666666666667,0.3333333333333333,A,0,0,1,1.0,1.0,1.0
2021-2022,x-00005,2022-03-06,t-00035,t-00036,4.0,1.0,10.0,2.0,1.43,5.06,7.66,2021.68591309,1880.25024414,6,4,12,4,-2.0,33,32,2.5139664804469275,17.8268156424581,6.625698324022347,7.5418994413407825,9.094972067039107,1.3519553072625698,0.055865921787709494,1.5384615384615385,15.615384615384615,5.076923076923077,5.769230769230769,10.538461538461538,1.7692307692307692,0.0,H,1,0,0,1.0,0.0,3.0
2021-2022,x-00005,2022-03-07,t-00064,t-00025,5.0,0.0,7.0,0.0,1.77,3.83,5.05,1804.84375,1701.62084961,1,-3,3,-7,4.0,28,16,1.6603773584905661,15.377358490566039,5.830188679245283,5.849056603773585,9.981132075471699,1.2830188679245282,0.07547169811320754,1.7377049180327868,15.327868852459016,5.524590163934426,6.163934426229508,10.770491803278688,1.6065573770491803,0.01639344262295082,H,1,0,0,2.0,1.0,1.0
2021-2022,x-00005,2022-03-10,t-00041,t-00018,1.0,3.0,3.0,7.0,10.58,4.98,1.36,1607.07800293,1950.14697266,-10,6,-10,6,-1.0,13,19,1.0,12.0,4.5,6.5,11.0,3.5,0.0,2.0,17.5,5.5,6.5,11.5,2.0,0.5,A,0,0,1,0.0,0.0,1.0
2021-2022,x-00005,2022-03-10,t-00071,t-00067,4.0,0.0,5.0,0.0,1.97,3.44,4.44,1764.58459473,1628.96276855,-1,-5,0,0,0.0,18,15,0.8888888888888888,10.444444444444445,3.4074074074074074,4.555555555555555,9.925925925925926,1.6296296296296295,0.037037037037037035,1.1096774193548387,10.961290322580645,3.587096774193548,4.812903225806451,10.735483870967743,1.5806451612903225,0.03870967741935484,H,1,0,0,1.0,0.0,1.0
2021-2022,x-00005,2022-03-10,t-00057,t-00040,1.0,2.0,5.0,4.0,1.92,3.64,4.41,1737.38757324,1722.52001953,1,6,7,-3,1.0,35,29,2.0,21.0,7.0,6.333333333333333,9.0,1.6666666666666667,0.0,2.0,8.666666666666666,3.6666666666666665,6.666666666666667,10.0,2.0,0.0,A,0,0,1,1.0,2.0,1.0
2021-2022,x-00005,2022-03-10,t-00031,t-00003,0.0,3.0,1.0,9.0,2.86,3.63,2.51,1696.77600098,1754.61828613,-16,4,-8,3,-1.0,15,19,0.0,19.0,4.0,10.0,12.0,2.0,0.0,1.5333333333333334,11.533333333333333,3.8666666666666667,4.666666666666667,10.0,2.066666666666667,0.06666666666666667,A,0,0,1,0.0,0.0,1.0
2021-2022,x-00005,2022-03-12,t-00011,t-00014,2.0,0.0,4.0,1.0,2.14,3.37,3.88,1660.15441895,1700.35192871,-3,-2,-4,-1,0.0,13,12,1.0,12.0,5.0,2.0,10.0,1.0,0.0,3.0,15.0,6.0,4.0,7.0,1.0,0.0,H,1,0,0,0.0,0.0,0.0
2021-2022,x-00005,2022-03-12,t-00036,t-00064,3.0,2.0,6.0,3.0,2.39,3.54,3.12,1874.3137207,1815.51391602,1,7,2,3,-6.0,29,32,1.5,14.857142857142858,4.857142857142857,5.571428571428571,10.785714285714286,1.7142857142857142,0.0,1.7222222222222223,15.351851851851851,5.851851851851852,5.833333333333333,10.074074074074074,1.2962962962962963,0.07407407407407407,H,1,0,0,2.0,0.0,2.0
2021-2022,x-00005,2022-03-12,t-00012,t-00033,0.0,2.0,3.0,9.0,6.88,4.63,1.51,1713.24707031,2020.84411621,-6,12,-3,2,-7.0,15,43,1.2,11.4,4.0,4.2,7.4,1.0,0.0,1.6,13.0,4.2,5.6,10.2,1.6,0.2,A,0,0,1,0.0,1.0,3.0
2021-2022,x-00005,2022-03-13,t-00057,t-00067,1.0,2.0,7.0,5.0,1.68,4.05,5.48,1728.82983398,1621.68688965,-1,-7,6,-4,-1.0,30,14,1.4,12.8,5.2,7.6,13.6,1.6,0.0,0.8,8.4,2.4,5.4,10.8,2.0,0.2,A,0,0,1,1.0,1.0,1.0
2021-2022,x-00005,2022-03-13,t-00031,t-00041,2.0,1.0,7.0,4.0,1.62,4.38,5.62,1684.7824707,1605.10498047,-16,-12,-8,-6,0.0,16,15,0.0,11.5,2.5,6.5,14.5,3.5,0.0,1.1730769230769231,12.115384615384615,4.115384615384615,5.346153846153846,11.278846153846153,1.7307692307692308,0.057692307692307696,H,1,0,0,0.0,0.0,0.0
2021-2022,x-00005,2022-03-13,t-00069,t-00003,2.0,1.0,4.0,7.0,2.58,3.31,3.01,1810.7722168,1768.41015625,1,7,3,4,1.0,18,24,1.5446428571428572,11.392857142857142,4.169642857142857,4.678571428571429,9.419642857142858,1.3571428571428572,0.044642857142857144,1.625,11.75,4.1875,4.6875,10.0625,2.125,0.0625,H,1,0,0,1.0,1.0,0.0
2021-2022,x-00005,2022-03-13,t-00018,t-00040,1.0,0.0,3.0,2.0,1.41,4.94,8.76,1953.91845703,1732.87597656,9,5,3,2,6.0,25,24,1.7608695652173914,14.869565217391305,5.5,6.1521739130434785,10.543478260869565,1.3695652173913044,0.06521739130434782,1.2384615384615385,11.63076923076923,3.9384615384615387,5.230769230769231,9.361538461538462,1.6923076923076923,0.038461538461538464,H,1,0,0,4.0,0.0,0.0
2021-2022,x-00005,2022-03-13,t-00002,t-00032,2.0,0.0,8.0,3.0,1.45,4.78,7.92,1880.3939209,1784.44018555,4,0,3,-5,2.0,24,20,1.5,11.0,5.0,8.0,9.25,1.25,0.25,0.75,10.75,4.5,3.25,11.5,2.25,0.0,H,1,0,0,2.0,1.0,1.0
2021-2022,x-00005,2022-03-13,t-00025,t-00071,0.0,1.0,2.0,3.0,2.33,3.1,3.69,1692.07885742,1773.65893555,-7,1,1,2,0.0,15,16,1.7096774193548387,15.17741935483871,5.435483870967742,6.096774193548387,10.758064516129032,1.5806451612903225,0.016129032258064516,1.0,10.428571428571429,3.4642857142857144,4.571428571428571,9.964285714285714,1.6428571428571428,0.03571428571428571,A,0,0,1,2.0,0.0,1.0
2021-2022,x-00005,2022-03-14,t-00022,t-00035,0.0,0.0,1.0,4.0,9.88,5.58,1.34,1739.9239502,2029.66955566,4,9,-1,7,-6.0,20,38,2.0,8.0,3.0,1.0,11.0,3.0,0.0,0.0,14.0,3.0,7.0,11.0,2.0,1.0,D,0,1,0,0.0,1.0,3.0
2021-2022,x-00005,2022-03-16,t-00002,t-00033,0.0,2.0,2.0,3.0,3.75,3.6,2.09,1882.7767334,2020.31091309,6,12,3,4,-2.0,27,41,0.75,3.75,2.5,1.75,10.75,1.5,0.0,2.75,20.0,8.0,7.0,11.5,1.5,0.0,A,0,0,1,1.0,2.0,1.0
2021-2022,x-00005,2022-03-16,t-00012,t-00064,0.0,2.0,0.0,7.0,3.79,3.49,2.12,1705.65087891,1805.98413086,-10,8,-7,1,3.0,12,28,1.0096153846153846,12.442307692307692,3.7596153846153846,5.288461538461538,10.576923076923077,1.4807692307692308,0.09615384615384616,1.7272727272727273,15.254545454545454,5.8,5.818181818181818,10.018181818181818,1.290909090909091,0.07272727272727272,A,0,0,1,2.0,1.0,1.0
2021-2022,x-00005,2022-03-17,t-00025,t-00040,1.0,0.0,3.0,6.0,2.41,3.31,3.28,1681.61499023,1727.07092285,-6,3,-1,3,-1.0,14,24,1.0,17.333333333333332,4.666666666666667,8.333333333333334,9.0,2.0,0.0,2.0,13.333333333333334,5.333333333333333,4.666666666666667,11.666666666666666,2.0,0.0,H,1,0,0,1.0,2.0,1.0
2021-2022,x-00005,2022-03-18,t-00071,t-00031,2.0,3.0,8.0,6.0,2.29,3.38,3.47,1782.53869629,1691.48474121,1,-13,4,-9,1.0,16,17,1.0,10.551724137931034,3.4482758620689653,4.482758620689655,10.0,1.6206896551724137,0.034482758620689655,0.6666666666666666,12.0,4.0,6.333333333333333,15.666666666666666,3.3333333333333335,0.0,A,0,0,1,1.0,0.0,0.0
2021-2022,x-00005,2022-03-19,t-00003,t-00002,0.0,1.0,1.0,3.0,2.96,3.42,2.55,1764.28552246,1880.68188477,7,3,1,9,2.0,30,27,1.588235294117647,11.823529411764707,4.352941176470588,4.823529411764706,9.647058823529411,2.0,0.058823529411764705,1.5294117647058822,12.6,4.305882352941176,5.305882352941176,9.75294117647059,1.5176470588235293,0.1411764705882353,A,0,0,1,2.0,0.0,0.0
2021-2022,x-00005,2022-03-20,t-00032,t-00011,2.0,1.0,4.0,6.0,2.13,3.55,3.68,1780.80786133,1673.4432373,0,1,1,-7,0.0,22,15,2.0,10.0,6.0,2.0,7.0,1.0,0.0,1.0,15.0,5.0,9.0,13.0,1.0,0.0,H,1,0,0,0.0,0.0,0.0
2021-2022,x-00005,2022-03-20,t-00064,t-00069,3.0,1.0,4.0,1.0,1.73,3.86,5.32,1821.14306641,1833.18762207,9,1,5,2,1.0,30,19,0.5,21.0,4.0,6.5,8.5,0.5,0.0,1.0,5.0,2.0,5.0,10.5,3.5,0.0,H,1,0,0,1.0,2.0,1.0
2021-2022,x-00005,2022-04-02,t-00012,t-00041,0.0,0.0,4.0,0.0,1.52,4.33,7.16,1701.96887207,1601.75012207,-10,-9,-9,-4,2.0,9,16,1.0,15.75,4.75,5.0,15.5,2.0,0.5,1.0,12.75,4.0,6.25,9.75,2.25,0.0,D,0,1,0,1.0,0.0,0.0
2021-2022,x-00005,2022-04-02,t-00036,t-00032,1.0,1.0,5.0,3.0,1.56,4.76,5.69,1868.27539062,1785.12402344,2,1,4,-6,3.0,27,24,1.6,14.533333333333333,4.933333333333334,5.466666666666667,10.6,1.7333333333333334,0.0,1.7168141592920354,13.097345132743364,4.884955752212389,5.477876106194691,10.345132743362832,1.3008849557522124,0.04424778761061947,D,0,1,0,3.0,0.0,1.0
2021-2022,x-00005,2022-04-02,t-00031,t-00057,1.0,1.0,3.0,6.0,2.5,3.63,2.86,1703.09399414,1718.69799805,-6,-2,-9,-4,3.0,21,33,1.25,12.75,4.5,6.0,15.25,3.5,0.0,1.296875,12.234375,4.5078125,5.375,11.4375,1.5390625,0.0859375,D,0,1,0,1.0,0.0,0.0
2021-2022,x-00005,2022-04-02,t-00018,t-00011,1.0,4.0,8.0,6.0,1.4,4.77,9.59,1960.76000977,1669.1270752,10,0,3,-5,0.0,25,19,1.0,5.0,1.0,5.0,8.0,1.0,0.0,0.0,17.0,7.0,5.0,13.0,1.0,0.0,A,0,0,1,0.0,0.0,0.0
2021-2022,x-00005,2022-04-02,t-00014,t-00035,0.0,2.0,1.0,6.0,16.5,7.3,1.2,1690.41064453,2025.20727539,-7,7,-6,6,-6.0,9,35,0.2222222222222222,4.888888888888889,0.8888888888888888,2.2222222222222223,6.444444444444445,1.5555555555555556,0.0,3.111111111111111,19.0,7.444444444444445,6.333333333333333,8.444444444444445,1.1111111111111112,0.0,A,0,0,1,0.0,1.0,3.0
2021-2022,x-00005,2022-04-02,t-00071,t-00003,2.0,1.0,5.0,5.0,3.16,3.09,2.62,1770.92956543,1758.21081543,1,7,1,4,0.0,22,30,1.0333333333333334,10.666666666666666,3.6,4.4,10.1,1.6,0.06666666666666667,1.5,11.61111111111111,4.166666666666667,4.888888888888889,9.833333333333334,2.0555555555555554,0.05555555555555555,H,1,0,0,1.0,0.0,1.0
2021-2022,x-00005,2022-04-02,t-00033,t-00067,2.0,0.0,3.0,2.0,1.17,8.5,18.0,2033.8828125,1635.16625977,13,-7,14,-3,12.0,40,15,3.2857142857142856,16.714285714285715,6.428571428571429,7.571428571428571,8.857142857142858,0.8571428571428571,0.14285714285714285,0.7142857142857143,7.428571428571429,3.0,4.0,6.571428571428571,1.0,0.14285714285714285,H,1,0,0,3.0,0.0,0.0
2021-2022,x-00005,2022-04-03,t-00064,t-00040,5.0,1.0,6.0,1.0,1.56,4.33,6.45,1831.21984863,1723.85925293,12,2,7,1,1.0,32,27,0.5,19.5,5.0,6.5,5.0,0.5,0.0,1.5,9.0,3.0,5.0,8.5,1.0,0.0,H,1,0,0,2.0,1.0,1.0
2021-2022,x-00005,2022-04-03,t-00069,t-00025,2.0,1.0,5.0,2.0,1.79,3.84,4.87,1823.11083984,1694.68969727,-1,-8,2,-10,-1.0,17,7,1.5,8.0,2.0,3.0,8.0,1.0,0.0,2.5,14.0,6.5,4.0,10.0,0.5,0.0,H,1,0,0,1.0,1.0,2.0
2021-2022,x-00005,2022-04-04,t-00022,t-00002,3.0,0.0,5.0,3.0,4.15,3.35,2.07,1747.73364258,1886.7565918,4,3,-4,11,-3.0,18,22,2.0,9.0,6.0,4.0,4.0,1.0,0.0,2.0,17.0,6.0,6.0,7.0,1.0,0.0,H,1,0,0,0.0,2.0,2.0
2021-2022,x-00005,2022-04-06,t-00014,t-00025,3.0,2.0,4.0,4.0,2.59,3.09,3.2,1688.47949219,1691.72827148,-10,-7,-8,-11,-2.0,6,9,0.6666666666666666,8.333333333333334,2.3333333333333335,3.6666666666666665,7.0,2.3333333333333335,0.0,3.3333333333333335,16.0,8.0,6.666666666666667,10.0,0.6666666666666666,0.0,H,1,0,0,2.0,1.0,1.0
2021-2022,x-00005,2022-04-08,t-00040,t-00071,1.0,0.0,4.0,2.0,2.0,3.41,4.47,1711.14465332,1773.89978027,-4,3,4,2,-1.0,17,26,1.218045112781955,11.609022556390977,3.917293233082707,5.203007518796992,9.406015037593985,1.7067669172932332,0.03759398496240601,1.064516129032258,10.67741935483871,3.6451612903225805,4.387096774193548,10.258064516129032,1.6774193548387097,0.06451612903225806,H,1,0,0,0.0,2.0,1.0
2021-2022,x-00005,2022-04-09,t-00002,t-00012,1.0,2.0,4.0,3.0,1.64,3.88,6.43,1864.5592041,1694.31420898,-1,-7,2,0,3.0,20,12,1.0,12.0,4.0,6.75,6.75,0.5,0.0,0.5,12.0,2.5,6.5,10.0,1.5,0.0,A,0,0,1,2.0,1.0,1.0
2021-2022,x-00005,2022-04-09,t-00025,t-00036,1.0,0.0,3.0,4.0,4.09,3.88,1.92,1679.70703125,1861.04614258,-7,0,1,1,0.0,11,25,1.6666666666666667,14.954545454545455,5.2727272727272725,6.03030303030303,10.924242424242424,1.5909090909090908,0.06060606060606061,1.5625,14.3125,4.9375,5.5,10.75,1.75,0.0,H,1,0,0,1.0,1.0,2.0
2021-2022,x-00005,2022-04-09,t-00057,t-00018,0.0,6.0,1.0,14.0,3.93,3.56,2.05,1715.66931152,1919.12915039,-4,5,2,6,-7.0,28,26,1.0,5.0,1.5,2.5,11.5,2.0,0.5,2.0,14.5,6.0,6.5,10.5,1.0,0.0,A,0,0,1,0.0,1.0,3.0
2021-2022,x-00005,2022-04-09,t-00067,t-00031,0.0,3.0,1.0,5.0,2.91,3.45,2.57,1630.07067871,1698.56115723,-6,-2,-10,-9,0.0,16,21,1.1012658227848102,10.89873417721519,3.5632911392405062,4.772151898734177,10.721518987341772,1.5822784810126582,0.0379746835443038,1.2,12.6,4.2,5.6,15.0,3.0,0.0,A,0,0,1,0.0,0.0,0.0
2021-2022,x-00005,2022-04-09,t-00003,t-00064,0.0,4.0,8.0,5.0,3.47,3.59,2.2,1747.67895508,1836.3729248,4,12,2,5,-3.0,31,27,1.4736842105263157,11.789473684210526,4.2105263157894735,5.105263157894737,9.736842105263158,2.1052631578947367,0.05263157894736842,1.8103448275862069,15.379310344827585,5.793103448275862,5.689655172413793,9.948275862068966,1.293103448275862,0.06896551724137931,A,0,0,1,0.0,0.0,2.0
2021-2022,x-00005,2022-04-10,t-00032,t-00022,2.0,1.0,3.0,3.0,2.53,3.29,3.1,1782.31494141,1762.36950684,2,8,1,5,-2.0,20,23,2.0,9.0,5.0,3.0,11.0,3.0,0.0,2.0,18.0,4.0,1.0,15.0,2.0,0.0,H,1,0,0,2.0,0.0,2.0
2021-2022,x-00005,2022-04-10,t-00035,t-00033,2.0,2.0,5.0,4.0,1.98,3.82,3.9,2026.12072754,2033.44763184,5,13,8,7,10.0,32,35,2.4444444444444446,10.88888888888889,4.0,4.888888888888889,10.11111111111111,2.5555555555555554,0.0,1.3333333333333333,9.666666666666666,3.888888888888889,3.2222222222222223,9.666666666666666,1.6666666666666667,0.1111111111111111,D,0,1,0,3.0,1.0,0.0
2021-2022,x-00005,2022-04-10,t-00011,t-00069,2.0,0.0,7.0,1.0,2.77,3.35,2.76,1692.33349609,1820.77099609,4,0,-3,-3,0.0,23,19,2.0,13.0,6.0,6.0,13.0,3.0,0.0,1.0,18.0,5.0,11.0,16.0,2.0,0.0,H,1,0,0,0.0,0.0,0.0
2021-2022,x-00005,2022-04-10,t-00041,t-00014,2.0,0.0,6.0,4.0,3.23,3.42,2.38,1601.84313965,1690.68127441,-7,-9,-7,-1,-2.0,15,9,1.5,18.0,6.5,6.5,11.0,0.75,0.0,1.5,11.5,3.25,3.5,15.75,1.75,0.0,H,1,0,0,0.0,0.0,1.0
2021-2022,x-00005,2022-04-16,t-00036,t-00041,3.0,2.0,9.0,4.0,1.29,6.35,9.95,1859.1015625,1624.59277344,-3,-3,3,-2,4.0,20,20,1.0,13.0,5.0,6.0,17.0,1.0,0.0,0.0,11.0,5.0,8.0,6.0,1.0,0.0,H,1,0,0,1.0,0.0,0.0
2021-2022,x-00005,2022-04-16,t-00057,t-00002,1.0,0.0,3.0,6.0,4.08,3.79,1.94,1714.90209961,1860.63757324,-12,-3,-4,5,-3.0,20,20,0.5,12.25,4.25,5.75,10.75,1.0,0.25,2.25,10.75,4.75,5.5,9.5,1.75,0.25,H,1,0,0,1.0,1.0,2.0
2021-2022,x-00005,2022-04-16,t-00064,t-00012,0.0,1.0,0.0,5.0,1.51,4.56,6.92,1859.45385742,1717.13818359,11,-4,8,0,5.0,25,14,2.0,17.0,7.0,3.0,9.0,2.0,0.0,0.0,15.0,0.0,6.0,11.0,2.0,0.0,A,0,0,1,4.0,0.0,0.0
2021-2022,x-00005,2022-04-16,t-00067,t-00011,1.0,2.0,4.0,5.0,2.94,3.39,2.58,1626.79333496,1716.37109375,-9,8,-12,1,0.0,15,29,1.0943396226415094,10.880503144654089,3.547169811320755,4.761006289308176,10.70440251572327,1.5849056603773586,0.03773584905660377,1.21875,10.90625,3.9375,3.90625,9.90625,1.65625,0.0625,A,0,0,1,0.0,0.0,0.0
2021-2022,x-00005,2022-04-17,t-00069,t-00014,1.0,1.0,8.0,1.0,1.81,3.8,4.84,1830.65515137,1686.83398438,-3,-9,4,-1,-1.0,16,11,0.0,0.0,0.0,0.0,0.0,0.0,0.0,0.0,0.0,0.0,0.0,0.0,0.0,0.0,D,0,1,0,2.0,0.0,2.0
2021-2022,x-00005,2022-04-17,t-00040,t-00032,2.0,1.0,7.0,2.0,2.06,3.56,3.9,1729.22790527,1809.31616211,-4,1,5,-3,-7.0,17,17,1.25,9.5,2.75,3.5,12.5,2.5,0.0,2.5,13.0,4.75,5.0,9.0,1.0,0.25,H,1,0,0,0.0,0.0,4.0
2021-2022,x-00005,2022-04-19,t-00033,t-00036,4.0,0.0,5.0,1.0,1.34,5.78,9.17,2044.28344727,1861.46984863,7,-2,13,0,4.0,24,26,2.2131147540983607,16.360655737704917,6.114754098360656,6.693989071038251,9.240437158469945,1.0874316939890711,0.0273224043715847,1.5555555555555556,14.5,5.111111111111111,5.611111111111111,10.5,1.6666666666666667,0.0,H,1,0,0,2.0,2.0,0.0
2021-2022,x-00005,2022-04-20,t-00018,t-00002,2.0,4.0,2.0,4.0,1.96,3.52,4.36,1940.48571777,1849.98486328,10,-6,0,-1,0.0,37,18,1.0,20.5,5.0,8.5,5.5,0.0,0.0,0.5,5.5,2.5,5.0,8.0,2.0,0.0,A,0,0,1,1.0,2.0,1.0
2021-2022,x-00005,2022-04-20,t-00035,t-00012,3.0,0.0,5.0,1.0,1.23,6.5,16.0,2037.49267578,1729.85900879,6,-2,5,1,9.0,33,15,3.2,17.6,7.6,6.4,6.8,1.4,0.2,0.8,8.6,2.8,3.8,9.6,1.8,0.0,H,1,0,0,4.0,0.0,0.0
2021-2022,x-00005,2022-04-20,t-00040,t-00022,1.0,0.0,4.0,2.0,2.32,3.24,3.54,1738.20605469,1765.35107422,-4,4,6,4,0.0,20,21,1.2222222222222223,11.644444444444444,3.9407407407407407,5.155555555555556,9.385185185185184,1.7037037037037037,0.037037037037037035,1.3870967741935485,10.548387096774194,3.6774193548387095,4.419354838709677,10.612903225806452,1.6451612903225807,0.03225806451612903,H,1,0,0,2.0,0.0,2.0
2021-2022,x-00005,2022-04-20,t-00025,t-00032,1.0,1.0,3.0,3.0,2.67,3.31,2.9,1700.55407715,1800.3380127,-1,-1,3,-2,1.0,14,15,1.0,10.0,4.333333333333333,4.333333333333333,13.0,2.0,0.0,1.6666666666666667,11.333333333333334,4.333333333333333,5.0,12.333333333333334,1.0,0.0,D,0,1,0,2.0,1.0,1.0
2021-2022,x-00005,2022-04-21,t-00014,t-00057,2.0,0.0,6.0,3.0,2.7,3.35,2.8,1691.70507812,1725.55480957,-5,-7,-6,-5,2.0,11,22,1.0,9.0,1.0,4.0,10.0,2.0,0.0,1.282442748091603,12.16030534351145,4.480916030534351,5.374045801526718,11.358778625954198,1.534351145038168,0.08396946564885496,H,1,0,0,1.0,2.0,1.0
2021-2022,x-00005,2022-04-23,t-00002,t-00036,3.0,1.0,7.0,5.0,2.06,3.68,3.75,1866.11682129,1855.30944824,-2,-3,1,-6,2.0,20,25,1.511111111111111,12.777777777777779,4.288888888888889,5.311111111111111,9.8,1.5444444444444445,0.13333333333333333,1.4736842105263157,13.842105263157896,4.894736842105263,5.421052631578948,10.263157894736842,1.6842105263157894,0.0,H,1,0,0,2.0,1.0,1.0
2021-2022,x-00005,2022-04-23,t-00011,t-00064,0.0,0.0,2.0,0.0,4.93,3.99,1.75,1723.25952148,1846.73303223,7,11,1,8,0.0,28,22,0.0,6.0,2.0,5.0,11.0,0.0,0.0,2.0,11.0,6.0,11.0,13.0,0.0,0.0,D,0,1,0,0.0,0.0,0.0
2021-2022,x-00005,2022-04-23,t-00032,t-00003,0.0,0.0,2.0,3.0,3.05,3.39,2.5,1798.66638184,1743.50036621,1,-4,3,2,3.0,15,30,1.0,12.0,5.0,6.0,25.0,1.0,0.0,2.0,13.0,4.0,3.0,8.0,1.0,0.0,D,0,1,0,1.0,0.0,1.0
2021-2022,x-00005,2022-04-23,t-00041,t-00040,0.0,3.0,2.0,7.0,3.54,3.38,2.25,1622.22436523,1745.89538574,-2,-2,-6,-3,2.0,17,22,1.0,18.666666666666668,6.0,7.666666666666667,12.0,1.0,0.3333333333333333,1.6666666666666667,12.333333333333334,3.6666666666666665,2.6666666666666665,10.333333333333334,1.0,0.3333333333333333,A,0,0,1,1.0,0.0,0.0
2021-2022,x-00005,2022-04-23,t-00035,t-00067,5.0,1.0,8.0,2.0,1.13,9.5,26.0,2040.34106445,1619.90478516,8,-9,7,-4,12.0,30,12,2.5,19.75,6.125,9.625,9.125,1.125,0.0,0.75,6.25,2.0,2.125,8.0,1.875,0.0,H,1,0,0,3.0,0.0,0.0
2021-2022,x-00005,2022-04-24,t-00033,t-00025,2.0,0.0,4.0,1.0,1.21,7.06,16.67,2050.44384766,1702.22570801,10,0,15,-11,2.0,24,15,3.0,11.333333333333334,5.333333333333333,7.0,9.0,1.3333333333333333,0.0,1.3333333333333333,9.333333333333334,3.3333333333333335,2.3333333333333335,9.666666666666666,1.0,0.3333333333333333,H,1,0,0,2.0,1.0,1.0
2021-2022,x-00005,2022-04-24,t-00014,t-00071,1.0,0.0,5.0,4.0,2.57,3.14,3.17,1702.97900391,1774.71887207,-1,4,-5,0,3.0,16,23,1.5,12.5,3.5,7.0,8.5,2.0,0.0,1.03125,10.5,3.59375,4.3125,10.34375,1.65625,0.0625,H,1,0,0,2.0,1.0,0.0
2021-2022,x-00005,2022-04-24,t-00012,t-00057,2.0,2.0,5.0,5.0,2.15,3.33,3.91,1727.01062012,1714.28076172,-3,-8,-9,-5,-4.0,13,20,1.0,11.2,3.8,4.2,10.6,1.2,0.2,1.4,13.2,4.2,5.2,10.8,2.2,0.0,D,0,1,0,0.0,1.0,3.0
2021-2022,x-00005,2022-04-24,t-00018,t-00069,1.0,0.0,5.0,2.0,1.43,4.72,8.16,1924.35375977,1825.78417969,4,-2,-2,-6,4.0,34,19,1.5,18.0,6.5,5.5,10.5,3.5,0.0,1.5,10.0,3.5,2.5,9.5,0.5,0.5,H,1,0,0,2.0,1.0,1.0
2021-2022,x-00005,2022-04-25,t-00022,t-00031,0.0,0.0,7.0,2.0,2.44,3.49,2.99,1757.66186523,1720.74084473,3,2,0,-6,3.0,19,22,1.34375,10.53125,3.625,4.4375,10.65625,1.625,0.03125,1.5,12.166666666666666,4.333333333333333,6.0,14.5,2.5,0.0,D,0,1,0,1.0,0.0,0.0
2021-2022,x-00005,2022-04-28,t-00036,t-00018,1.0,1.0,3.0,6.0,3.6,3.62,2.13,1847.5682373,1930.53771973,-6,3,4,13,5.0,24,32,1.45,13.85,4.9,5.5,10.35,1.8,0.0,1.803921568627451,15.176470588235293,5.588235294117647,6.1568627450980395,10.607843137254902,1.392156862745098,0.058823529411764705,D,0,1,0,2.0,2.0,0.0
2021-2022,x-00005,2022-04-30,t-00057,t-00022,1.0,2.0,3.0,5.0,2.53,3.16,3.22,1714.10119629,1753.65270996,-7,1,-5,3,1.0,18,18,2.0,15.0,4.0,6.0,20.0,4.0,0.0,2.0,9.0,6.0,4.0,16.0,2.0,0.0,A,0,0,1,1.0,2.0,1.0
2021-2022,x-00005,2022-04-30,t-00040,t-00033,0.0,1.0,2.0,10.0,6.72,4.32,1.55,1754.39050293,2052.92895508,2,10,5,7,-3.0,23,19,0.2857142857142857,6.428571428571429,1.8571428571428572,3.2857142857142856,7.142857142857143,1.4285714285714286,0.0,3.142857142857143,18.428571428571427,7.142857142857143,6.714285714285714,9.857142857142858,1.0,0.0,A,0,0,1,0.0,2.0,2.0
2021-2022,x-00005,2022-04-30,t-00003,t-00041,2.0,0.0,6.0,3.0,1.41,5.19,8.08,1744.48144531,1610.23962402,-7,-3,-2,-6,1.0,24,16,2.0,17.0,6.0,10.0,9.0,1.0,0.0,0.0,7.0,3.0,7.0,12.0,3.0,0.0,H,1,0,0,1.0,0.0,0.0
2021-2022,x-00005,2022-04-30,t-00031,t-00035,0.0,4.0,2.0,6.0,9.2,5.8,1.34,1721.26049805,2043.04907227,5,9,-8,7,0.0,23,28,1.2857142857142858,11.714285714285714,4.0,5.571428571428571,14.285714285714286,2.4285714285714284,0.0,2.518918918918919,17.83783783783784,6.616216216216216,7.54054054054054,9.108108108108109,1.3243243243243243,0.05405405405405406,A,0,0,1,0.0,1.0,0.0
2021-2022,x-00005,2022-04-30,t-00067,t-00014,1.0,2.0,1.0,6.0,2.71,3.22,2.92,1616.51574707,1710.28710938,-9,2,-10,-1,-4.0,14,20,1.093167701863354,10.881987577639752,3.540372670807453,4.763975155279503,10.683229813664596,1.5776397515527951,0.037267080745341616,1.3333333333333333,13.0,4.0,5.666666666666667,8.333333333333334,2.3333333333333335,0.0,A,0,0,1,0.0,1.0,2.0
2021-2022,x-00005,2022-04-30,t-00071,t-00012,0.0,3.0,1.0,9.0,2.81,3.02,2.99,1763.92126465,1723.70056152,-1,-1,3,-4,1.0,22,18,1.0,8.0,5.0,4.0,14.0,0.0,0.0,0.0,12.0,2.0,7.0,11.0,2.0,0.0,A,0,0,1,1.0,2.0,0.0
2021-2022,x-00005,2022-05-01,t-00025,t-00018,1.0,0.0,4.0,5.0,5.21,3.94,1.73,1698.73266602,1925.97619629,-3,2,0,13,5.0,13,35,1.6231884057971016,14.72463768115942,5.144927536231884,5.927536231884058,10.73913043478261,1.6666666666666667,0.057971014492753624,1.7884615384615385,15.288461538461538,5.596153846153846,6.211538461538462,10.634615384615385,1.3846153846153846,0.057692307692307696,H,1,0,0,3.0,1.0,0.0
2021-2022,x-00005,2022-05-01,t-00069,t-00002,1.0,2.0,3.0,7.0,4.57,3.92,1.83,1810.73669434,1873.7244873,-4,-1,3,0,-1.0,17,24,1.0,12.5,3.75,4.25,12.25,1.5,0.25,2.0,13.25,5.0,5.75,9.5,1.0,0.0,A,0,0,1,1.0,2.0,1.0
2021-2022,x-00005,2022-05-01,t-00064,t-00032,3.0,1.0,7.0,2.0,1.38,5.32,9.05,1842.68518066,1791.85058594,9,0,8,-1,4.0,15,13,3.0,27.0,10.0,8.0,12.0,2.0,0.0,2.0,14.0,4.0,3.0,6.0,1.0,0.0,H,1,0,0,3.0,0.0,1.0
2021-2022,x-00005,2022-05-02,t-00036,t-00011,3.0,0.0,5.0,4.0,1.8,3.96,4.62,1845.41796875,1723.81787109,-6,5,2,4,0.0,22,26,3.0,13.0,5.0,9.0,9.0,0.0,0.0,1.0,18.0,8.0,6.0,7.0,0.0,0.0,H,1,0,0,0.0,0.0,0.0
2021-2022,x-00005,2022-05-07,t-00033,t-00064,1.0,1.0,3.0,3.0,1.43,5.3,7.3,2047.53222656,1840.69091797,9,9,15,9,3.0,26,18,1.0,14.666666666666666,5.0,4.0,10.0,2.0,0.3333333333333333,1.3333333333333333,11.0,4.0,5.666666666666667,10.333333333333334,2.3333333333333335,0.0,D,0,1,0,3.0,1.0,0.0
2021-2022,x-00005,2022-05-07,t-00012,t-00036,4.0,0.0,6.0,5.0,2.99,3.3,2.6,1731.74243164,1842.70568848,2,-2,-6,-8,-2.0,23,23,0.0,10.0,3.0,2.0,10.0,1.0,1.0,2.0,19.0,7.0,10.0,8.0,3.0,0.0,H,1,0,0,2.0,0.0,2.0
2021-2022,x-00005,2022-05-07,t-00022,t-00067,1.0,0.0,7.0,1.0,1.7,3.89,5.59,1751.76696777,1599.72802734,2,-11,2,-9,1.0,22,10,4.0,7.0,5.0,4.0,9.0,1.0,0.0,1.0,8.0,1.0,6.0,12.0,2.0,0.0,H,1,0,0,2.0,0.0,1.0
2021-2022,x-00005,2022-05-07,t-00018,t-00071,2.0,2.0,6.0,4.0,1.38,4.94,9.9,1903.18823242,1735.95288086,4,-5,-1,-3,2.0,32,20,0.0,8.0,1.0,9.0,7.0,2.0,0.0,0.0,4.0,1.0,4.0,9.0,0.0,0.0,D,0,1,0,1.0,2.0,0.0
2021-2022,x-00005,2022-05-07,t-00014,t-00003,1.0,3.0,6.0,7.0,3.19,3.21,2.52,1707.14819336,1740.09912109,2,-4,-2,3,0.0,22,23,1.5,14.0,4.5,5.75,8.5,2.25,0.0,1.3636363636363635,12.045454545454545,4.409090909090909,5.181818181818182,10.409090909090908,2.1818181818181817,0.045454545454545456,A,0,0,1,1.0,0.0,1.0
2021-2022,x-00005,2022-05-07,t-00011,t-00057,3.0,0.0,5.0,4.0,2.11,3.64,3.65,1706.6036377,1696.0604248,3,-8,2,-6,0.0,24,15,1.0,5.0,4.0,2.0,8.0,1.0,0.0,4.0,12.0,6.0,5.0,9.0,0.0,0.0,H,1,0,0,0.0,0.0,0.0
2021-2022,x-00005,2022-05-08,t-00035,t-00040,5.0,0.0,9.0,3.0,1.17,8.25,18.0,2021.65783691,1741.85290527,13,5,9,-2,10.0,30,24,2.7142857142857144,16.714285714285715,6.0,6.428571428571429,9.571428571428571,1.7142857142857142,0.14285714285714285,0.5714285714285714,6.857142857142857,2.2857142857142856,3.4285714285714284,8.0,1.4285714285714286,0.0,H,1,0,0,4.0,0.0,0.0
2021-2022,x-00005,2022-05-08,t-00041,t-00069,0.0,4.0,2.0,5.0,4.94,4.15,1.72,1594.6953125,1783.47644043,-4,-3,-9,-6,-4.0,15,19,0.8,10.8,3.6,5.2,9.2,0.8,0.2,2.4,14.0,5.4,4.6,14.6,1.2,0.0,A,0,0,1,0.0,0.0,1.0
2021-2022,x-00005,2022-05-08,t-00002,t-00031,2.0,1.0,9.0,2.0,1.54,4.56,6.38,1871.10717773,1706.90393066,3,0,2,-3,2.0,28,18,1.5326086956521738,12.793478260869565,4.3478260869565215,5.282608695652174,9.782608695652174,1.565217391304348,0.13043478260869565,1.125,11.125,3.75,5.25,14.125,2.25,0.0,H,1,0,0,1.0,0.0,0.0
2021-2022,x-00005,2022-05-08,t-00032,t-00025,1.0,2.0,9.0,4.0,2.74,3.3,2.83,1764.68395996,1701.59411621,-2,-1,3,-11,0.0,12,15,1.5,11.25,4.0,4.75,13.5,1.0,0.0,1.0,10.75,4.0,4.5,11.75,2.25,0.0,A,0,0,1,2.0,0.0,2.0
2021-2022,x-00005,2022-05-10,t-00003,t-00033,1.0,2.0,4.0,6.0,6.6,4.5,1.54,1752.03271484,2041.42419434,-1,7,0,6,4.0,29,26,0.0,4.0,0.0,3.0,6.0,2.0,0.0,1.0,20.0,5.0,11.0,13.0,1.0,0.0,A,0,0,1,1.0,0.0,1.0
2021-2022,x-00005,2022-05-11,t-00031,t-00018,0.0,3.0,0.0,4.0,4.95,4.19,1.71,1703.63354492,1897.84472656,-2,-2,-10,11,0.0,14,24,1.1111111111111112,10.222222222222221,3.5555555555555554,4.888888888888889,14.222222222222221,2.2222222222222223,0.1111111111111111,1.7592592592592593,15.38888888888889,5.592592592592593,6.296296296296297,10.592592592592593,1.4444444444444444,0.05555555555555555,A,0,0,1,0.0,1.0,0.0
2021-2022,x-00005,2022-05-11,t-00067,t-00025,0.0,0.0,0.0,5.0,6.01,3.79,1.68,1596.06494141,1712.42907715,-10,1,-9,-8,1.0,9,15,0.6666666666666666,6.666666666666667,1.6666666666666667,4.0,13.666666666666666,1.0,0.0,3.0,18.0,5.666666666666667,8.0,12.0,1.6666666666666667,0.0,D,0,1,0,2.0,0.0,1.0
2021-2022,x-00005,2022-05-11,t-00032,t-00041,3.0,0.0,8.0,5.0,1.36,5.51,9.35,1753.84887695,1585.61499023,-4,-8,2,-6,0.0,18,17,2.5,16.25,6.75,6.0,15.0,2.25,0.0,0.75,10.0,2.25,5.5,15.5,3.0,0.0,H,1,0,0,0.0,1.0,0.0
2021-2022,x-00005,2022-05-11,t-00071,t-00035,1.0,5.0,3.0,5.0,12.79,6.75,1.25,1741.29638672,2025.71606445,-4,16,-1,11,-1.0,16,33,0.0,2.0,1.0,1.0,5.0,2.0,1.0,1.0,24.0,10.0,14.0,12.0,3.0,0.0,A,0,0,1,1.0,1.0,1.0
2021-2022,x-00005,2022-05-12,t-00064,t-00002,3.0,0.0,6.0,4.0,2.32,3.49,3.27,1846.7989502,1874.37744141,5,5,12,0,4.0,15,33,1.7936507936507937,14.88888888888889,5.571428571428571,5.666666666666667,10.047619047619047,1.3650793650793651,0.06349206349206349,1.5376344086021505,12.86021505376344,4.397849462365591,5.311827956989247,9.817204301075268,1.5698924731182795,0.12903225806451613,H,1,0,0,3.0,1.0,0.0
2021-2022,x-00005,2022-05-15,t-00003,t-00022,1.0,1.0,4.0,4.0,1.87,3.63,4.57,1749.29040527,1755.43005371,-1,0,0,4,5.0,28,24,2.0,10.0,3.0,3.0,10.0,3.0,0.0,1.0,8.0,3.0,7.0,12.0,3.0,0.0,D,0,1,0,2.0,0.0,0.0
2021-2022,x-00005,2022-05-15,t-00031,t-00012,1.0,1.0,5.0,6.0,2.73,3.45,2.73,1696.18835449,1751.82580566,-5,5,-9,1,-1.0,11,26,1.0,9.7,3.2,4.5,13.8,2.1,0.2,1.0446428571428572,12.535714285714286,3.7857142857142856,5.294642857142857,10.607142857142858,1.5089285714285714,0.08928571428571429,D,0,1,0,0.0,0.0,1.0
2021-2022,x-00005,2022-05-15,t-00067,t-00032,1.0,5.0,5.0,7.0,5.54,4.01,1.67,1598.12634277,1759.50476074,-7,0,-6,-5,2.0,8,24,0.5,6.75,1.75,4.0,11.25,1.0,0.0,2.0,14.75,4.25,5.25,13.5,1.25,0.0,A,0,0,1,2.0,1.0,0.0
2021-2022,x-00005,2022-05-15,t-00064,t-00014,1.0,0.0,8.0,1.0,1.32,5.75,10.72,1859.87268066,1695.21459961,4,2,10,-3,10.0,16,24,1.8125,14.90625,5.578125,5.609375,10.015625,1.359375,0.0625,1.4,14.0,4.8,5.4,9.4,2.0,0.0,H,1,0,0,3.0,1.0,0.0
2021-2022,x-00005,2022-05-15,t-00071,t-00041,1.0,1.0,4.0,2.0,1.57,4.44,5.9,1735.52600098,1579.95910645,-9,-13,-3,-7,3.0,14,16,1.5,7.0,3.0,5.0,13.5,2.5,0.0,1.0,14.0,4.5,5.0,9.5,2.0,0.0,D,0,1,0,1.0,0.0,0.0
2021-2022,x-00005,2022-05-15,t-00069,t-00035,2.0,2.0,2.0,8.0,8.32,5.43,1.39,1792.5567627,2031.4864502,0,20,2,11,-12.0,19,33,0.8333333333333334,5.666666666666667,2.1666666666666665,2.1666666666666665,8.333333333333334,1.0,0.0,2.1666666666666665,17.666666666666668,6.833333333333333,7.5,7.0,1.0,0.0,D,0,1,0,0.0,1.0,3.0
2021-2022,x-00005,2022-05-15,t-00025,t-00011,2.0,3.0,5.0,7.0,1.93,3.64,4.32,1710.36767578,1718.0838623,0,3,2,2,0.0,17,23,1.5972222222222223,14.597222222222221,5.111111111111111,5.916666666666667,10.666666666666666,1.6666666666666667,0.05555555555555555,1.2222222222222223,11.38888888888889,3.9444444444444446,4.277777777777778,9.777777777777779,1.5555555555555556,0.05555555555555555,A,0,0,1,0.0,0.0,0.0
2021-2022,x-00005,2022-05-16,t-00040,t-00002,2.0,0.0,4.0,2.0,4.31,3.85,1.81,1737.79455566,1861.30383301,-1,3,3,-4,-3.0,23,31,0.5,10.5,4.5,6.0,8.5,3.5,0.0,1.5,20.5,4.0,3.5,9.5,2.5,0.0,H,1,0,0,1.0,0.0,3.0
2021-2022,x-00005,2022-05-17,t-00057,t-00033,1.0,2.0,2.0,5.0,6.93,5.24,1.45,1684.5802002,2044.16662598,-5,8,-8,6,-4.0,18,28,0.5,11.333333333333334,3.3333333333333335,5.833333333333333,9.666666666666666,1.5,0.0,2.5,16.5,5.5,7.166666666666667,8.5,1.3333333333333333,0.0,A,0,0,1,1.0,0.0,3.0
2021-2022,x-00005,2022-05-19,t-00018,t-00032,1.0,1.0,7.0,1.0,1.44,4.87,7.49,1905.29003906,1769.60522461,3,4,-3,1,0.0,26,28,2.5,16.5,6.5,5.5,11.5,1.5,0.0,0.5,5.5,3.0,4.0,15.5,3.5,0.0,D,0,1,0,1.0,2.0,1.0
2021-2022,x-00005,2022-05-19,t-00003,t-00014,1.0,1.0,9.0,5.0,2.04,3.46,4.1,1748.21789551,1691.84448242,3,1,-4,-4,0.0,24,24,3.0,12.0,7.0,5.0,11.0,2.0,0.0,1.0,14.0,6.0,4.0,13.0,1.0,0.0,D,0,1,0,0.0,2.0,0.0
2021-2022,x-00005,2022-05-19,t-00025,t-00022,3.0,2.0,6.0,5.0,1.9,3.54,4.64,1701.2722168,1756.50256348,-1,1,2,1,6.0,19,25,1.6027397260273972,14.534246575342467,5.109589041095891,5.904109589041096,10.63013698630137,1.643835616438356,0.0821917808219178,1.3055555555555556,11.083333333333334,3.861111111111111,4.666666666666667,10.833333333333334,1.7222222222222223,0.027777777777777776,H,1,0,0,3.0,1.0,0.0
2021-2022,x-00005,2022-05-22,t-00011,t-00031,1.0,2.0,5.0,6.0,2.38,3.9,2.89,1727.17932129,1696.53613281,2,-8,5,2,0.0,23,11,1.2702702702702702,11.567567567567568,4.027027027027027,4.216216216216216,9.72972972972973,1.5945945945945945,0.05405405405405406,1.0,10.545454545454545,3.3636363636363638,4.818181818181818,14.0,2.1818181818181817,0.18181818181818182,A,0,0,1,0.0,0.0,0.0
2021-2022,x-00005,2022-05-22,t-00012,t-00069,3.0,1.0,7.0,2.0,2.75,3.4,2.74,1751.47790527,1797.65405273,4,2,0,-2,3.0,27,20,1.75,12.75,3.75,4.5,8.0,0.75,0.0,1.75,13.0,4.75,5.25,7.25,0.75,0.0,H,1,0,0,2.0,2.0,0.0
2021-2022,x-00005,2022-05-22,t-00032,t-00057,4.0,1.0,6.0,2.0,1.7,4.39,4.67,1774.3371582,1682.76647949,4,-7,4,-9,0.0,27,17,3.0,16.8,8.0,5.0,11.0,1.0,0.0,1.0,10.0,5.2,2.6,10.8,1.4,0.4,H,1,0,0,1.0,1.0,2.0
2021-2022,x-00005,2022-05-22,t-00018,t-00067,2.0,1.0,8.0,3.0,1.18,7.58,17.72,1900.55810547,1588.02587891,2,-10,-4,-10,8.0,28,9,4.0,23.0,10.0,8.0,12.0,0.0,0.0,1.0,1.0,1.0,0.0,7.0,1.0,0.0,H,1,0,0,3.0,0.0,0.0
2021-2022,x-00005,2022-05-22,t-00041,t-00064,0.0,5.0,0.0,13.0,9.82,5.51,1.34,1585.13537598,1863.24267578,-12,6,-9,5,0.0,14,24,0.0,10.0,1.0,4.0,4.0,2.0,0.0,3.0,17.0,7.0,6.0,11.0,1.0,0.0,A,0,0,1,0.0,1.0,0.0
2021-2022,x-00005,2022-05-22,t-00035,t-00003,3.0,2.0,5.0,2.0,1.17,8.4,17.0,2026.38916016,1745.43432617,17,3,15,3,5.0,36,30,2.0,17.0,7.0,11.0,12.0,0.0,0.0,1.0,9.0,3.0,4.0,8.0,0.0,0.0,H,1,0,0,2.0,0.0,0.0
2021-2022,x-00005,2022-05-22,t-00002,t-00025,5.0,1.0,9.0,2.0,1.36,5.61,8.84,1846.87487793,1709.67285156,-1,2,2,-3,6.0,29,24,2.0,8.0,3.6666666666666665,4.666666666666667,10.666666666666666,2.6666666666666665,0.3333333333333333,1.6666666666666667,17.0,5.0,9.666666666666666,13.333333333333334,2.3333333333333335,0.0,H,1,0,0,3.0,0.0,1.0
2021-2022,x-00005,2022-05-22,t-00033,t-00071,3.0,1.0,8.0,5.0,1.14,9.75,19.0,2045.98034668,1730.34973145,5,-8,9,-2,7.0,28,16,1.0,17.0,5.0,8.0,7.0,2.0,0.0,0.0,3.0,1.0,2.0,4.0,2.0,0.0,H,1,0,0,3.0,0.0,0.0
2021-2022,x-00005,2022-05-22,t-00022,t-00036,1.0,0.0,3.0,4.0,2.82,3.57,2.59,1748.10192871,1822.62231445,1,-7,4,-14,-5.0,28,19,0.0,8.0,2.0,6.0,9.0,2.0,0.0,1.0,16.0,3.0,9.0,16.0,2.0,0.0,H,1,0,0,0.0,1.0,3.0
2021-2022,x-00005,2022-05-22,t-00014,t-00040,1.0,2.0,5.0,6.0,2.55,3.31,3.05,1694.62805176,1752.22351074,-1,0,0,-8,0.0,23,20,1.1428571428571428,12.571428571428571,4.285714285714286,5.0,10.714285714285714,1.8571428571428572,0.14285714285714285,1.2214285714285715,11.607142857142858,3.942857142857143,5.107142857142857,9.442857142857143,1.6928571428571428,0.03571428571428571,A,0,0,1,2.0,0.0,2.0
2022-2023,x-00005,2022-08-05,t-00022,t-00002,0.0,2.0,2.0,2.0,4.58,3.63,1.88,1753.9017334,1851.46276855,2,1,5,-3,0.0,24,31,2.5,7.5,5.5,2.0,7.5,0.5,0.0,1.0,14.5,4.5,4.0,11.0,1.5,0.0,A,0,0,1,1.0,2.0,2.0
2022-2023,x-00005,2022-08-06,t-00031,t-00071,2.0,1.0,4.0,6.0,2.45,3.44,3.09,1703.28137207,1725.11816406,-7,-9,-6,-3,-1.0,15,17,3.0,15.0,6.0,5.0,14.0,4.0,0.0,2.0,14.0,8.0,2.0,13.0,1.0,1.0,H,1,0,0,0.0,1.0,1.0
2022-2023,x-00005,2022-08-06,t-00040,t-00042,2.0,0.0,10.0,0.0,1.57,4.22,6.6,1756.9576416,1612.11474609,0,0,4,0,0.0,22,0,0.0,0.0,0.0,0.0,0.0,0.0,0.0,0.0,0.0,0.0,0.0,0.0,0.0,0.0,H,1,0,0,0.0,0.0,0.0
2022-2023,x-00005,2022-08-06,t-00026,t-00033,2.0,2.0,3.0,4.0,10.5,6.5,1.29,1636.01452637,2035.03417969,-8,5,-9,5,-1.0,14,32,1.25,9.25,3.5,3.25,12.5,1.25,0.0,2.25,12.75,4.0,5.75,10.75,2.25,0.0,D,0,1,0,0.0,1.0,1.0
2022-2023,x-00005,2022-08-06,t-00025,t-00018,0.0,1.0,4.0,6.0,6.89,4.16,1.56,1698.96679688,1899.03649902,-3,3,2,10,6.0,22,30,1.0,9.0,4.0,3.0,9.0,3.0,0.0,0.0,17.0,5.0,8.0,12.0,5.0,0.0,A,0,0,1,4.0,1.0,0.0
2022-2023,x-00005,2022-08-06,t-00064,t-00057,4.0,1.0,8.0,2.0,1.39,5.34,8.55,1866.62145996,1671.65332031,11,-8,9,-8,6.0,37,16,1.5,14.5,7.0,4.5,6.0,2.0,0.0,2.0,16.0,6.0,5.5,14.0,2.5,0.5,H,1,0,0,4.0,0.0,1.0
2022-2023,x-00005,2022-08-06,t-00009,t-00003,2.0,0.0,3.0,2.0,4.09,3.59,2.0,1630.3548584,1740.57751465,2,0,-4,-1,1.0,19,26,0.7291666666666666,11.416666666666666,3.5208333333333335,4.354166666666667,12.1875,1.7708333333333333,0.0625,1.4074074074074074,12.037037037037036,4.555555555555555,5.037037037037037,10.481481481481481,1.9259259259259258,0.037037037037037035,H,1,0,0,1.0,0.0,0.0
2022-2023,x-00005,2022-08-07,t-00032,t-00011,2.0,2.0,5.0,3.0,1.96,3.69,4.29,1779.33227539,1714.31604004,9,0,6,1,1.0,31,23,2.0,11.0,5.0,2.0,8.5,1.0,0.0,1.0,15.0,5.5,7.0,11.5,1.5,0.0,D,0,1,0,1.0,0.0,0.0
2022-2023,x-00005,2022-08-07,t-00036,t-00012,1.0,2.0,5.0,4.0,1.81,3.86,4.72,1810.7043457,1760.09008789,-4,9,5,2,7.0,22,33,0.0,0.0,0.0,0.0,0.0,0.0,0.0,0.0,0.0,0.0,0.0,0.0,0.0,0.0,A,0,0,1,5.0,0.0,0.0
2022-2023,x-00005,2022-08-07,t-00069,t-00035,0.0,2.0,1.0,2.0,8.0,5.35,1.41,1782.92382812,2025.12792969,0,14,1,10,-12.0,14,33,1.0,5.714285714285714,2.142857142857143,2.4285714285714284,8.428571428571429,1.2857142857142858,0.0,2.142857142857143,19.571428571428573,7.0,7.714285714285714,6.714285714285714,1.0,0.0,A,0,0,1,0.0,2.0,3.0
2022-2023,x-00005,2022-08-13,t-00035,t-00009,4.0,0.0,7.0,1.0,1.08,13.5,36.0,2030.10571289,1643.97351074,12,4,13,-4,7.0,29,20,2.3333333333333335,16.0,6.666666666666667,7.333333333333333,10.666666666666666,0.0,0.0,0.0,4.666666666666667,0.3333333333333333,2.3333333333333335,8.0,0.6666666666666666,0.0,H,1,0,0,3.0,0.0,0.0
2022-2023,x-00005,2022-08-13,t-00057,t-00031,2.0,2.0,4.0,5.0,2.44,3.64,2.96,1666.88134766,1710.66699219,-11,-2,-8,4,-1.0,13,17,1.0,14.0,6.0,7.0,7.0,1.0,0.0,1.0,12.0,3.0,4.0,14.0,1.0,0.0,D,0,1,0,1.0,0.0,1.0
2022-2023,x-00005,2022-08-13,t-00012,t-00040,0.0,0.0,7.0,1.0,2.5,3.3,3.14,1770.77307129,1762.19128418,10,-1,4,-6,4.0,32,25,1.3333333333333333,17.333333333333332,6.0,8.0,10.0,0.6666666666666666,0.0,1.6666666666666667,10.333333333333334,3.0,3.6666666666666665,9.333333333333334,1.3333333333333333,0.0,D,0,1,0,2.0,3.0,0.0
2022-2023,x-00005,2022-08-13,t-00071,t-00026,0.0,0.0,1.0,3.0,2.23,3.48,3.5,1717.73242188,1643.69128418,-7,-6,-7,-6,2.0,22,14,1.0,10.692307692307692,3.641025641025641,4.410256410256411,9.58974358974359,1.5128205128205128,0.05128205128205128,1.3461538461538463,12.576923076923077,4.0,5.487179487179487,11.628205128205128,1.5512820512820513,0.1282051282051282,D,0,1,0,2.0,0.0,0.0
2022-2023,x-00005,2022-08-13,t-00011,t-00036,4.0,0.0,7.0,4.0,4.65,4.09,1.78,1717.47668457,1800.0213623,0,-3,6,-12,-2.0,24,22,1.2820512820512822,11.538461538461538,4.0256410256410255,4.230769230769231,9.64102564102564,1.564102564102564,0.07692307692307693,1.0,17.0,5.0,6.0,7.0,4.0,0.0,H,1,0,0,0.0,0.0,1.0
2022-2023,x-00005,2022-08-13,t-00003,t-00025,2.0,1.0,4.0,4.0,1.81,3.64,5.11,1726.9588623,1694.66918945,-4,-5,-3,-6,5.0,21,22,1.3571428571428572,12.142857142857142,4.464285714285714,5.035714285714286,10.678571428571429,1.9642857142857142,0.03571428571428571,1.5921052631578947,14.302631578947368,5.065789473684211,5.802631578947368,10.631578947368421,1.6578947368421053,0.07894736842105263,H,1,0,0,2.0,1.0,0.0
2022-2023,x-00005,2022-08-13,t-00002,t-00032,4.0,2.0,7.0,2.0,1.58,4.42,5.97,1861.01867676,1776.17163086,2,10,4,1,4.0,26,27,1.6,13.0,5.6,6.8,9.0,1.0,0.2,0.6,9.8,4.2,3.8,11.2,2.4,0.0,H,1,0,0,3.0,1.0,1.0
2022-2023,x-00005,2022-08-14,t-00042,t-00069,1.0,0.0,6.0,5.0,4.03,3.68,1.99,1606.88110352,1777.94592285,-2,-1,0,-3,0.0,0,13,0.0,5.0,0.0,1.0,14.0,3.0,0.0,1.5203252032520325,11.1869918699187,4.073170731707317,4.658536585365853,9.308943089430894,1.3414634146341464,0.04878048780487805,H,1,0,0,0.0,0.0,0.0
2022-2023,x-00005,2022-08-14,t-00018,t-00064,2.0,2.0,3.0,5.0,2.17,3.53,3.61,1903.33410645,1871.39343262,5,12,0,11,3.0,31,38,2.0,15.0,7.0,10.0,17.0,2.0,0.0,0.0,6.0,3.0,3.0,14.0,1.0,0.0,D,0,1,0,3.0,1.0,1.0
2022-2023,x-00005,2022-08-15,t-00033,t-00022,1.0,1.0,4.0,3.0,1.29,6.25,12.0,2027.35754395,1744.3458252,4,-1,10,-2,11.0,26,21,3.0,20.0,8.5,7.5,13.5,2.0,0.0,0.5,10.5,3.5,3.5,11.5,2.5,0.0,D,0,1,0,5.0,0.0,0.0
2022-2023,x-00005,2022-08-20,t-00025,t-00042,1.0,1.0,8.0,5.0,1.89,3.58,4.62,1689.02075195,1618.41821289,-6,-1,0,-2,0.0,21,6,1.5844155844155845,14.311688311688311,5.0519480519480515,5.8311688311688314,10.584415584415584,1.6493506493506493,0.07792207792207792,0.5,9.0,3.0,3.5,12.0,3.5,0.0,D,0,1,0,0.0,0.0,0.0
2022-2023,x-00005,2022-08-20,t-00032,t-00057,1.0,2.0,1.0,3.0,1.78,4.18,4.51,1769.76867676,1667.02734375,5,-10,5,-11,3.0,21,14,3.1666666666666665,16.0,7.666666666666667,4.666666666666667,10.833333333333334,0.8333333333333334,0.0,1.0,9.5,4.666666666666667,2.6666666666666665,9.833333333333334,1.3333333333333333,0.3333333333333333,A,0,0,1,2.0,1.0,2.0
2022-2023,x-00005,2022-08-20,t-00064,t-00071,1.0,0.0,4.0,3.0,1.48,4.88,6.99,1874.02502441,1714.625,12,-7,8,-5,-3.0,40,19,0.0,17.0,7.0,7.0,13.0,3.0,0.0,2.0,11.0,7.0,3.0,13.0,1.0,0.0,H,1,0,0,1.0,0.0,3.0
2022-2023,x-00005,2022-08-20,t-00009,t-00002,0.0,3.0,1.0,6.0,7.26,4.82,1.47,1642.35546875,1867.95751953,-3,3,0,0,0.0,17,24,0.5,4.0,1.5,1.5,11.5,2.5,0.0,2.0,15.5,5.5,7.0,10.5,1.0,0.0,A,0,0,1,1.0,1.0,1.0
2022-2023,x-00005,2022-08-20,t-00022,t-00003,3.0,1.0,9.0,5.0,2.56,3.26,3.08,1752.08813477,1733.14306641,-2,-2,3,-2,1.0,17,21,1.0,12.0,3.5,6.0,13.5,3.0,0.0,1.5,11.5,3.5,2.0,10.5,2.0,0.0,H,1,0,0,2.0,0.0,1.0
2022-2023,x-00005,2022-08-20,t-00026,t-00011,3.0,2.0,9.0,5.0,2.7,3.44,2.8,1647.33459473,1735.65881348,-4,7,-6,2,0.0,14,27,1.3291139240506329,12.531645569620252,3.9873417721518987,5.455696202531645,11.658227848101266,1.5696202531645569,0.12658227848101267,1.35,11.575,4.1,4.325,9.55,1.525,0.075,H,1,0,0,0.0,0.0,0.0
2022-2023,x-00005,2022-08-21,t-00069,t-00012,0.0,2.0,3.0,2.0,2.6,3.42,2.9,1767.79223633,1769.42614746,-1,7,-2,2,-3.0,15,30,1.6,11.8,4.2,5.4,7.6,0.8,0.0,2.0,13.8,4.4,4.6,8.2,0.8,0.0,A,0,0,1,0.0,4.0,1.0
2022-2023,x-00005,2022-08-21,t-00040,t-00035,3.0,3.0,6.0,10.0,7.0,5.0,1.47,1764.07397461,2032.25964355,0,11,5,12,-5.0,24,27,0.5,6.875,2.375,3.25,8.375,1.625,0.0,3.0,17.25,6.375,6.625,9.125,1.625,0.125,D,0,1,0,1.0,1.0,3.0
2022-2023,x-00005,2022-08-21,t-00031,t-00018,3.0,0.0,6.0,3.0,6.14,4.63,1.55,1711.05664062,1901.23828125,-1,5,-6,9,-3.0,20,28,0.0,5.0,0.0,1.0,10.0,1.0,1.0,3.0,17.0,4.0,5.0,14.0,0.0,0.0,H,1,0,0,0.0,1.0,1.0
2022-2023,x-00005,2022-08-22,t-00036,t-00033,2.0,1.0,4.0,5.0,4.65,4.5,1.7,1782.375,2020.15100098,-7,4,3,3,-6.0,23,27,0.5,16.0,4.5,4.0,11.0,4.0,0.0,2.203125,16.546875,6.083333333333333,6.71875,9.192708333333334,1.0989583333333333,0.03125,H,1,0,0,1.0,2.0,2.0
2022-2023,x-00005,2022-08-27,t-00012,t-00031,1.0,0.0,4.0,2.0,1.74,3.98,5.09,1783.37304688,1731.14453125,5,5,6,3,2.0,26,26,1.0,16.0,6.0,1.0,8.0,2.0,0.0,1.0,19.0,5.0,8.0,16.0,3.0,0.0,H,1,0,0,1.0,1.0,0.0
2022-2023,x-00005,2022-08-27,t-00018,t-00032,2.0,1.0,3.0,5.0,1.41,5.2,7.99,1882.08300781,1758.41784668,-1,0,2,0,0.0,27,15,2.0,17.666666666666668,6.666666666666667,5.666666666666667,12.0,2.3333333333333335,0.0,0.6666666666666666,4.333333333333333,2.3333333333333335,2.6666666666666665,12.666666666666666,2.6666666666666665,0.0,H,1,0,0,1.0,3.0,1.0
2022-2023,x-00005,2022-08-27,t-00002,t-00026,2.0,1.0,8.0,3.0,1.42,5.35,7.5,1875.32104492,1656.71557617,9,-1,8,-4,3.0,26,20,1.5858585858585859,12.969696969696969,4.434343434343434,5.363636363636363,9.8989898989899,1.5757575757575757,0.13131313131313133,1.35,12.6,4.05,5.4625,11.675,1.5875,0.125,H,1,0,0,1.0,1.0,0.0
2022-2023,x-00005,2022-08-27,t-00057,t-00036,0.0,1.0,5.0,6.0,3.65,3.95,2.02,1679.31066895,1795.39343262,-6,-9,-7,-15,-2.0,13,22,1.2714285714285714,12.092857142857143,4.392857142857143,5.328571428571428,11.185714285714285,1.5142857142857142,0.07857142857142857,1.0,14.666666666666666,4.333333333333333,4.666666666666667,11.0,3.6666666666666665,0.0,A,0,0,1,0.0,3.0,2.0
2022-2023,x-00005,2022-08-27,t-00035,t-00022,4.0,2.0,5.0,2.0,1.2,7.75,16.0,2027.2265625,1761.25134277,7,0,17,-1,6.0,32,22,0.0,16.0,3.5,6.5,11.0,1.5,0.5,1.0,7.5,2.0,1.5,8.5,3.0,0.0,H,1,0,0,2.0,1.0,2.0
2022-2023,x-00005,2022-08-27,t-00033,t-00009,9.0,0.0,12.0,2.0,1.15,9.25,19.5,2008.06506348,1635.92431641,2,-5,8,-7,7.0,26,15,1.0,14.666666666666666,5.0,9.0,7.333333333333333,1.3333333333333333,0.0,1.0,9.0,3.3333333333333335,3.6666666666666665,9.333333333333334,2.6666666666666665,0.0,H,1,0,0,3.0,0.0,0.0
2022-2023,x-00005,2022-08-27,t-00011,t-00025,1.0,1.0,5.0,7.0,2.08,3.51,3.91,1727.21032715,1686.03259277,3,-5,8,-6,1.0,27,24,3.0,18.0,7.0,2.0,8.0,3.0,0.0,2.0,10.0,5.0,5.0,8.0,0.0,2.0,D,0,1,0,1.0,0.0,0.0
2022-2023,x-00005,2022-08-28,t-00003,t-00069,0.0,1.0,3.0,2.0,2.12,3.53,3.74,1724.91247559,1756.25183105,-4,-7,2,-2,-5.0,22,13,1.0,13.0,7.0,7.0,3.0,0.0,0.0,2.0,11.0,4.0,5.0,9.0,1.0,0.0,A,0,0,1,0.0,1.0,2.0
2022-2023,x-00005,2022-08-28,t-00042,t-00064,0.0,2.0,1.0,7.0,7.1,5.05,1.45,1622.33886719,1877.79187012,-1,10,1,9,0.0,11,38,0.6666666666666666,10.666666666666666,3.6666666666666665,3.0,11.0,3.0,0.0,1.8695652173913044,14.971014492753623,5.72463768115942,5.681159420289855,10.0,1.391304347826087,0.057971014492753624,A,0,0,1,0.0,0.0,0.0
2022-2023,x-00005,2022-08-28,t-00071,t-00040,1.0,1.0,4.0,6.0,2.59,3.3,3.0,1711.79064941,1770.03955078,-4,5,-6,-5,1.0,19,27,0.0,5.0,2.0,2.0,13.0,1.0,0.0,1.0,12.0,4.0,1.0,6.0,1.0,0.0,D,0,1,0,1.0,3.0,0.0
2022-2023,x-00005,2022-08-30,t-00022,t-00011,1.0,1.0,4.0,3.0,2.12,3.49,3.78,1758.66662598,1724.48291016,-1,2,2,-2,0.0,19,25,0.0,6.5,2.5,6.0,11.0,1.5,0.0,0.0,11.5,2.5,4.0,9.5,1.0,0.0,D,0,1,0,0.0,1.0,0.0
2022-2023,x-00005,2022-08-30,t-00026,t-00012,2.0,1.0,3.0,4.0,3.36,3.29,2.38,1654.37414551,1788.72717285,-2,6,-4,3,2.0,18,24,2.0,10.0,6.0,5.0,12.0,1.0,0.0,3.0,8.0,4.0,0.0,12.0,2.0,0.0,H,1,0,0,1.0,1.0,0.0
2022-2023,x-00005,2022-08-30,t-00057,t-00018,2.0,1.0,7.0,4.0,5.22,4.11,1.69,1672.95092773,1885.84619141,-6,0,-2,0,-13.0,16,23,0.6666666666666666,4.666666666666667,1.3333333333333333,2.6666666666666665,11.333333333333334,1.6666666666666667,0.3333333333333333,3.3333333333333335,17.666666666666668,8.666666666666666,5.333333333333333,10.333333333333334,0.6666666666666666,0.0,H,1,0,0,0.0,1.0,4.0
2022-2023,x-00005,2022-08-30,t-00031,t-00025,1.0,1.0,5.0,2.0,2.17,3.65,3.49,1725.79052734,1688.76000977,4,-6,-3,-4,-1.0,23,25,1.25,11.0625,3.75,4.5625,13.875,2.0625,0.125,1.5696202531645569,14.367088607594937,5.113924050632911,5.822784810126582,10.49367088607595,1.6708860759493671,0.0759493670886076,D,0,1,0,0.0,1.0,1.0
2022-2023,x-00005,2022-08-31,t-00069,t-00064,1.0,1.0,4.0,4.0,3.29,3.51,2.3,1764.90515137,1882.70751953,-6,11,-5,7,-1.0,13,37,1.0,5.333333333333333,1.6666666666666667,4.333333333333333,9.333333333333334,2.6666666666666665,0.0,1.3333333333333333,19.666666666666668,4.0,6.0,8.0,0.3333333333333333,0.0,D,0,1,0,2.0,0.0,3.0
2022-2023,x-00005,2022-08-31,t-00033,t-00040,2.0,1.0,6.0,2.0,1.29,6.26,10.61,2011.04882812,1769.92431641,10,3,13,-1,10.0,33,29,2.875,19.125,7.5,6.625,10.0,1.25,0.0,0.25,6.125,1.875,2.875,7.625,1.375,0.0,H,1,0,0,4.0,1.0,0.0
2022-2023,x-00005,2022-08-31,t-00035,t-00042,6.0,0.0,9.0,1.0,1.1,12.5,26.0,2029.8112793,1617.42321777,9,-3,16,-2,0.0,29,12,2.5670103092783507,17.95360824742268,6.603092783505154,7.520618556701031,9.010309278350515,1.309278350515464,0.05154639175257732,0.5,12.25,3.0,3.75,11.0,3.75,0.0,H,1,0,0,0.0,0.0,0.0
2022-2023,x-00005,2022-08-31,t-00009,t-00071,0.0,0.0,2.0,4.0,3.4,3.32,2.34,1632.94055176,1711.90588379,-12,-4,0,-5,-1.0,14,19,0.0,0.0,0.0,0.0,0.0,0.0,0.0,0.0,0.0,0.0,0.0,0.0,0.0,0.0,D,0,1,0,0.0,1.0,1.0
2022-2023,x-00005,2022-08-31,t-00002,t-00003,2.0,1.0,9.0,3.0,1.55,4.57,6.27,1877.66247559,1716.25915527,12,-5,10,-3,0.0,32,16,1.0,10.0,3.0,5.0,14.0,3.0,0.0,0.0,8.0,1.0,6.0,13.0,3.0,0.0,H,1,0,0,2.0,0.0,1.0
2022-2023,x-00005,2022-09-01,t-00032,t-00036,0.0,1.0,2.0,2.0,3.2,3.76,2.25,1754.65478516,1801.75317383,-1,-4,4,-10,-1.0,19,23,1.71875,12.8046875,4.7734375,5.375,10.2578125,1.3203125,0.0390625,1.0,13.75,4.75,4.25,11.75,3.5,0.0,A,0,0,1,1.0,2.0,2.0
2022-2023,x-00005,2022-09-03,t-00018,t-00069,2.0,1.0,3.0,3.0,1.69,4.03,5.44,1873.8638916,1766.67773438,-2,-4,2,1,5.0,19,15,1.3333333333333333,20.666666666666668,6.0,4.666666666666667,10.666666666666666,2.6666666666666665,0.0,1.0,8.666666666666666,3.0,2.0,9.333333333333334,0.3333333333333333,0.6666666666666666,H,1,0,0,3.0,1.0,1.0
2022-2023,x-00005,2022-09-03,t-00011,t-00031,5.0,2.0,8.0,6.0,2.17,3.57,3.55,1726.94726562,1723.24926758,3,3,6,-1,-1.0,23,22,1.0,14.0,5.0,3.0,11.0,2.0,1.0,2.0,14.0,6.0,2.0,13.0,1.0,0.0,H,1,0,0,0.0,0.0,1.0
2022-2023,x-00005,2022-09-03,t-00042,t-00009,2.0,3.0,3.0,3.0,2.21,3.38,3.65,1615.50366211,1633.61328125,-9,-14,-1,-15,0.0,13,9,0.4,11.4,2.6,3.2,10.2,3.2,0.0,0.0,5.0,2.0,2.0,12.0,2.0,0.0,A,0,0,1,0.0,0.0,0.0
2022-2023,x-00005,2022-09-03,t-00064,t-00026,2.0,1.0,10.0,3.0,1.54,4.62,6.24,1880.93481445,1664.70068359,6,1,10,-5,2.0,28,21,4.0,14.0,8.0,6.0,13.0,2.0,0.0,2.0,16.0,5.0,6.0,16.0,3.0,0.0,H,1,0,0,1.0,1.0,0.0
2022-2023,x-00005,2022-09-03,t-00025,t-00033,0.0,0.0,3.0,8.0,7.8,5.4,1.4,1691.30114746,2013.15673828,-2,9,0,2,-3.0,25,31,1.0,9.25,2.75,2.0,9.25,2.0,0.25,2.75,13.0,5.0,8.5,8.75,1.5,0.0,D,0,1,0,0.0,4.0,1.0
2022-2023,x-00005,2022-09-03,t-00040,t-00022,0.0,0.0,6.0,9.0,2.12,3.47,3.82,1767.81652832,1756.20227051,1,-2,4,-2,1.0,25,20,1.0,13.0,4.0,2.0,12.0,1.0,0.0,0.0,10.0,2.0,5.0,12.0,1.0,0.0,D,0,1,0,3.0,0.0,2.0
2022-2023,x-00005,2022-09-03,t-00003,t-00035,1.0,1.0,1.0,4.0,9.35,5.85,1.33,1713.08093262,2031.73083496,-5,14,-1,10,-7.0,17,33,1.5,6.5,2.5,2.5,9.5,0.5,0.0,2.5,20.5,6.0,12.0,8.5,0.0,0.0,D,0,1,0,0.0,0.0,3.0
2022-2023,x-00005,2022-09-03,t-00071,t-00057,1.0,0.0,2.0,1.0,2.14,3.53,3.68,1711.2331543,1684.93310547,-2,-2,-7,-8,4.0,18,21,2.0,7.0,4.0,3.5,10.5,1.0,0.0,0.5,15.5,8.0,7.5,13.0,1.5,0.0,H,1,0,0,2.0,2.0,0.0
2022-2023,x-00005,2022-09-04,t-00036,t-00002,3.0,1.0,6.0,3.0,2.71,3.56,2.69,1810.03186035,1880.84069824,-2,9,4,1,1.0,21,32,1.0,12.8,4.2,4.0,12.4,3.4,0.0,1.5940594059405941,13.148514851485148,4.514851485148514,5.445544554455446,9.861386138613861,1.5841584158415842,0.12871287128712872,H,1,0,0,2.0,2.0,1.0
2022-2023,x-00005,2022-09-04,t-00012,t-00032,5.0,2.0,11.0,4.0,1.94,3.63,4.29,1778.4005127,1746.37609863,3,-5,7,-1,-4.0,21,15,0.6666666666666666,10.333333333333334,3.0,5.5,10.5,1.3333333333333333,0.0,1.5,13.666666666666666,4.833333333333333,6.833333333333333,7.333333333333333,1.0,0.0,H,1,0,0,1.0,1.0,3.0
2022-2023,x-00005,2022-09-16,t-00003,t-00057,1.0,0.0,3.0,1.0,2.14,3.58,3.64,1710.11853027,1669.64465332,-3,0,0,-9,1.0,16,20,4.0,14.0,9.0,4.0,10.0,1.0,0.0,0.0,11.0,1.0,7.0,8.0,1.0,0.0,H,1,0,0,1.0,0.0,2.0
2022-2023,x-00005,2022-09-16,t-00042,t-00026,2.0,3.0,3.0,7.0,2.8,3.49,2.64,1596.99145508,1652.99816895,-8,0,-2,-4,0.0,16,21,0.6666666666666666,11.333333333333334,2.6666666666666665,3.3333333333333335,10.666666666666666,3.0,0.0,1.3493975903614457,12.506024096385541,4.0120481927710845,5.36144578313253,11.578313253012048,1.6385542168674698,0.12048192771084337,A,0,0,1,0.0,0.0,0.0
2022-2023,x-00005,2022-09-17,t-00040,t-00009,1.0,1.0,7.0,3.0,1.43,5.01,7.85,1756.54223633,1633.43676758,-1,-15,3,-11,1.0,21,9,1.2244897959183674,11.70748299319728,4.006802721088436,5.183673469387755,9.523809523809524,1.6938775510204083,0.034013605442176874,1.5,6.5,2.5,4.0,11.0,1.5,0.0,D,0,1,0,2.0,0.0,1.0
2022-2023,x-00005,2022-09-17,t-00071,t-00035,0.0,3.0,1.0,7.0,9.25,5.65,1.35,1707.83288574,2025.91796875,0,12,-3,6,-5.0,14,35,0.5,4.5,2.0,3.5,3.5,1.0,0.5,3.0,20.0,7.5,8.0,11.0,2.0,0.0,A,0,0,1,1.0,1.0,2.0
2022-2023,x-00005,2022-09-17,t-00064,t-00032,6.0,2.0,11.0,7.0,1.56,4.45,6.38,1865.88122559,1727.04443359,4,-8,9,-2,6.0,30,14,3.0,20.0,8.5,7.5,12.5,2.0,0.0,1.5,10.0,3.0,3.0,7.0,2.0,0.0,H,1,0,0,4.0,0.0,1.0
2022-2023,x-00005,2022-09-18,t-00011,t-00002,0.0,3.0,2.0,7.0,4.5,3.85,1.85,1728.76403809,1861.61083984,6,5,9,-2,2.0,28,33,1.5,7.0,2.5,1.0,8.5,0.5,0.0,1.0,23.0,6.0,9.5,9.0,0.5,0.0,A,0,0,1,1.0,0.0,0.0
2022-2023,x-00005,2022-09-18,t-00025,t-00069,1.0,0.0,2.0,4.0,2.95,3.35,2.6,1688.39318848,1757.90539551,-1,-3,-1,1,2.0,24,17,2.0,13.666666666666666,5.0,4.0,10.666666666666666,0.6666666666666666,0.3333333333333333,1.6666666666666667,9.0,3.0,2.6666666666666665,8.333333333333334,1.0,0.0,H,1,0,0,2.0,0.0,3.0
2022-2023,x-00005,2022-10-01,t-00033,t-00012,3.0,3.0,7.0,6.0,1.49,4.76,6.85,1982.13085938,1779.0435791,9,5,12,5,5.0,35,28,0.0,0.0,0.0,0.0,0.0,0.0,0.0,0.0,0.0,0.0,0.0,0.0,0.0,0.0,D,0,1,0,3.0,1.0,1.0
2022-2023,x-00005,2022-10-01,t-00022,t-00018,1.0,2.0,3.0,3.0,4.83,3.78,1.79,1748.78771973,1852.81445312,0,-2,2,-1,-5.0,27,16,1.0,5.5,2.0,3.0,9.5,2.0,0.0,1.0,13.5,4.0,7.0,10.5,1.5,0.0,A,0,0,1,1.0,0.0,4.0
2022-2023,x-00005,2022-10-01,t-00009,t-00011,0.0,0.0,1.0,4.0,3.3,3.53,2.27,1638.12988281,1718.62072754,-11,-1,0,-3,0.0,11,23,1.3333333333333333,7.666666666666667,2.6666666666666665,3.0,11.0,1.6666666666666667,0.0,1.4,11.622222222222222,4.155555555555556,4.333333333333333,9.4,1.5333333333333334,0.06666666666666667,D,0,1,0,0.0,0.0,0.0
2022-2023,x-00005,2022-10-01,t-00026,t-00040,1.0,4.0,1.0,10.0,2.95,3.42,2.51,1661.09960938,1751.84912109,1,-1,-2,-5,-6.0,25,27,1.75,14.75,4.5,4.75,13.75,3.75,0.25,1.25,13.0,5.0,7.5,7.75,0.25,0.25,A,0,0,1,0.0,0.0,2.0
2022-2023,x-00005,2022-10-01,t-00057,t-00025,1.0,2.0,6.0,5.0,2.38,3.32,3.23,1664.09399414,1696.83044434,-1,1,-2,-5,7.0,17,22,2.0,11.75,5.75,2.5,8.0,0.75,0.0,1.75,10.75,3.75,5.5,11.25,1.75,0.0,A,0,0,1,4.0,0.0,1.0
2022-2023,x-00005,2022-10-01,t-00002,t-00064,3.0,1.0,9.0,3.0,1.99,3.75,3.84,1871.75427246,1872.87072754,6,8,9,7,7.0,33,36,0.0,8.0,4.0,2.0,15.0,3.0,1.0,3.0,16.0,6.0,2.0,8.0,1.0,0.0,H,1,0,0,4.0,1.0,0.0
2022-2023,x-00005,2022-10-01,t-00069,t-00071,2.0,0.0,5.0,4.0,2.07,3.36,4.01,1749.46813965,1703.44006348,-3,-3,-5,-4,2.0,16,14,0.5,10.5,3.5,3.0,8.5,1.0,0.0,0.5,14.5,3.0,6.0,4.0,0.5,0.0,H,1,0,0,2.0,0.0,2.0
2022-2023,x-00005,2022-10-02,t-00035,t-00036,6.0,3.0,10.0,8.0,1.43,5.6,6.7,2030.31066895,1805.43786621,11,1,18,-7,1.0,35,22,2.5786802030456855,17.913705583756347,6.604060913705584,7.5126903553299496,8.99492385786802,1.2944162436548223,0.050761421319796954,1.3333333333333333,12.333333333333334,4.5,3.6666666666666665,12.5,3.3333333333333335,0.0,H,1,0,0,2.0,0.0,3.0
2022-2023,x-00005,2022-10-02,t-00031,t-00003,0.0,0.0,1.0,7.0,2.45,3.49,3.06,1702.74377441,1715.66918945,-1,-3,1,-4,-4.0,24,15,0.0,4.0,1.0,3.0,17.0,5.0,0.0,3.0,15.0,9.0,5.0,11.0,3.0,0.0,D,0,1,0,0.0,0.0,2.0
2022-2023,x-00005,2022-10-03,t-00032,t-00042,4.0,0.0,7.0,3.0,1.74,4.15,4.75,1720.05480957,1588.89001465,-10,-10,4,-8,0.0,19,13,1.7099236641221374,12.778625954198473,4.763358778625954,5.2748091603053435,10.206106870229007,1.3206106870229009,0.03816793893129771,0.8571428571428571,11.285714285714286,2.7142857142857144,3.142857142857143,10.714285714285714,2.857142857142857,0.0,H,1,0,0,0.0,0.0,0.0
2022-2023,x-00005,2022-10-08,t-00018,t-00071,3.0,0.0,7.0,2.0,1.53,4.36,7.03,1876.5098877,1701.96020508,-1,-4,3,-6,2.0,16,15,0.0,0.0,0.0,0.0,0.0,0.0,0.0,0.0,0.0,0.0,0.0,0.0,0.0,0.0,H,1,0,0,1.0,3.0,0.0
2022-2023,x-00005,2022-10-08,t-00035,t-00057,4.0,0.0,8.0,0.0,1.13,11.0,21.0,2041.94970703,1662.015625,14,-3,16,-7,10.0,35,20,1.7142857142857142,18.857142857142858,5.285714285714286,9.714285714285714,7.857142857142857,1.5714285714285714,0.0,0.8571428571428571,7.571428571428571,3.5714285714285716,3.2857142857142856,9.285714285714286,1.5714285714285714,0.14285714285714285,H,1,0,0,4.0,1.0,0.0
2022-2023,x-00005,2022-10-08,t-00040,t-00011,5.0,1.0,6.0,3.0,1.69,4.05,5.35,1770.60119629,1724.35302734,2,0,4,0,0.0,31,22,2.5,24.5,10.0,7.0,10.0,1.5,0.0,1.5,8.0,2.5,4.0,10.0,2.5,0.5,H,1,0,0,0.0,1.0,0.0
2022-2023,x-00005,2022-10-08,t-00009,t-00032,2.0,1.0,4.0,5.0,3.45,3.54,2.22,1645.45275879,1734.10424805,-8,-5,-3,-10,5.0,11,25,1.0,7.5,2.25,4.0,11.0,1.5,0.0,1.7272727272727273,12.81060606060606,4.78030303030303,5.28030303030303,10.227272727272727,1.3257575757575757,0.03787878787878788,H,1,0,0,2.0,1.0,0.0
2022-2023,x-00005,2022-10-08,t-00012,t-00064,0.0,1.0,4.0,3.0,2.58,3.4,2.94,1791.84143066,1868.53588867,5,5,10,5,1.0,27,35,3.0,6.0,6.0,2.0,13.0,1.0,0.0,1.9054054054054055,15.0,5.8108108108108105,5.608108108108108,10.0,1.445945945945946,0.06756756756756757,A,0,0,1,2.0,1.0,2.0
2022-2023,x-00005,2022-10-09,t-00022,t-00031,2.0,1.0,5.0,4.0,2.09,3.62,3.73,1748.52062988,1708.19226074,-1,-1,0,-4,3.0,27,20,0.0,17.0,7.0,6.0,12.0,2.0,0.0,0.0,9.0,2.0,3.0,13.0,2.0,0.0,H,1,0,0,1.0,1.0,0.0
2022-2023,x-00005,2022-10-09,t-00002,t-00033,3.0,2.0,7.0,3.0,2.58,3.84,2.67,1889.96911621,1984.58215332,5,9,10,1,-4.0,36,38,0.6,4.8,2.4,1.6,10.4,1.2,0.0,2.6,17.8,7.0,6.8,11.0,1.4,0.0,H,1,0,0,1.0,2.0,2.0
2022-2023,x-00005,2022-10-09,t-00025,t-00036,1.0,2.0,2.0,4.0,3.65,3.68,2.09,1711.9642334,1809.97729492,2,2,1,-6,1.0,19,26,1.5421686746987953,14.156626506024097,5.0120481927710845,5.783132530120482,10.397590361445783,1.7108433734939759,0.07228915662650602,1.5714285714285714,12.285714285714286,5.0,3.2857142857142856,12.0,3.2857142857142856,0.0,A,0,0,1,2.0,1.0,2.0
2022-2023,x-00005,2022-10-09,t-00069,t-00026,3.0,1.0,8.0,2.0,1.63,4.11,5.89,1768.62194824,1655.40283203,1,-3,-2,-1,3.0,18,17,0.0,10.0,6.0,1.0,10.0,4.0,0.0,2.0,17.0,7.0,3.0,13.0,1.0,0.0,H,1,0,0,2.0,0.0,0.0
2022-2023,x-00005,2022-10-10,t-00042,t-00003,1.0,1.0,3.0,2.0,3.79,3.64,2.03,1587.89587402,1723.27600098,-14,-1,-3,-6,0.0,11,17,0.75,11.125,2.75,3.5,10.875,3.0,0.0,1.2571428571428571,11.742857142857142,4.314285714285714,4.857142857142857,10.8,2.057142857142857,0.02857142857142857,D,0,1,0,0.0,0.0,0.0
2022-2023,x-00005,2022-10-14,t-00011,t-00012,2.0,0.0,3.0,7.0,3.35,3.53,2.27,1719.29541016,1790.49816895,-4,2,3,2,-1.0,20,29,1.3617021276595744,11.53191489361702,4.127659574468085,4.425531914893617,9.404255319148936,1.5319148936170213,0.06382978723404255,1.5,10.0,5.0,4.0,11.0,1.0,0.0,H,1,0,0,0.0,0.0,1.0
2022-2023,x-00005,2022-10-15,t-00026,t-00009,2.0,2.0,4.0,6.0,1.98,3.69,4.03,1655.79602051,1660.484375,-4,2,-3,-10,-3.0,16,13,1.3604651162790697,12.372093023255815,3.988372093023256,5.325581395348837,11.476744186046512,1.686046511627907,0.12790697674418605,1.2,8.0,2.6,4.6,10.4,1.4,0.0,D,0,1,0,0.0,0.0,1.0
2022-2023,x-00005,2022-10-15,t-00064,t-00025,2.0,0.0,7.0,0.0,1.5,4.7,6.9,1885.36682129,1711.12438965,4,1,10,-4,9.0,31,14,5.0,14.0,7.0,5.0,15.0,2.0,0.0,0.0,6.0,0.0,2.0,10.0,0.0,0.0,H,1,0,0,3.0,1.0,1.0
2022-2023,x-00005,2022-10-15,t-00032,t-00022,0.0,0.0,5.0,1.0,2.49,3.54,2.96,1731.22949219,1760.1697998,-5,-2,5,-3,-1.0,25,23,2.0,10.5,4.0,3.0,11.0,2.0,0.0,1.5,14.5,3.5,2.5,13.5,1.5,0.0,D,0,1,0,3.0,0.0,2.0
2022-2023,x-00005,2022-10-15,t-00071,t-00042,1.0,0.0,2.0,2.0,1.76,3.91,5.02,1702.5189209,1596.2175293,-7,-12,-2,-12,0.0,13,13,0.0,8.0,2.0,2.0,8.0,0.0,0.0,0.7777777777777778,10.555555555555555,2.7777777777777777,3.2222222222222223,11.11111111111111,3.0,0.0,H,1,0,0,0.0,0.0,0.0
2022-2023,x-00005,2022-10-16,t-00036,t-00040,0.0,0.0,2.0,2.0,2.08,3.68,3.71,1823.83532715,1787.81567383,2,6,5,3,12.0,26,31,1.625,12.25,4.875,3.375,12.125,3.0,0.0,1.2666666666666666,11.84,4.08,5.246666666666667,9.56,1.6733333333333333,0.03333333333333333,D,0,1,0,5.0,0.0,0.0
2022-2023,x-00005,2022-10-16,t-00003,t-00018,0.0,2.0,7.0,4.0,3.97,3.49,2.07,1727.11108398,1900.34411621,0,5,1,1,-2.0,16,20,2.0,9.0,4.5,3.5,9.0,4.0,0.0,0.0,9.0,1.5,7.0,15.0,3.5,0.0,A,0,0,1,1.0,0.0,2.0
2022-2023,x-00005,2022-10-16,t-00033,t-00035,1.0,0.0,2.0,6.0,3.81,4.25,1.9,1988.65576172,2041.52941895,9,16,12,5,0.0,36,38,1.4,9.3,3.9,3.0,9.8,1.9,0.1,2.4,10.9,4.1,4.8,10.0,2.4,0.0,H,1,0,0,2.0,2.0,1.0
2022-2023,x-00005,2022-10-16,t-00057,t-00069,1.0,1.0,8.0,4.0,3.01,3.37,2.54,1666.2487793,1782.73498535,-6,2,-2,-4,-1.0,15,24,0.8,11.4,3.8,4.6,11.0,2.6,0.0,1.6,12.0,5.0,4.6,10.0,1.0,0.2,D,0,1,0,1.0,2.0,2.0
2022-2023,x-00005,2022-10-16,t-00031,t-00002,0.0,1.0,4.0,4.0,4.97,4.22,1.7,1708.69995117,1907.52258301,-5,5,4,4,-3.0,18,35,1.0,3.0,2.0,2.0,15.0,2.0,1.0,2.0,19.0,9.0,8.0,13.0,2.0,0.0,A,0,0,1,0.0,1.0,1.0
2022-2023,x-00005,2022-10-18,t-00022,t-00071,2.0,1.0,4.0,4.0,2.13,3.39,3.89,1761.01672363,1706.7833252,0,-6,0,-7,2.0,22,11,1.2765957446808511,10.808510638297872,3.9361702127659575,4.404255319148936,11.127659574468085,1.7872340425531914,0.02127659574468085,0.5,8.5,2.0,3.0,12.5,1.0,0.0,H,1,0,0,2.0,1.0,1.0
2022-2023,x-00005,2022-10-18,t-00012,t-00042,0.0,0.0,7.0,0.0,1.41,5.08,8.53,1778.56738281,1591.953125,-1,-7,5,-13,0.0,32,14,1.0,13.666666666666666,5.666666666666667,6.333333333333333,12.333333333333334,1.0,0.0,0.7,10.5,2.7,3.4,11.3,2.9,0.0,D,0,1,0,0.0,0.0,0.0
2022-2023,x-00005,2022-10-19,t-00011,t-00018,0.0,0.0,5.0,5.0,4.49,3.72,1.88,1731.22619629,1907.61474609,-2,6,6,0,-1.0,20,21,0.0,11.5,3.5,5.0,9.5,3.0,0.0,1.5,9.5,3.5,6.0,10.0,1.5,0.0,D,0,1,0,0.0,0.0,1.0
2022-2023,x-00005,2022-10-19,t-00033,t-00069,1.0,0.0,7.0,3.0,1.44,5.05,7.4,1996.48010254,1781.04956055,1,2,11,-2,10.0,26,24,2.4285714285714284,17.142857142857142,6.285714285714286,6.142857142857143,7.285714285714286,0.42857142857142855,0.0,1.1428571428571428,7.571428571428571,3.5714285714285716,4.285714285714286,8.857142857142858,1.7142857142857142,0.0,H,1,0,0,5.0,0.0,0.0
2022-2023,x-00005,2022-10-19,t-00040,t-00025,1.0,0.0,4.0,0.0,1.66,4.06,5.74,1790.44067383,1706.94958496,7,-1,6,-2,2.0,31,12,1.5,14.25,5.5,5.25,11.5,1.75,0.0,1.0,15.25,4.25,7.5,10.0,2.0,0.25,H,1,0,0,3.0,0.0,2.0
2022-2023,x-00005,2022-10-19,t-00036,t-00064,2.0,0.0,10.0,2.0,2.43,3.55,3.05,1821.21032715,1889.54162598,1,6,5,1,-5.0,22,34,1.4444444444444444,12.555555555555555,4.555555555555555,3.4444444444444446,12.222222222222221,3.0,0.0,1.894736842105263,14.986842105263158,5.7894736842105265,5.578947368421052,10.078947368421053,1.4473684210526316,0.06578947368421052,H,1,0,0,3.0,0.0,2.0
2022-2023,x-00005,2022-10-19,t-00009,t-00057,0.0,1.0,3.0,3.0,2.71,3.3,2.86,1662.01916504,1667.9342041,2,-7,0,-8,-2.0,17,16,1.3333333333333333,8.333333333333334,3.1666666666666665,4.833333333333333,10.5,1.1666666666666667,0.0,1.2380952380952381,12.07482993197279,4.374149659863946,5.285714285714286,11.142857142857142,1.5034013605442176,0.07482993197278912,A,0,0,1,0.0,2.0,1.0
2022-2023,x-00005,2022-10-20,t-00026,t-00003,3.0,0.0,8.0,6.0,3.03,3.47,2.47,1654.26123047,1719.8404541,-5,-1,-1,-5,-3.0,17,20,1.367816091954023,12.448275862068966,3.9885057471264367,5.32183908045977,11.448275862068966,1.6896551724137931,0.12643678160919541,1.2162162162162162,11.91891891891892,4.324324324324325,4.891891891891892,11.054054054054054,2.027027027027027,0.02702702702702703,H,1,0,0,0.0,0.0,1.0
2022-2023,x-00005,2022-10-20,t-00032,t-00031,2.0,0.0,1.0,2.0,2.37,3.64,3.05,1730.38256836,1704.22680664,-4,-5,2,-4,-1.0,28,20,1.0,7.0,4.0,5.0,9.0,1.0,0.0,0.0,19.0,4.0,10.0,12.0,2.0,0.0,H,1,0,0,1.0,0.0,1.0
2022-2023,x-00005,2022-10-22,t-00018,t-00036,1.0,1.0,2.0,6.0,2.17,3.65,3.62,1905.08862305,1833.87561035,7,2,6,-4,-1.0,22,30,2.0,15.0,4.0,2.0,12.0,1.0,0.0,1.0,17.0,5.0,6.0,7.0,4.0,0.0,D,0,1,0,1.0,3.0,1.0
2022-2023,x-00005,2022-10-22,t-00025,t-00022,3.0,0.0,6.0,2.0,2.54,3.18,3.18,1703.07727051,1767.35095215,-2,1,-1,-3,7.0,9,22,3.0,12.0,6.0,4.0,9.0,2.0,0.0,2.0,7.0,5.0,5.0,13.0,3.0,0.0,H,1,0,0,4.0,1.0,0.0
2022-2023,x-00005,2022-10-22,t-00042,t-00033,1.0,0.0,7.0,7.0,9.5,5.5,1.36,1598.85961914,1999.78601074,-6,1,-3,-1,0.0,11,27,0.6363636363636364,9.818181818181818,2.4545454545454546,3.1818181818181817,11.545454545454545,2.727272727272727,0.0,2.21,16.585,6.09,6.765,9.185,1.1,0.03,H,1,0,0,0.0,0.0,0.0
2022-2023,x-00005,2022-10-22,t-00035,t-00012,3.0,1.0,4.0,2.0,1.23,7.25,14.0,2034.578125,1773.40686035,9,0,19,0,12.0,35,35,2.59,17.94,6.625,7.5,8.93,1.28,0.05,0.75,15.0,6.0,7.0,11.75,1.5,0.0,H,1,0,0,5.0,0.0,0.0
2022-2023,x-00005,2022-10-23,t-00031,t-00026,2.0,3.0,5.0,5.0,2.1,3.81,3.51,1696.98681641,1669.42907715,-7,-1,3,-3,1.0,17,22,1.0909090909090908,11.681818181818182,3.727272727272727,4.954545454545454,14.0,2.0454545454545454,0.13636363636363635,1.3863636363636365,12.511363636363637,4.034090909090909,5.363636363636363,11.443181818181818,1.6704545454545454,0.125,A,0,0,1,1.0,0.0,0.0
2022-2023,x-00005,2022-10-23,t-00064,t-00040,1.0,2.0,5.0,5.0,2.25,3.52,3.41,1878.62243652,1796.05908203,3,8,11,2,5.0,26,29,2.0,19.333333333333332,5.333333333333333,5.0,6.666666666666667,1.0,0.0,1.3333333333333333,8.666666666666666,2.3333333333333335,4.333333333333333,8.0,1.6666666666666667,0.0,A,0,0,1,3.0,1.0,1.0
2022-2023,x-00005,2022-10-23,t-00071,t-00032,0.0,4.0,5.0,4.0,2.41,3.43,3.18,1702.19519043,1739.36865234,-8,1,-1,-11,2.0,13,25,0.6666666666666666,9.0,2.6666666666666665,3.0,14.333333333333334,1.0,0.0,1.711111111111111,12.733333333333333,4.7555555555555555,5.2592592592592595,10.362962962962962,1.3407407407407408,0.037037037037037035,A,0,0,1,2.0,2.0,0.0
2022-2023,x-00005,2022-10-23,t-00057,t-00002,1.0,1.0,3.0,3.0,7.07,4.79,1.48,1678.01123047,1915.73962402,-5,5,-1,7,-2.0,18,30,0.6,11.6,4.0,5.8,9.8,1.2,0.2,1.8,13.2,5.0,6.0,8.8,1.6,0.2,D,0,1,0,2.0,1.0,2.0
2022-2023,x-00005,2022-10-23,t-00003,t-00011,4.0,0.0,11.0,3.0,2.08,3.57,3.81,1706.41870117,1735.49841309,-4,-5,-1,-5,0.0,25,17,0.0,0.0,0.0,0.0,0.0,0.0,0.0,0.0,0.0,0.0,0.0,0.0,0.0,0.0,H,1,0,0,0.0,1.0,0.0
2022-2023,x-00005,2022-10-24,t-00069,t-00009,2.0,0.0,4.0,3.0,1.62,4.08,6.12,1779.48974609,1653.68811035,2,0,0,-12,3.0,24,17,1.4736842105263157,11.406015037593985,4.075187969924812,4.7293233082706765,9.293233082706767,1.330827067669173,0.045112781954887216,1.1428571428571428,9.285714285714286,3.142857142857143,5.142857142857143,10.142857142857142,1.1428571428571428,0.0,H,1,0,0,1.0,1.0,1.0
2022-2023,x-00005,2022-10-29,t-00026,t-00025,0.0,0.0,6.0,4.0,2.33,3.49,3.27,1677.45446777,1715.40710449,-1,0,2,-2,1.0,20,13,1.404494382022472,12.49438202247191,4.044943820224719,5.370786516853933,11.404494382022472,1.6629213483146068,0.12359550561797752,1.5172413793103448,13.793103448275861,4.873563218390805,5.64367816091954,10.471264367816092,1.7816091954022988,0.06896551724137931,D,0,1,0,1.0,0.0,1.0
2022-2023,x-00005,2022-10-29,t-00040,t-00003,4.0,0.0,7.0,0.0,1.78,3.89,4.92,1805.71484375,1718.83789062,9,-1,5,-6,1.0,27,33,1.261437908496732,11.856209150326798,4.071895424836601,5.26797385620915,9.542483660130719,1.673202614379085,0.032679738562091505,4.0,19.0,11.0,7.0,14.0,1.0,0.0,H,1,0,0,1.0,2.0,0.0
2022-2023,x-00005,2022-10-29,t-00032,t-00035,0.0,1.0,5.0,5.0,7.75,5.2,1.42,1754.68774414,2030.44335938,9,11,4,4,-5.0,22,35,1.2857142857142858,7.714285714285714,3.5714285714285716,2.5714285714285716,8.857142857142858,1.7142857142857142,0.0,2.2857142857142856,18.428571428571427,7.142857142857143,7.142857142857143,11.857142857142858,1.7142857142857142,0.0,A,0,0,1,1.0,0.0,4.0
2022-2023,x-00005,2022-10-29,t-00033,t-00031,1.0,2.0,10.0,6.0,1.23,7.5,12.0,1991.61767578,1684.84118652,0,-5,12,-7,7.0,26,16,2.199004975124378,16.577114427860696,6.0945273631840795,6.786069651741293,9.17910447761194,1.099502487562189,0.029850746268656716,1.1304347826086956,11.782608695652174,3.782608695652174,4.869565217391305,13.91304347826087,2.0,0.13043478260869565,A,0,0,1,2.0,0.0,0.0
2022-2023,x-00005,2022-10-29,t-00012,t-00018,4.0,1.0,9.0,7.0,3.17,3.37,2.44,1768.66308594,1905.17419434,-5,6,3,-1,-7.0,26,21,0.8,13.6,5.2,6.2,11.8,1.8,0.0,1.12,12.648,3.92,5.16,10.448,1.504,0.08,H,1,0,0,0.0,2.0,3.0
2022-2023,x-00005,2022-10-29,t-00022,t-00057,1.0,0.0,3.0,4.0,2.08,3.47,3.94,1750.90075684,1680.69238281,-2,-4,3,-4,-4.0,15,20,2.0,11.5,5.5,5.5,13.5,2.5,0.0,1.5,11.5,3.5,6.0,16.5,2.5,0.0,H,1,0,0,1.0,1.0,3.0
2022-2023,x-00005,2022-10-29,t-00009,t-00064,2.0,3.0,4.0,7.0,5.18,3.79,1.75,1646.27392578,1860.0690918,-2,-2,-3,-1,-2.0,17,20,1.0,8.75,3.125,4.5,10.25,1.25,0.0,1.858974358974359,14.935897435897436,5.730769230769231,5.551282051282051,10.064102564102564,1.4615384615384615,0.0641025641025641,A,0,0,1,1.0,1.0,1.0
2022-2023,x-00005,2022-10-29,t-00011,t-00071,1.0,1.0,3.0,4.0,2.2,3.55,3.49,1718.95898438,1682.75585938,-6,-9,2,-7,-1.0,18,17,1.32,11.38,4.1,4.44,9.44,1.5,0.06,0.5,12.0,3.25,4.5,13.25,1.25,0.0,D,0,1,0,0.0,0.0,1.0
2022-2023,x-00005,2022-10-30,t-00036,t-00069,1.0,0.0,3.0,5.0,1.73,3.97,5.12,1837.20263672,1784.21569824,0,5,4,-2,7.0,30,24,1.4545454545454546,14.0,5.181818181818182,3.909090909090909,11.545454545454545,2.909090909090909,0.0,1.4776119402985075,11.470149253731343,4.074626865671642,4.731343283582089,9.291044776119403,1.3208955223880596,0.04477611940298507,H,1,0,0,4.0,1.0,0.0
2022-2023,x-00005,2022-10-30,t-00002,t-00042,5.0,0.0,10.0,2.0,1.22,7.25,13.5,1893.12109375,1612.39624023,7,-4,7,-11,0.0,30,15,1.6168224299065421,13.186915887850468,4.570093457943925,5.364485981308412,9.85981308411215,1.5981308411214954,0.12149532710280374,0.6666666666666666,9.833333333333334,2.8333333333333335,3.0833333333333335,11.75,2.6666666666666665,0.0,H,1,0,0,0.0,0.0,0.0
2022-2023,x-00005,2022-11-05,t-00025,t-00032,0.0,2.0,2.0,8.0,2.56,3.4,2.96,1724.36621094,1759.95629883,-1,4,3,-5,1.0,12,20,1.2,10.6,4.0,3.8,10.6,1.8,0.0,1.4,12.2,5.0,5.0,13.0,1.4,0.0,A,0,0,1,2.0,2.0,1.0
2022-2023,x-00005,2022-11-05,t-00031,t-00009,4.0,3.0,4.0,6.0,1.65,4.22,5.52,1708.80419922,1650.30419922,-4,-3,1,-10,0.0,21,20,1.1666666666666667,11.875,3.875,4.875,13.458333333333334,1.9583333333333333,0.125,1.1111111111111112,8.444444444444445,3.2222222222222223,4.222222222222222,10.222222222222221,1.2222222222222223,0.0,H,1,0,0,0.0,0.0,0.0
2022-2023,x-00005,2022-11-05,t-00042,t-00011,2.0,2.0,7.0,2.0,2.7,3.24,2.92,1616.93554688,1724.57861328,-5,-6,-3,-9,0.0,14,17,0.6153846153846154,9.461538461538462,2.769230769230769,3.1538461538461537,11.461538461538462,2.5384615384615383,0.0,1.3137254901960784,11.392156862745098,4.078431372549019,4.411764705882353,9.450980392156863,1.5294117647058822,0.058823529411764705,D,0,1,0,0.0,0.0,0.0
2022-2023,x-00005,2022-11-05,t-00035,t-00026,2.0,1.0,5.0,2.0,1.18,8.5,16.0,2043.86889648,1685.14050293,9,2,17,-2,5.0,33,25,3.4,18.6,7.0,6.8,7.0,1.0,0.0,0.6,7.8,3.2,3.2,9.0,1.6,0.0,H,1,0,0,2.0,0.0,0.0
2022-2023,x-00005,2022-11-05,t-00071,t-00012,2.0,3.0,5.0,8.0,3.64,3.33,2.24,1693.78137207,1794.67443848,-7,-2,-5,-3,-2.0,17,29,0.6,12.4,3.4,4.8,14.0,1.6,0.2,1.3333333333333333,14.5,5.833333333333333,6.5,12.5,1.6666666666666667,0.0,A,0,0,1,1.0,2.0,1.0
2022-2023,x-00005,2022-11-06,t-00057,t-00040,1.0,4.0,5.0,4.0,4.49,3.8,1.85,1684.13586426,1823.06079102,-4,10,-1,3,0.0,18,24,1.75,19.25,6.5,7.75,8.25,1.5,0.0,2.0,8.5,3.75,6.25,9.25,1.75,0.0,A,0,0,1,1.0,2.0,2.0
2022-2023,x-00005,2022-11-06,t-00064,t-00033,1.0,2.0,5.0,6.0,3.59,3.89,2.05,1878.52819824,1990.88256836,1,-1,7,-3,-1.0,24,29,1.25,10.25,3.75,5.5,9.75,2.25,0.0,1.0,16.5,4.5,5.75,10.5,2.25,0.25,A,0,0,1,1.0,1.0,3.0
2022-2023,x-00005,2022-11-06,t-00069,t-00022,1.0,2.0,2.0,6.0,1.89,3.59,4.6,1790.5135498,1764.10253906,2,0,4,-5,0.0,24,15,2.5,12.0,4.5,3.0,13.0,1.5,0.0,2.0,15.5,4.0,6.0,6.5,0.0,0.0,A,0,0,1,1.0,3.0,1.0
2022-2023,x-00005,2022-11-06,t-00003,t-00036,3.0,1.0,4.0,3.0,3.18,3.57,2.34,1718.13708496,1858.26428223,-5,4,2,0,-5.0,26,25,1.7843137254901962,12.392156862745098,4.470588235294118,6.137254901960785,10.803921568627452,2.0588235294117645,0.058823529411764705,1.4166666666666667,14.166666666666666,5.0,4.0,11.583333333333334,2.75,0.0,H,1,0,0,0.0,1.0,2.0
2022-2023,x-00005,2022-11-06,t-00018,t-00002,0.0,1.0,1.0,2.0,2.71,3.48,2.69,1897.92480469,1905.82104492,2,9,5,5,-2.0,25,33,0.8,11.2,2.6,5.6,11.8,2.0,0.0,1.0,13.6,4.0,7.6,7.8,1.0,0.0,A,0,0,1,1.0,2.0,2.0
2022-2023,x-00005,2022-11-12,t-00040,t-00018,1.0,0.0,3.0,2.0,2.17,3.46,3.67,1833.09472656,1888.71057129,9,-2,9,-1,-2.0,22,19,1.25,8.75,2.5,3.5,8.5,1.75,0.0,1.0,16.25,6.25,7.75,9.5,1.0,0.0,H,1,0,0,2.0,0.0,3.0
2022-2023,x-00005,2022-11-12,t-00064,t-00031,4.0,3.0,8.0,5.0,1.65,4.42,5.24,1872.11791992,1713.96020508,-1,-2,5,-6,4.0,26,21,1.8625,15.025,5.7375,5.7125,10.0,1.45,0.0625,1.28,12.12,3.88,5.2,13.56,1.96,0.12,H,1,0,0,2.0,0.0,0.0
2022-2023,x-00005,2022-11-12,t-00071,t-00002,0.0,2.0,2.0,4.0,6.54,4.22,1.57,1686.63122559,1915.03540039,-5,8,-6,3,0.0,20,26,0.8333333333333334,11.666666666666666,3.6666666666666665,4.666666666666667,14.166666666666666,1.6666666666666667,0.3333333333333333,1.6422018348623852,13.293577981651376,4.5963302752293576,5.4036697247706424,9.880733944954128,1.5871559633027523,0.11926605504587157,A,0,0,1,2.0,0.0,2.0
2022-2023,x-00005,2022-11-12,t-00009,t-00025,3.0,0.0,9.0,3.0,2.88,3.26,2.73,1645.14819336,1712.2121582,-5,-2,-1,-2,3.0,22,12,1.3,8.5,3.5,4.1,10.2,1.3,0.0,1.4831460674157304,13.719101123595506,4.831460674157303,5.651685393258427,10.426966292134832,1.752808988764045,0.06741573033707865,H,1,0,0,2.0,1.0,0.0
2022-2023,x-00005,2022-11-12,t-00033,t-00057,3.0,1.0,7.0,5.0,1.28,6.66,9.77,1997.29284668,1674.10180664,1,-3,2,-6,16.0,32,23,0.0,0.0,0.0,0.0,0.0,0.0,0.0,0.0,0.0,0.0,0.0,0.0,0.0,0.0,H,1,0,0,5.0,0.0,0.0
2022-2023,x-00005,2022-11-12,t-00042,t-00022,1.0,0.0,2.0,0.0,3.34,3.2,2.44,1618.3684082,1774.20629883,-5,0,-1,-4,0.0,18,16,0.7142857142857143,9.857142857142858,3.0714285714285716,3.142857142857143,11.357142857142858,2.5,0.0,1.2745098039215685,10.941176470588236,3.9215686274509802,4.470588235294118,11.196078431372548,1.8627450980392157,0.0196078431372549,H,1,0,0,0.0,0.0,0.0
2022-2023,x-00005,2022-11-12,t-00035,t-00011,1.0,2.0,6.0,8.0,1.15,9.0,19.5,2044.88427734,1723.14575195,7,-2,16,-8,2.0,28,16,1.5,13.5,5.0,7.0,8.5,0.0,0.0,0.0,6.0,2.0,3.0,12.5,0.0,0.0,A,0,0,1,1.0,0.0,0.0
2022-2023,x-00005,2022-11-12,t-00069,t-00032,0.0,2.0,6.0,6.0,1.99,3.68,4.03,1780.40979004,1772.11035156,-1,7,5,-2,3.0,18,23,2.6,9.0,4.4,5.4,10.2,1.6,0.0,1.8,11.2,3.2,5.4,10.4,1.6,0.2,A,0,0,1,2.0,2.0,1.0
2022-2023,x-00005,2022-11-13,t-00026,t-00036,1.0,2.0,7.0,9.0,4.29,3.9,1.87,1684.12512207,1843.67700195,3,1,1,-3,-4.0,25,24,1.3846153846153846,12.527472527472527,4.043956043956044,5.395604395604396,11.384615384615385,1.6923076923076923,0.12087912087912088,1.3846153846153846,13.692307692307692,4.846153846153846,4.076923076923077,11.615384615384615,2.769230769230769,0.0,A,0,0,1,0.0,0.0,2.0
2022-2023,x-00005,2022-11-13,t-00012,t-00003,1.0,2.0,2.0,2.0,1.76,3.85,5.05,1801.82446289,1732.72424316,0,-3,6,-8,-2.0,33,28,1.5714285714285714,15.142857142857142,6.142857142857143,6.857142857142857,12.285714285714286,1.4285714285714286,0.0,1.8076923076923077,12.26923076923077,4.461538461538462,6.076923076923077,10.711538461538462,2.076923076923077,0.057692307692307696,A,0,0,1,0.0,2.0,1.0
2022-2023,x-00005,2022-12-26,t-00025,t-00071,1.0,2.0,6.0,4.0,2.57,3.25,3.07,1697.42297363,1681.08129883,-3,-8,1,-6,-1.0,15,20,0.0,0.0,0.0,0.0,0.0,0.0,0.0,0.0,0.0,0.0,0.0,0.0,0.0,0.0,A,0,0,1,2.0,0.0,2.0
2022-2023,x-00005,2022-12-26,t-00011,t-00064,2.0,2.0,5.0,8.0,3.36,3.68,2.2,1738.85266113,1875.38684082,-3,-2,2,-2,0.0,21,27,0.0,10.5,2.0,8.5,9.5,1.0,0.0,1.0,10.0,3.0,9.5,10.0,0.5,0.0,D,0,1,0,0.0,1.0,0.0
2022-2023,x-00005,2022-12-26,t-00002,t-00069,3.0,1.0,5.0,4.0,1.57,4.3,6.43,1920.58532715,1767.13537598,9,-3,10,-4,9.0,23,20,2.0,13.2,5.4,6.0,9.4,1.2,0.0,1.0,11.6,3.6,4.0,11.4,1.6,0.2,H,1,0,0,5.0,0.0,0.0
2022-2023,x-00005,2022-12-26,t-00057,t-00012,1.0,3.0,4.0,4.0,3.83,3.52,2.08,1672.17797852,1790.69885254,-5,1,-3,-4,-1.0,20,28,1.0,9.0,5.0,0.0,8.0,2.0,0.0,1.5,14.125,5.625,7.375,12.5,1.5,0.0,A,0,0,1,0.0,4.0,1.0
2022-2023,x-00005,2022-12-26,t-00032,t-00040,0.0,3.0,2.0,5.0,3.47,3.51,2.23,1785.38476562,1841.3170166,9,10,4,6,5.0,24,23,2.2,12.0,4.2,5.0,9.2,1.2,0.2,1.4,10.8,3.6,3.4,12.0,2.4,0.0,A,0,0,1,2.0,0.0,3.0
2022-2023,x-00005,2022-12-26,t-00022,t-00026,0.0,3.0,0.0,11.0,2.29,3.55,3.3,1763.27087402,1678.95336914,-1,2,2,-2,2.0,15,28,1.25,10.884615384615385,3.8461538461538463,4.480769230769231,11.23076923076923,1.9038461538461537,0.019230769230769232,1.3804347826086956,12.543478260869565,4.076086956521739,5.445652173913044,11.358695652173912,1.684782608695652,0.11956521739130435,A,0,0,1,1.0,1.0,0.0
2022-2023,x-00005,2022-12-26,t-00003,t-00033,1.0,3.0,6.0,9.0,4.89,4.13,1.73,1743.84997559,1999.21679688,0,2,5,-2,3.0,23,37,1.0,9.666666666666666,3.0,4.0,8.333333333333334,1.3333333333333333,0.0,3.0,17.666666666666668,6.333333333333333,6.333333333333333,7.666666666666667,1.0,0.0,A,0,0,1,1.0,0.0,2.0
2022-2023,x-00005,2022-12-27,t-00018,t-00009,2.0,0.0,5.0,4.0,1.37,5.35,9.25,1880.48828125,1659.93737793,-5,-2,4,-2,-2.0,17,25,1.1015625,12.546875,3.90625,5.1484375,10.4921875,1.5390625,0.078125,1.4545454545454546,9.181818181818182,4.0,4.0,10.363636363636363,1.3636363636363635,0.0,H,1,0,0,1.0,0.0,2.0
2022-2023,x-00005,2022-12-27,t-00036,t-00042,3.0,0.0,8.0,3.0,1.36,5.5,9.2,1848.84887695,1629.30383301,2,-3,6,-16,0.0,31,18,1.4285714285714286,13.714285714285714,5.142857142857143,4.0,11.5,2.642857142857143,0.0,0.7333333333333333,9.8,3.0,3.0,11.333333333333334,2.4,0.0,H,1,0,0,0.0,0.0,0.0
2022-2023,x-00005,2022-12-28,t-00031,t-00035,1.0,3.0,1.0,9.0,10.34,6.03,1.3,1710.69128418,2029.17749023,-2,2,-1,3,-4.0,22,26,0.0,7.0,2.0,3.0,13.0,1.0,0.0,4.0,19.0,6.0,6.0,3.0,2.0,0.0,A,0,0,1,0.0,1.0,1.0
2022-2023,x-00005,2022-12-30,t-00033,t-00032,2.0,1.0,5.0,2.0,1.26,6.43,12.34,2003.80102539,1772.10388184,3,4,3,3,7.0,39,25,2.0,19.166666666666668,7.666666666666667,8.833333333333334,9.833333333333334,1.0,0.0,0.8333333333333334,6.333333333333333,2.1666666666666665,3.3333333333333335,8.666666666666666,1.3333333333333333,0.0,H,1,0,0,4.0,1.0,0.0
2022-2023,x-00005,2022-12-30,t-00069,t-00011,0.0,2.0,5.0,6.0,2.15,3.65,3.53,1762.08483887,1741.4810791,-4,-3,3,-7,-1.0,21,21,0.5,11.5,3.0,8.5,11.0,1.5,0.0,2.0,14.0,6.5,5.0,7.5,1.5,0.0,A,0,0,1,0.0,0.0,1.0
2022-2023,x-00005,2022-12-31,t-00071,t-00036,0.0,1.0,3.0,6.0,4.12,3.69,1.96,1690.79711914,1853.40637207,-6,3,-9,-3,-1.0,20,29,2.0,7.0,4.0,2.0,22.0,6.0,0.0,1.5333333333333334,13.933333333333334,5.333333333333333,4.333333333333333,11.6,2.6666666666666665,0.0,A,0,0,1,1.0,1.0,2.0
2022-2023,x-00005,2022-12-31,t-00012,t-00002,2.0,4.0,5.0,7.0,4.47,3.77,1.87,1799.28674316,1925.63586426,3,10,4,7,1.0,25,24,1.6666666666666667,13.333333333333334,5.444444444444445,6.777777777777778,12.222222222222221,1.5555555555555556,0.0,1.6576576576576576,13.324324324324325,4.594594594594595,5.405405405405405,9.873873873873874,1.5765765765765767,0.11711711711711711,A,0,0,1,2.0,2.0,1.0
2022-2023,x-00005,2022-12-31,t-00009,t-00022,0.0,2.0,2.0,6.0,3.01,3.22,2.65,1656.27270508,1743.77514648,-3,-5,2,-3,-1.0,26,11,1.3333333333333333,9.166666666666666,4.0,4.333333333333333,10.333333333333334,1.25,0.0,1.2264150943396226,10.754716981132075,3.7735849056603774,4.415094339622642,11.245283018867925,1.8679245283018868,0.05660377358490566,A,0,0,1,1.0,1.0,1.0
2022-2023,x-00005,2022-12-31,t-00035,t-00025,1.0,1.0,3.0,1.0,1.15,9.75,20.0,2032.31274414,1687.70727539,5,-3,9,-5,11.0,29,21,1.75,14.25,5.0,5.5,8.0,1.25,0.25,1.0,10.25,4.0,3.75,10.0,2.0,0.0,D,0,1,0,4.0,1.0,0.0
2022-2023,x-00005,2022-12-31,t-00026,t-00057,2.0,1.0,2.0,3.0,1.84,3.9,4.47,1698.44909668,1663.59008789,2,-8,-1,-7,1.0,31,21,1.3978494623655915,12.655913978494624,4.150537634408602,5.473118279569892,11.397849462365592,1.6666666666666667,0.11827956989247312,1.0,11.5,4.5,2.0,8.5,1.5,0.0,H,1,0,0,1.0,1.0,0.0
2022-2023,x-00005,2022-12-31,t-00040,t-00031,0.0,0.0,5.0,1.0,1.46,4.87,6.94,1854.59790039,1707.5559082,12,-2,10,-6,-1.0,24,21,1.305732484076433,11.86624203821656,4.089171974522293,5.229299363057325,9.560509554140127,1.6560509554140128,0.03184713375796178,1.3333333333333333,12.0,3.814814814814815,5.0,13.222222222222221,1.962962962962963,0.14814814814814814,D,0,1,0,0.0,1.0,1.0
2022-2023,x-00005,2023-01-01,t-00042,t-00018,1.0,1.0,5.0,2.0,5.8,4.2,1.63,1624.74621582,1884.15283203,-6,-3,1,-1,0.0,21,17,0.6875,9.6875,3.0,3.375,10.875,2.3125,0.0,1.1085271317829457,12.565891472868216,3.9147286821705425,5.155038759689923,10.472868217054264,1.5271317829457365,0.07751937984496124,D,0,1,0,0.0,0.0,0.0
2022-2023,x-00005,2023-01-01,t-00064,t-00003,0.0,2.0,2.0,4.0,1.68,4.26,5.1,1872.75830078,1739.26574707,0,1,5,-6,2.0,33,23,1.8902439024390243,15.024390243902438,5.7926829268292686,5.7439024390243905,9.975609756097562,1.4390243902439024,0.06097560975609756,1.7962962962962963,12.185185185185185,4.444444444444445,5.925925925925926,10.648148148148149,2.1296296296296298,0.05555555555555555,A,0,0,1,2.0,0.0,1.0
2022-2023,x-00005,2023-01-02,t-00011,t-00033,3.0,1.0,7.0,6.0,6.24,4.65,1.54,1754.90686035,2006.17456055,3,5,-1,1,0.0,24,37,1.5,9.0,2.5,1.0,7.0,1.0,0.0,3.0,21.5,9.5,10.0,6.5,0.5,0.0,H,1,0,0,0.0,1.0,0.0
2022-2023,x-00005,2023-01-03,t-00036,t-00009,3.0,0.0,6.0,4.0,1.29,6.05,11.5,1858.37817383,1646.67077637,4,-3,8,-5,7.0,29,25,1.5,14.0625,5.375,4.375,11.5625,2.6875,0.0,1.2307692307692308,8.923076923076923,3.8461538461538463,4.153846153846154,10.846153846153847,1.4615384615384615,0.0,H,1,0,0,3.0,0.0,0.0
2022-2023,x-00005,2023-01-03,t-00025,t-00012,1.0,4.0,4.0,8.0,3.23,3.39,2.43,1695.70874023,1791.11962891,-6,3,0,-1,6.0,16,28,1.4565217391304348,13.58695652173913,4.782608695652174,5.554347826086956,10.423913043478262,1.75,0.06521739130434782,1.7,12.9,5.4,6.8,11.7,1.7,0.0,A,0,0,1,4.0,0.0,1.0
2022-2023,x-00005,2023-01-03,t-00032,t-00026,0.0,1.0,6.0,2.0,2.36,3.67,3.06,1769.73034668,1704.48352051,-1,2,2,2,1.0,23,28,2.0,16.0,6.0,4.0,7.0,0.0,0.0,1.0,11.0,3.0,4.0,9.0,1.0,0.0,A,0,0,1,1.0,0.0,1.0
2022-2023,x-00005,2023-01-03,t-00002,t-00040,0.0,0.0,4.0,1.0,1.78,3.91,4.88,1933.80310059,1849.74108887,12,11,11,10,12.0,28,24,1.0,17.333333333333332,3.3333333333333335,5.0,9.0,2.6666666666666665,0.0,1.0,12.333333333333334,4.333333333333333,8.0,9.333333333333334,2.3333333333333335,0.0,D,0,1,0,5.0,0.0,0.0
2022-2023,x-00005,2023-01-04,t-00057,t-00042,0.0,1.0,0.0,1.0,2.43,3.37,3.19,1657.55554199,1630.43481445,-9,-7,-6,-13,0.0,21,19,1.0,10.666666666666666,4.0,2.6666666666666665,10.0,1.3333333333333333,0.0,0.7058823529411765,9.823529411764707,3.1176470588235294,3.235294117647059,11.176470588235293,2.2941176470588234,0.0,A,0,0,1,0.0,0.0,0.0
2022-2023,x-00005,2023-01-04,t-00031,t-00069,2.0,2.0,6.0,2.0,2.93,3.45,2.56,1712.4128418,1748.65917969,-1,-8,-3,-5,-2.0,17,22,1.2857142857142858,11.857142857142858,3.7142857142857144,4.928571428571429,13.428571428571429,2.0714285714285716,0.14285714285714285,1.4388489208633093,11.517985611510792,4.086330935251799,4.7913669064748206,9.352517985611511,1.3453237410071943,0.04316546762589928,D,0,1,0,0.0,0.0,2.0
2022-2023,x-00005,2023-01-04,t-00003,t-00071,1.0,1.0,4.0,3.0,1.95,3.58,4.32,1756.515625,1685.82519531,-1,-3,3,-5,-2.0,16,18,1.8,12.2,4.4363636363636365,5.872727272727273,10.636363636363637,2.1454545454545455,0.05454545454545454,1.0,8.5,3.5,4.5,16.5,3.5,0.0,D,0,1,0,0.0,1.0,2.0
2022-2023,x-00005,2023-01-04,t-00022,t-00064,0.0,4.0,4.0,6.0,3.32,3.47,2.31,1753.3770752,1855.50842285,0,-1,-1,-2,1.0,15,30,0.0,4.0,0.0,2.0,10.0,1.0,1.0,3.0,17.0,6.0,4.0,16.0,1.0,0.0,A,0,0,1,1.0,2.0,2.0
2022-2023,x-00005,2023-01-05,t-00018,t-00035,0.0,1.0,2.0,3.0,5.44,4.19,1.67,1878.4642334,2024.3112793,-3,3,5,5,-1.0,17,28,0.6666666666666666,7.5,2.5,3.8333333333333335,9.166666666666666,2.0,0.0,3.1666666666666665,17.5,7.166666666666667,6.5,7.666666666666667,1.1666666666666667,0.16666666666666666,A,0,0,1,2.0,0.0,3.0
2022-2023,x-00005,2023-01-12,t-00026,t-00018,2.0,1.0,3.0,10.0,4.07,3.48,2.04,1714.91516113,1873.38476562,3,-1,3,-2,-2.0,24,12,2.0,10.0,4.5,4.0,10.5,1.5,0.0,2.0,7.5,4.0,1.5,11.5,1.5,0.0,H,1,0,0,0.0,0.0,2.0
2022-2023,x-00005,2023-01-13,t-00003,t-00031,2.0,1.0,5.0,4.0,2.05,3.66,3.89,1753.6550293,1712.54797363,3,-2,2,-3,-3.0,20,17,1.7857142857142858,12.214285714285714,4.428571428571429,5.892857142857143,10.553571428571429,2.125,0.05357142857142857,1.3103448275862069,11.931034482758621,3.793103448275862,5.0344827586206895,13.344827586206897,2.103448275862069,0.13793103448275862,H,1,0,0,0.0,1.0,1.0
2022-2023,x-00005,2023-01-14,t-00025,t-00057,1.0,2.0,4.0,5.0,2.42,3.26,3.31,1684.44641113,1648.02294922,-9,-9,-4,-7,4.0,16,17,1.4516129032258065,13.548387096774194,4.774193548387097,5.548387096774194,10.397849462365592,1.7634408602150538,0.06451612903225806,0.75,10.0,3.0,3.5,11.0,1.5,0.0,A,0,0,1,3.0,2.0,0.0
2022-2023,x-00005,2023-01-14,t-00036,t-00035,2.0,1.0,4.0,1.0,4.18,4.02,1.91,1863.19897461,2029.39074707,6,3,9,6,-3.0,32,26,3.0,12.0,8.0,1.0,9.0,3.0,0.0,6.0,22.0,10.0,5.0,3.0,0.0,0.0,H,1,0,0,1.0,1.0,3.0
2022-2023,x-00005,2023-01-14,t-00042,t-00032,2.0,0.0,5.0,1.0,2.8,3.2,2.84,1639.96740723,1759.29870605,-1,-1,2,6,0.0,18,24,0.0,10.0,3.0,6.0,12.0,4.0,0.0,4.0,17.0,7.0,6.0,13.0,2.0,0.0,H,1,0,0,0.0,0.0,0.0
2022-2023,x-00005,2023-01-14,t-00012,t-00033,3.0,0.0,9.0,2.0,2.9,3.81,2.41,1802.38195801,1987.26879883,3,4,-1,-1,-9.0,27,33,3.0,6.0,6.0,2.0,13.0,1.0,0.0,3.0,15.0,7.0,9.0,9.0,1.0,0.0,H,1,0,0,0.0,1.0,4.0
2022-2023,x-00005,2023-01-14,t-00011,t-00009,2.0,0.0,4.0,2.0,1.61,4.15,6.25,1773.81262207,1641.84997559,5,-5,4,-8,0.0,28,25,0.0,13.0,4.0,8.0,10.0,2.0,0.0,0.0,7.0,1.0,7.0,11.0,1.0,0.0,H,1,0,0,0.0,0.0,0.0
2022-2023,x-00005,2023-01-14,t-00071,t-00069,1.0,0.0,4.0,4.0,2.54,3.17,3.19,1688.68579102,1748.52404785,-3,-7,-7,-4,5.0,17,19,1.0,9.0,3.3333333333333335,5.666666666666667,15.0,3.3333333333333335,0.0,1.4428571428571428,11.542857142857143,4.071428571428571,4.764285714285714,9.414285714285715,1.3428571428571427,0.04285714285714286,H,1,0,0,3.0,0.0,1.0
2022-2023,x-00005,2023-01-15,t-00040,t-00026,1.0,0.0,5.0,0.0,1.47,4.74,7.33,1852.98999023,1726.14599609,7,5,10,2,0.0,18,25,1.8,14.2,6.0,7.6,8.2,0.2,0.2,1.6,12.4,3.8,4.0,12.8,3.4,0.4,H,1,0,0,0.0,2.0,0.0
2022-2023,x-00005,2023-01-15,t-00018,t-00022,1.0,0.0,5.0,5.0,1.88,3.5,4.8,1862.15380859,1741.02893066,-1,-5,3,-1,12.0,21,16,1.3333333333333333,13.333333333333334,3.6666666666666665,5.333333333333333,11.333333333333334,2.0,0.0,1.0,6.0,2.3333333333333335,3.6666666666666665,10.0,1.6666666666666667,0.0,H,1,0,0,5.0,0.0,0.0
2022-2023,x-00005,2023-01-15,t-00064,t-00002,0.0,2.0,7.0,5.0,3.4,3.59,2.22,1867.85644531,1930.55419922,2,7,-1,6,7.0,29,22,2.0,11.5,4.5,2.0,9.0,1.0,0.5,1.5,15.0,6.5,3.5,12.5,2.5,0.5,A,0,0,1,4.0,1.0,0.0
2022-2023,x-00005,2023-01-18,t-00022,t-00036,1.0,1.0,5.0,4.0,5.4,3.98,1.7,1739.54931641,1871.58154297,-7,9,-4,1,-4.0,15,33,1.1964285714285714,10.964285714285714,3.8392857142857144,4.607142857142857,11.339285714285714,1.8928571428571428,0.05357142857142857,1.6111111111111112,13.944444444444445,5.333333333333333,4.277777777777778,11.833333333333334,2.5555555555555554,0.0,D,0,1,0,1.0,1.0,3.0
2022-2023,x-00005,2023-01-19,t-00035,t-00064,4.0,2.0,6.0,3.0,1.51,4.75,6.55,2018.14038086,1857.57849121,1,1,6,4,6.0,22,31,1.3333333333333333,17.0,4.333333333333333,7.666666666666667,8.666666666666666,1.3333333333333333,0.0,1.0,4.333333333333333,2.3333333333333335,2.0,8.0,1.3333333333333333,0.0,H,1,0,0,3.0,1.0,1.0
2022-2023,x-00005,2023-01-21,t-00032,t-00012,2.0,2.0,2.0,4.0,4.35,4.06,1.83,1744.69506836,1823.08959961,-5,5,-3,2,6.0,17,28,1.6783216783216783,12.594405594405595,4.7272727272727275,5.181818181818182,10.335664335664335,1.3146853146853146,0.03496503496503497,2.0,13.666666666666666,5.916666666666667,6.416666666666667,11.25,1.5833333333333333,0.0,D,0,1,0,3.0,2.0,0.0
2022-2023,x-00005,2023-01-21,t-00057,t-00003,0.0,1.0,5.0,5.0,2.66,3.26,2.95,1657.70007324,1759.74938965,-5,2,-6,-4,2.0,17,21,1.0,10.6,3.4,3.6,12.6,1.8,0.0,1.7894736842105263,12.192982456140351,4.43859649122807,5.7894736842105265,10.578947368421053,2.1228070175438596,0.05263157894736842,A,0,0,1,2.0,0.0,1.0
2022-2023,x-00005,2023-01-21,t-00069,t-00025,2.0,0.0,4.0,2.0,1.88,3.55,4.75,1739.54260254,1674.76928711,-7,-8,-1,-6,0.0,21,18,1.25,10.25,3.25,5.5,9.0,1.0,0.0,1.75,12.0,4.25,4.25,10.0,1.25,0.25,H,1,0,0,2.0,1.0,2.0
2022-2023,x-00005,2023-01-21,t-00033,t-00018,0.0,0.0,3.0,2.0,2.07,3.57,3.84,1966.56103516,1866.50134277,0,1,4,-5,3.0,29,24,1.6666666666666667,13.833333333333334,5.0,5.666666666666667,11.0,1.5,0.16666666666666666,1.0,10.833333333333334,3.8333333333333335,4.666666666666667,8.166666666666666,1.3333333333333333,0.0,D,0,1,0,2.0,2.0,1.0
2022-2023,x-00005,2023-01-21,t-00022,t-00040,0.0,0.0,1.0,7.0,4.66,3.64,1.87,1739.54931641,1857.14648438,-6,5,-5,7,-1.0,20,19,0.0,14.5,5.5,5.0,12.0,1.0,0.0,0.5,18.0,5.0,7.5,15.5,1.5,0.0,D,0,1,0,1.0,3.0,1.0
2022-2023,x-00005,2023-01-21,t-00009,t-00042,1.0,1.0,4.0,5.0,2.93,3.22,2.71,1636.02441406,1654.57116699,-6,1,0,-8,0.0,21,16,3.0,8.0,3.0,6.0,10.0,1.0,0.0,2.0,11.0,3.0,4.0,13.0,2.0,0.0,D,0,1,0,0.0,0.0,0.0
2022-2023,x-00005,2023-01-22,t-00035,t-00071,3.0,0.0,7.0,1.0,1.27,6.25,12.25,2023.00817871,1697.66723633,4,-1,4,-3,5.0,22,16,2.5598086124401913,17.861244019138756,6.54066985645933,7.464114832535885,8.961722488038278,1.2822966507177034,0.05263157894736842,1.0,11.0,3.5,5.25,13.75,2.5,0.0,H,1,0,0,3.0,0.0,1.0
2022-2023,x-00005,2023-01-22,t-00002,t-00036,3.0,2.0,5.0,4.0,1.86,3.9,4.34,1940.83215332,1871.58154297,8,8,10,0,4.0,25,28,1.0,16.0,3.0,5.0,9.0,3.0,0.0,3.0,10.0,6.0,2.0,13.0,3.0,0.0,H,1,0,0,3.0,1.0,1.0
2022-2023,x-00005,2023-01-22,t-00031,t-00011,0.0,0.0,5.0,0.0,2.37,3.61,3.09,1706.45361328,1779.63818359,-4,7,-3,-5,0.0,17,30,2.0,15.5,6.0,4.0,11.0,1.5,0.0,3.0,14.0,6.5,2.5,9.5,2.0,0.5,D,0,1,0,0.0,1.0,0.0
2022-2023,x-00005,2023-01-23,t-00026,t-00064,0.0,1.0,5.0,3.0,3.33,3.86,2.16,1721.98950195,1852.71069336,5,-2,4,1,-2.0,18,26,1.5,12.5,4.0,4.5,11.0,3.5,0.0,3.0,18.5,9.0,8.0,11.0,2.5,0.0,A,0,0,1,0.0,0.0,2.0
2022-2023,x-00005,2023-02-03,t-00018,t-00026,0.0,0.0,3.0,4.0,1.61,4.18,6.09,1870.23779297,1716.51171875,-1,1,1,3,4.0,21,12,1.6666666666666667,11.666666666666666,6.0,3.3333333333333335,13.0,2.0,0.3333333333333333,2.0,9.333333333333334,4.0,4.333333333333333,11.0,2.3333333333333335,0.0,D,0,1,0,2.0,0.0,0.0
2022-2023,x-00005,2023-02-04,t-00025,t-00002,1.0,0.0,4.0,3.0,8.0,4.28,1.5,1666.90844727,1946.2578125,-7,7,-4,7,0.0,17,26,0.4,12.4,2.6,4.6,9.2,1.4,0.0,0.4,15.8,3.8,7.8,9.0,1.4,0.2,H,1,0,0,3.0,1.0,1.0
2022-2023,x-00005,2023-02-04,t-00040,t-00069,1.0,1.0,2.0,1.0,1.67,3.93,5.81,1854.84997559,1747.40344238,4,-3,7,-5,-1.0,23,19,1.25,12.75,4.5,4.75,9.5,2.25,0.0,2.25,11.75,4.75,5.5,7.0,2.75,0.0,D,0,1,0,2.0,1.0,2.0
2022-2023,x-00005,2023-02-04,t-00003,t-00032,2.0,4.0,4.0,5.0,2.13,3.5,3.73,1766.02758789,1745.89892578,2,-7,5,5,-3.0,24,13,0.0,7.0,1.0,5.0,11.5,1.0,0.5,2.5,21.5,9.5,6.5,11.5,2.0,0.0,A,0,0,1,1.0,0.0,2.0
2022-2023,x-00005,2023-02-04,t-00012,t-00009,1.0,0.0,6.0,2.0,1.39,5.25,8.25,1821.88574219,1635.51208496,6,-9,3,-10,-3.0,30,16,2.0,13.615384615384615,5.769230769230769,6.384615384615385,11.076923076923077,1.5384615384615385,0.0,1.0625,9.125,3.75,4.125,10.4375,1.5,0.0,H,1,0,0,1.0,1.0,1.0
2022-2023,x-00005,2023-02-04,t-00011,t-00057,3.0,0.0,4.0,6.0,1.82,3.7,4.89,1778.53222656,1651.421875,6,-4,4,-2,3.0,22,17,1.3793103448275863,11.086206896551724,4.137931034482759,4.293103448275862,9.379310344827585,1.5344827586206897,0.05172413793103448,0.8333333333333334,10.166666666666666,3.6666666666666665,3.3333333333333335,13.666666666666666,1.6666666666666667,0.0,H,1,0,0,1.0,0.0,0.0
2022-2023,x-00005,2023-02-04,t-00071,t-00033,3.0,0.0,6.0,4.0,3.98,3.79,1.97,1695.04309082,1962.82458496,-2,-2,-7,-3,-5.0,15,25,0.8,10.8,3.0,5.6,13.0,2.4,0.0,2.172248803827751,16.535885167464116,6.090909090909091,6.755980861244019,9.229665071770334,1.1004784688995215,0.028708133971291867,H,1,0,0,0.0,0.0,4.0
2022-2023,x-00005,2023-02-04,t-00036,t-00022,2.0,1.0,5.0,3.0,1.39,5.11,9.13,1866.15588379,1741.8458252,4,-3,10,-2,2.0,24,21,1.0,15.0,4.0,3.0,10.0,2.0,0.0,1.0,10.0,5.0,3.0,9.0,1.0,0.0,H,1,0,0,2.0,1.0,2.0
2022-2023,x-00005,2023-02-05,t-00064,t-00035,1.0,0.0,3.0,5.0,4.03,3.91,1.93,1858.18847656,2025.63244629,-1,5,-5,2,2.0,21,20,1.25,5.5,2.5,2.25,9.5,1.5,0.0,2.0,16.75,4.75,7.75,9.0,1.25,0.0,H,1,0,0,3.0,0.0,2.0
2022-2023,x-00005,2023-02-05,t-00042,t-00031,1.0,0.0,2.0,4.0,2.85,3.46,2.62,1655.08349609,1707.55957031,0,-3,4,-3,0.0,19,17,0.8,10.65,3.2,3.3,11.25,2.2,0.0,1.2580645161290323,11.96774193548387,3.838709677419355,5.129032258064516,13.064516129032258,2.096774193548387,0.12903225806451613,H,1,0,0,0.0,0.0,0.0
2022-2023,x-00005,2023-02-08,t-00036,t-00031,2.0,2.0,7.0,2.0,1.56,4.49,6.11,1870.35742188,1699.20983887,4,-2,9,-2,8.0,23,20,0.0,0.0,0.0,0.0,0.0,0.0,0.0,0.0,0.0,0.0,0.0,0.0,0.0,0.0,D,0,1,0,2.0,0.0,0.0
2022-2023,x-00005,2023-02-11,t-00026,t-00042,2.0,0.0,3.0,1.0,1.97,3.52,4.33,1721.54736328,1663.43322754,0,4,0,-7,0.0,14,18,3.0,15.0,7.0,10.0,10.0,4.0,0.0,2.0,11.0,3.0,2.0,11.0,2.0,0.0,H,1,0,0,0.0,0.0,0.0
2022-2023,x-00005,2023-02-11,t-00009,t-00040,1.0,1.0,5.0,7.0,6.1,4.05,1.63,1632.42712402,1850.87182617,-8,1,-1,7,-3.0,14,20,1.0,10.0,3.0,1.0,11.0,2.0,0.0,1.0,20.0,7.0,8.0,10.0,2.0,0.0,D,0,1,0,0.0,2.0,1.0
2022-2023,x-00005,2023-02-11,t-00002,t-00011,1.0,1.0,7.0,2.0,1.58,4.25,6.35,1932.34204102,1785.55432129,4,9,9,-1,1.0,24,21,1.6666666666666667,19.666666666666668,6.333333333333333,7.333333333333333,9.333333333333334,1.0,0.0,1.0,6.333333333333333,2.3333333333333335,1.6666666666666667,9.0,0.3333333333333333,0.0,D,0,1,0,1.0,0.0,0.0
2022-2023,x-00005,2023-02-11,t-00022,t-00012,1.0,1.0,1.0,7.0,5.15,3.79,1.76,1737.64416504,1824.97070312,-6,5,-6,4,0.0,18,32,1.1694915254237288,10.847457627118644,3.7966101694915255,4.559322033898305,11.288135593220339,1.9152542372881356,0.05084745762711865,1.9285714285714286,14.071428571428571,5.785714285714286,6.428571428571429,11.285714285714286,1.6428571428571428,0.0,D,0,1,0,1.0,3.0,1.0
2022-2023,x-00005,2023-02-11,t-00069,t-00018,1.0,1.0,2.0,4.0,3.51,3.38,2.27,1751.3815918,1865.20214844,-1,-1,-1,-5,2.0,16,22,1.3333333333333333,12.0,4.0,5.333333333333333,8.0,1.0,0.0,2.0,13.333333333333334,4.0,4.5,8.0,0.6666666666666666,0.0,D,0,1,0,3.0,1.0,1.0
2022-2023,x-00005,2023-02-11,t-00057,t-00071,1.0,2.0,2.0,2.0,3.26,3.18,2.5,1644.39978027,1719.11975098,-5,0,-7,-3,-1.0,19,17,0.7142857142857143,10.714285714285714,4.0,3.4285714285714284,13.0,1.7142857142857142,0.0,1.1666666666666667,11.0,3.5,5.0,12.333333333333334,2.1666666666666665,0.0,A,0,0,1,1.0,0.0,3.0
2022-2023,x-00005,2023-02-11,t-00032,t-00064,4.0,1.0,7.0,4.0,3.57,3.76,2.1,1759.22631836,1869.26025391,-2,2,-3,4,-3.0,16,22,1.6666666666666667,13.0,4.333333333333333,2.3333333333333335,7.666666666666667,2.0,0.0,4.0,18.666666666666668,9.333333333333334,7.0,11.333333333333334,1.6666666666666667,0.0,H,1,0,0,2.0,0.0,3.0
2022-2023,x-00005,2023-02-12,t-00031,t-00036,0.0,2.0,6.0,5.0,3.81,3.9,1.98,1704.67468262,1864.89257812,-2,1,-2,-1,-2.0,21,24,2.0,8.0,2.0,5.0,11.0,3.0,0.0,2.0,24.0,7.0,6.0,7.0,1.0,0.0,A,0,0,1,0.0,1.0,1.0
2022-2023,x-00005,2023-02-12,t-00035,t-00003,3.0,1.0,9.0,2.0,1.37,5.25,9.0,2014.56054688,1752.70019531,4,2,5,-3,6.0,22,22,2.5,18.0,10.0,6.5,12.5,1.5,0.0,0.5,6.5,2.5,2.0,9.5,1.5,0.0,H,1,0,0,3.0,0.0,0.0
2022-2023,x-00005,2023-02-13,t-00033,t-00025,2.0,0.0,6.0,1.0,1.62,4.3,5.75,1938.7479248,1680.82421875,-7,-5,3,-6,4.0,20,15,2.0,21.9,6.9,8.8,7.9,0.7,0.0,0.7,7.7,3.6,4.0,8.1,0.6,0.0,H,1,0,0,3.0,1.0,1.0
2022-2023,x-00005,2023-02-15,t-00002,t-00035,1.0,3.0,1.0,6.0,3.36,3.52,2.27,1926.02453613,2016.0144043,2,5,8,2,-10.0,24,28,0.2,5.8,1.2,2.8,9.6,1.8,0.6,2.4,17.6,6.4,6.6,8.6,2.0,0.0,A,0,0,1,0.0,0.0,5.0
2022-2023,x-00005,2023-02-18,t-00025,t-00031,1.0,0.0,6.0,0.0,2.82,3.28,2.78,1675.875,1695.49914551,-7,-4,-6,-3,2.0,15,21,0.9945652173913043,9.972826086956522,3.266304347826087,4.353260869565218,10.027173913043478,1.7173913043478262,0.010869565217391304,1.0,12.0,4.0,6.0,10.5,2.5,0.0,H,1,0,0,1.0,0.0,1.0
2022-2023,x-00005,2023-02-18,t-00042,t-00035,1.0,1.0,1.0,6.0,10.5,5.4,1.33,1653.55529785,2024.95336914,2,8,4,3,0.0,14,33,0.0,8.0,1.0,1.0,7.0,1.0,0.0,6.0,17.0,9.0,10.0,9.0,0.0,0.0,D,0,1,0,0.0,0.0,0.0
2022-2023,x-00005,2023-02-18,t-00040,t-00033,0.0,2.0,4.0,7.0,2.56,3.52,2.88,1844.18054199,1939.65222168,1,-6,6,-5,-4.0,22,21,0.3333333333333333,6.0,1.8888888888888888,2.5555555555555554,7.888888888888889,1.4444444444444444,0.0,2.7777777777777777,19.555555555555557,7.333333333333333,7.333333333333333,9.88888888888889,1.1111111111111112,0.0,A,0,0,1,0.0,2.0,3.0
2022-2023,x-00005,2023-02-18,t-00018,t-00057,0.0,1.0,5.0,5.0,1.43,4.68,8.24,1856.99682617,1635.05651855,0,-5,1,-6,1.0,24,18,0.0,0.0,0.0,0.0,0.0,0.0,0.0,0.0,0.0,0.0,0.0,0.0,0.0,0.0,A,0,0,1,2.0,2.0,1.0
2022-2023,x-00005,2023-02-18,t-00012,t-00026,0.0,1.0,7.0,2.0,1.56,4.42,6.39,1821.66833496,1727.38024902,7,1,4,2,0.0,34,15,1.8666666666666667,14.266666666666667,5.866666666666666,6.4,11.266666666666667,1.6,0.0,1.37,12.45,4.05,5.36,11.36,1.73,0.11,A,0,0,1,0.0,2.0,0.0
2022-2023,x-00005,2023-02-18,t-00071,t-00009,0.0,1.0,4.0,1.0,1.83,3.62,4.98,1724.41784668,1635.07336426,2,-6,0,-9,3.0,16,17,1.2857142857142858,11.0,3.2857142857142856,4.571428571428571,12.571428571428571,2.142857142857143,0.14285714285714285,1.0,9.38888888888889,3.7222222222222223,4.055555555555555,10.11111111111111,1.5,0.0,A,0,0,1,2.0,0.0,0.0
2022-2023,x-00005,2023-02-18,t-00011,t-00022,1.0,1.0,5.0,4.0,1.83,3.62,4.96,1788.50061035,1736.90136719,7,-2,7,0,0.0,17,15,0.3333333333333333,10.666666666666666,2.6666666666666665,4.666666666666667,9.0,1.3333333333333333,0.0,0.3333333333333333,8.666666666666666,3.0,5.333333333333333,11.0,1.3333333333333333,0.0,D,0,1,0,0.0,1.0,0.0
2022-2023,x-00005,2023-02-18,t-00003,t-00002,2.0,4.0,5.0,5.0,4.24,3.63,1.95,1747.87512207,1915.73791504,-2,0,-1,6,1.0,20,21,1.7666666666666666,12.266666666666667,4.4,5.783333333333333,10.6,2.0833333333333335,0.05,1.652542372881356,13.533898305084746,4.593220338983051,5.398305084745763,9.898305084745763,1.5932203389830508,0.11016949152542373,A,0,0,1,2.0,0.0,1.0
2022-2023,x-00005,2023-02-19,t-00036,t-00032,3.0,0.0,8.0,3.0,1.58,4.53,5.87,1872.02050781,1773.72253418,2,2,8,3,3.0,25,21,1.0,9.0,2.0,3.0,15.0,3.0,0.0,0.0,10.0,2.0,1.0,7.0,1.0,0.0,H,1,0,0,3.0,1.0,1.0
2022-2023,x-00005,2023-02-19,t-00064,t-00069,2.0,0.0,6.0,1.0,1.88,3.53,4.72,1846.3885498,1751.38024902,-5,1,-3,-4,3.0,20,13,1.25,18.0,4.0,5.5,8.25,1.5,0.0,1.0,7.5,2.25,4.0,9.5,2.5,0.0,H,1,0,0,2.0,2.0,1.0
2022-2023,x-00005,2023-02-24,t-00026,t-00071,1.0,1.0,5.0,2.0,2.68,3.15,3.02,1737.55065918,1711.31018066,1,1,2,-1,-1.0,14,17,1.3663366336633664,12.376237623762377,4.02970297029703,5.326732673267327,11.386138613861386,1.7623762376237624,0.10891089108910891,1.125,11.5,3.375,5.5,12.5,2.25,0.125,D,0,1,0,0.0,1.0,1.0
2022-2023,x-00005,2023-02-25,t-00025,t-00003,0.0,2.0,5.0,5.0,2.61,3.15,3.12,1681.72937012,1739.48547363,-3,-4,-3,-2,-2.0,17,21,1.0,13.0,4.0,4.666666666666667,12.0,3.6666666666666665,0.0,2.6666666666666665,14.333333333333334,7.0,5.333333333333333,8.666666666666666,1.6666666666666667,0.0,A,0,0,1,0.0,1.0,2.0
2022-2023,x-00005,2023-02-25,t-00069,t-00042,4.0,0.0,5.0,3.0,1.71,3.84,5.6,1743.25878906,1659.43884277,-1,1,-3,-9,0.0,12,14,0.0,19.0,5.0,7.0,11.0,1.0,0.0,1.0,13.0,6.0,6.0,10.0,4.0,0.0,H,1,0,0,0.0,0.0,0.0
2022-2023,x-00005,2023-02-25,t-00022,t-00033,0.0,0.0,0.0,4.0,5.08,4.12,1.71,1738.09423828,1933.29162598,-1,-2,-7,-4,-13.0,14,22,0.6666666666666666,9.333333333333334,3.3333333333333335,3.0,10.333333333333334,3.0,0.0,2.3333333333333335,21.333333333333332,7.0,6.333333333333333,11.333333333333334,2.0,0.3333333333333333,D,0,1,0,0.0,0.0,5.0
2022-2023,x-00005,2023-02-25,t-00009,t-00035,1.0,4.0,2.0,5.0,10.1,5.11,1.36,1645.21447754,2016.31164551,-2,6,0,1,-4.0,14,33,1.0,9.157894736842104,3.5789473684210527,3.9473684210526314,10.105263157894736,1.5789473684210527,0.0,2.546728971962617,17.817757009345794,6.542056074766355,7.4392523364485985,9.023364485981308,1.2897196261682242,0.0514018691588785,A,0,0,1,0.0,0.0,3.0
2022-2023,x-00005,2023-02-25,t-00032,t-00002,0.0,1.0,0.0,2.0,6.02,4.31,1.6,1764.42785645,1921.16088867,0,0,-2,7,3.0,18,21,0.8333333333333334,9.166666666666666,3.8333333333333335,3.5,10.833333333333334,2.1666666666666665,0.0,2.0,14.0,5.833333333333333,6.666666666666667,10.0,1.0,0.16666666666666666,A,0,0,1,3.0,0.0,2.0
2022-2023,x-00005,2023-02-25,t-00031,t-00057,1.0,0.0,4.0,2.0,1.96,3.78,4.03,1686.67810059,1647.8293457,-4,-3,-3,-4,3.0,17,23,1.1607142857142858,11.696428571428571,3.9642857142857144,4.928571428571429,11.339285714285714,1.9464285714285714,0.07142857142857142,1.0,8.0,5.0,2.0,24.0,6.0,0.0,H,1,0,0,1.0,1.0,0.0
2022-2023,x-00005,2023-02-26,t-00064,t-00018,2.0,0.0,3.0,2.0,3.04,3.33,2.54,1851.54345703,1841.25744629,-1,0,0,-2,-5.0,19,19,1.0,11.0,3.5,3.5,11.5,2.5,0.0,0.5,13.5,2.5,5.0,10.5,2.5,0.0,H,1,0,0,1.0,0.0,4.0
2022-2023,x-00005,2023-03-01,t-00033,t-00071,2.0,0.0,6.0,1.0,1.53,4.44,6.43,1929.20605469,1713.3215332,1,0,4,-1,9.0,24,15,0.0,22.0,4.0,7.0,7.0,1.0,0.0,3.0,12.0,6.0,2.0,9.0,1.0,0.0,H,1,0,0,4.0,0.0,0.0
2022-2023,x-00005,2023-03-01,t-00002,t-00025,4.0,0.0,5.0,5.0,1.34,5.21,10.65,1926.25366211,1670.73168945,0,-4,1,-7,10.0,18,18,0.3333333333333333,15.666666666666666,3.6666666666666665,7.333333333333333,8.833333333333334,1.3333333333333333,0.16666666666666666,0.5,12.333333333333334,2.8333333333333335,5.0,9.833333333333334,1.8333333333333333,0.0,H,1,0,0,4.0,0.0,1.0
2022-2023,x-00005,2023-03-04,t-00002,t-00009,3.0,2.0,9.0,4.0,1.23,6.75,14.0,1930.42285156,1642.19970703,5,-3,3,-7,8.0,20,14,1.6859504132231404,13.570247933884298,4.578512396694215,5.446280991735537,9.801652892561984,1.5702479338842976,0.10743801652892562,1.0,9.35,3.5,3.95,10.1,1.6,0.0,H,1,0,0,3.0,0.0,0.0
2022-2023,x-00005,2023-03-04,t-00035,t-00040,2.0,0.0,3.0,2.0,1.51,4.55,6.65,2019.32641602,1833.14758301,6,-1,6,6,15.0,31,25,3.0,17.666666666666668,6.777777777777778,6.444444444444445,8.88888888888889,1.6666666666666667,0.1111111111111111,0.7777777777777778,7.444444444444445,2.7777777777777777,3.4444444444444446,9.0,1.8888888888888888,0.0,H,1,0,0,5.0,0.0,0.0
2022-2023,x-00005,2023-03-04,t-00071,t-00064,1.0,0.0,5.0,6.0,3.35,3.34,2.37,1709.65771484,1860.88952637,1,3,0,0,-3.0,15,19,1.0,10.4,3.0,4.9,13.1,2.1,0.1,1.8461538461538463,14.67032967032967,5.626373626373627,5.626373626373627,10.274725274725276,1.5494505494505495,0.06593406593406594,H,1,0,0,0.0,1.0,3.0
2022-2023,x-00005,2023-03-04,t-00012,t-00069,4.0,0.0,9.0,2.0,1.68,4.0,5.54,1808.53137207,1753.375,3,4,0,-5,5.0,33,13,1.75,14.6875,5.9375,6.625,11.3125,1.5,0.0,1.4383561643835616,11.554794520547945,4.02054794520548,4.794520547945205,9.41095890410959,1.3287671232876712,0.0410958904109589,H,1,0,0,3.0,2.0,0.0
2022-2023,x-00005,2023-03-04,t-00057,t-00032,1.0,0.0,5.0,0.0,2.98,3.36,2.57,1642.01062012,1759.33508301,-5,1,-8,-2,-13.0,20,17,0.5,8.0,3.5,2.0,18.5,5.0,0.0,1.6891891891891893,12.527027027027026,4.6824324324324325,5.108108108108108,10.364864864864865,1.3310810810810811,0.033783783783783786,H,1,0,0,0.0,2.0,3.0
2022-2023,x-00005,2023-03-04,t-00003,t-00022,1.0,0.0,1.0,0.0,2.15,3.38,3.82,1750.48327637,1742.17980957,-3,-1,-5,-1,5.0,21,9,1.7741935483870968,12.129032258064516,4.419354838709677,5.645161290322581,10.661290322580646,2.064516129032258,0.04838709677419355,1.1451612903225807,10.67741935483871,3.693548387096774,4.532258064516129,11.209677419354838,1.9516129032258065,0.04838709677419355,H,1,0,0,2.0,1.0,0.0
2022-2023,x-00005,2023-03-04,t-00018,t-00031,1.0,0.0,3.0,2.0,1.6,4.2,6.11,1831.91149902,1692.49694824,-3,-3,1,-3,3.0,16,16,3.0,5.0,3.0,2.0,11.0,1.0,0.0,0.0,11.0,3.0,5.0,15.0,0.0,0.0,H,1,0,0,2.0,0.0,0.0
2022-2023,x-00005,2023-03-05,t-00042,t-00025,2.0,2.0,4.0,3.0,3.1,3.1,2.66,1649.32263184,1666.56237793,-5,-6,4,-11,0.0,12,21,0.75,10.041666666666666,2.9583333333333335,3.0416666666666665,11.0,2.0833333333333335,0.0,0.983957219251337,10.016042780748663,3.299465240641711,4.347593582887701,10.037433155080214,1.7219251336898396,0.0106951871657754,D,0,1,0,0.0,0.0,0.0
2022-2023,x-00005,2023-03-05,t-00033,t-00036,7.0,0.0,8.0,4.0,2.43,3.66,2.97,1932.86987305,1887.82348633,3,5,7,3,8.0,27,29,1.0,17.0,5.0,8.0,7.0,1.0,0.0,2.0,12.0,4.0,6.0,11.0,3.0,0.0,H,1,0,0,3.0,2.0,0.0
2022-2023,x-00005,2023-03-06,t-00011,t-00026,3.0,2.0,6.0,5.0,2.08,3.6,3.8,1784.34118652,1735.53942871,5,2,7,4,0.0,15,19,2.0,13.0,5.0,3.0,7.0,2.0,0.0,3.0,18.0,9.0,6.0,13.0,3.0,0.0,H,1,0,0,0.0,0.0,0.0
2022-2023,x-00005,2023-03-11,t-00031,t-00012,2.0,2.0,4.0,2.0,4.47,3.8,1.85,1693.8581543,1824.61291504,-3,4,-3,6,-1.0,14,33,1.1379310344827587,11.724137931034482,3.9310344827586206,5.0344827586206895,11.327586206896552,1.9137931034482758,0.06896551724137931,1.8823529411764706,15.0,6.117647058823529,6.647058823529412,11.0,1.411764705882353,0.0,D,0,1,0,0.0,1.0,1.0
2022-2023,x-00005,2023-03-11,t-00009,t-00033,1.0,0.0,2.0,6.0,6.98,5.15,1.45,1645.57971191,1952.59814453,-4,13,-2,-6,-11.0,14,31,1.0476190476190477,9.095238095238095,3.5238095238095237,3.8095238095238093,10.0,1.619047619047619,0.0,2.172093023255814,16.516279069767442,6.083720930232558,6.702325581395349,9.265116279069767,1.1255813953488372,0.027906976744186046,H,1,0,0,0.0,0.0,3.0
2022-2023,x-00005,2023-03-11,t-00025,t-00011,1.0,0.0,6.0,4.0,2.7,3.15,2.99,1672.65393066,1794.85437012,-7,4,-4,3,-1.0,20,17,1.5,11.0,3.5,6.5,8.5,1.0,0.5,1.5,12.5,4.5,2.0,8.0,1.0,0.0,H,1,0,0,0.0,0.0,1.0
2022-2023,x-00005,2023-03-11,t-00032,t-00018,1.0,3.0,7.0,6.0,4.1,3.75,1.95,1754.78161621,1855.04431152,0,-2,-2,-3,-2.0,15,17,1.5714285714285714,12.571428571428571,4.714285714285714,6.0,7.428571428571429,1.0,0.0,1.2857142857142858,12.142857142857142,4.142857142857143,6.142857142857143,9.857142857142858,1.2857142857142858,0.0,A,0,0,1,1.0,2.0,2.0
2022-2023,x-00005,2023-03-11,t-00064,t-00042,3.0,1.0,7.0,5.0,1.47,4.63,7.65,1847.31555176,1653.39074707,1,-5,1,-8,0.0,22,11,2.0,18.0,7.0,1.0,13.0,1.0,0.0,0.0,17.0,1.0,6.0,11.0,6.0,0.0,H,1,0,0,0.0,0.0,0.0
2022-2023,x-00005,2023-03-11,t-00022,t-00035,0.0,1.0,0.0,4.0,10.05,5.17,1.35,1740.62487793,2028.55895996,-2,9,-4,3,-6.0,8,29,1.3333333333333333,5.666666666666667,2.0,1.3333333333333333,8.333333333333334,2.6666666666666665,0.0,1.3333333333333333,16.666666666666668,4.0,6.333333333333333,12.0,1.3333333333333333,0.3333333333333333,A,0,0,1,0.0,2.0,3.0
2022-2023,x-00005,2023-03-12,t-00036,t-00057,0.0,0.0,4.0,4.0,1.28,6.28,10.69,1885.68652344,1656.72375488,-1,-3,8,-3,10.0,29,20,1.64,14.2,5.32,4.28,11.36,2.24,0.04,0.6666666666666666,9.0,4.0,2.3333333333333335,16.333333333333332,4.666666666666667,0.0,D,0,1,0,2.0,3.0,0.0
2022-2023,x-00005,2023-03-12,t-00026,t-00002,0.0,3.0,2.0,7.0,7.83,4.9,1.43,1735.18591309,1937.421875,2,6,3,6,-7.0,19,22,1.0,11.0,3.0,2.0,12.0,3.0,0.0,2.0,22.0,8.0,9.0,6.0,2.0,0.0,A,0,0,1,0.0,0.0,2.0
2022-2023,x-00005,2023-03-12,t-00069,t-00003,1.0,1.0,6.0,4.0,2.42,3.28,3.29,1749.75341797,1762.19787598,-2,-3,2,4,2.0,11,17,1.4285714285714286,11.496598639455783,4.006802721088436,4.782312925170068,9.401360544217686,1.3401360544217686,0.04081632653061224,1.7619047619047619,12.063492063492063,4.365079365079365,5.587301587301587,10.714285714285714,2.0634920634920637,0.047619047619047616,D,0,1,0,2.0,1.0,0.0
2022-2023,x-00005,2023-03-12,t-00040,t-00071,2.0,1.0,8.0,4.0,1.66,3.96,5.91,1834.0748291,1725.55065918,-4,-1,0,-4,0.0,22,14,1.2606060606060605,11.909090909090908,4.090909090909091,5.333333333333333,9.575757575757576,1.696969696969697,0.03636363636363636,1.0,10.181818181818182,3.1818181818181817,4.818181818181818,12.909090909090908,2.0,0.09090909090909091,H,1,0,0,1.0,2.0,1.0
2022-2023,x-00005,2023-03-15,t-00057,t-00011,0.0,2.0,1.0,5.0,3.31,3.27,2.42,1666.36291504,1787.93139648,0,3,-4,2,3.0,18,21,0.5,11.0,4.0,3.75,14.5,3.5,0.0,1.3968253968253967,11.174603174603174,4.142857142857143,4.26984126984127,9.476190476190476,1.507936507936508,0.047619047619047616,A,0,0,1,1.0,0.0,0.0
2022-2023,x-00005,2023-03-15,t-00012,t-00022,1.0,0.0,5.0,3.0,1.39,5.23,9.54,1825.32739258,1740.55554199,4,-2,5,-1,0.0,31,5,1.0,17.0,7.0,6.0,11.0,1.0,0.0,1.0,6.0,1.0,1.0,10.0,4.0,0.0,H,1,0,0,1.0,2.0,2.0
2022-2023,x-00005,2023-03-17,t-00042,t-00040,1.0,2.0,3.0,4.0,5.48,3.7,1.75,1650.13830566,1839.02209473,-8,-3,3,1,0.0,14,23,0.0,5.0,0.0,1.0,14.0,3.0,0.0,2.0,23.0,10.0,11.0,9.0,0.0,0.0,A,0,0,1,0.0,0.0,0.0
2022-2023,x-00005,2023-03-18,t-00057,t-00064,3.0,3.0,7.0,3.0,4.62,3.73,1.85,1655.21044922,1851.90258789,-1,2,-4,-1,-1.0,17,26,0.4,10.2,3.4,3.6,14.4,3.0,0.0,1.8387096774193548,14.741935483870968,5.645161290322581,5.612903225806452,10.387096774193548,1.5591397849462365,0.06451612903225806,D,0,1,0,2.0,2.0,1.0
2022-2023,x-00005,2023-03-18,t-00003,t-00009,3.0,0.0,9.0,3.0,1.74,3.95,5.13,1764.12695312,1660.16650391,-1,-2,-2,-6,-1.0,17,14,1.75,12.0625,4.359375,5.53125,10.640625,2.03125,0.046875,1.0454545454545454,8.909090909090908,3.4545454545454546,3.772727272727273,9.863636363636363,1.6363636363636365,0.0,H,1,0,0,0.0,0.0,1.0
2022-2023,x-00005,2023-03-18,t-00071,t-00031,2.0,4.0,8.0,4.0,2.32,3.34,3.43,1721.93798828,1696.69018555,-3,-3,3,-4,0.0,16,16,1.0,9.916666666666666,3.25,4.666666666666667,12.666666666666666,2.0,0.08333333333333333,1.152542372881356,11.728813559322035,3.9322033898305087,5.016949152542373,11.338983050847459,1.8983050847457628,0.06779661016949153,A,0,0,1,1.0,0.0,1.0
2022-2023,x-00005,2023-03-18,t-00018,t-00025,2.0,2.0,7.0,3.0,1.52,4.14,7.71,1865.44384766,1683.12353516,0,-4,0,-8,8.0,20,25,1.0,13.666666666666666,3.8333333333333335,5.333333333333333,10.666666666666666,0.5,0.0,1.1666666666666667,11.333333333333334,3.0,5.666666666666667,8.833333333333334,2.1666666666666665,0.0,D,0,1,0,3.0,2.0,0.0
2022-2023,x-00005,2023-03-18,t-00011,t-00032,1.0,1.0,2.0,1.0,1.9,3.84,4.21,1794.65991211,1745.7166748,2,-4,8,-5,-1.0,22,17,1.3333333333333333,12.666666666666666,4.666666666666667,6.666666666666667,9.333333333333334,1.0,0.0,2.0,12.0,5.0,3.0,7.666666666666667,0.6666666666666666,0.0,D,0,1,0,0.0,0.0,1.0
2022-2023,x-00005,2023-03-19,t-00002,t-00022,4.0,1.0,5.0,4.0,1.27,6.12,12.21,1937.35424805,1733.64331055,11,-3,4,-4,2.0,28,7,0.0,0.0,0.0,0.0,0.0,0.0,0.0,0.0,0.0,0.0,0.0,0.0,0.0,0.0,H,1,0,0,1.0,3.0,1.0
2022-2023,x-00005,2023-04-01,t-00035,t-00033,4.0,1.0,8.0,1.0,1.67,4.25,5.3,2041.53479004,1933.88085938,8,10,9,-5,10.0,24,31,2.1818181818181817,11.363636363636363,4.2727272727272725,4.909090909090909,9.727272727272727,2.272727272727273,0.0,1.3636363636363635,9.636363636363637,3.727272727272727,3.1818181818181817,9.818181818181818,2.0,0.09090909090909091,H,1,0,0,3.0,2.0,0.0
2022-2023,x-00005,2023-04-01,t-00022,t-00032,2.0,1.0,9.0,2.0,2.37,3.39,3.27,1729.00061035,1748.63720703,-6,-7,-1,-4,4.0,7,11,0.6,8.0,2.4,4.6,9.8,0.8,0.0,2.6,14.4,4.8,4.8,12.0,1.2,0.0,H,1,0,0,2.0,2.0,1.0
2022-2023,x-00005,2023-04-01,t-00012,t-00011,3.0,3.0,15.0,5.0,1.64,4.34,5.57,1827.81567383,1791.73925781,4,2,8,3,2.0,30,22,0.0,21.0,7.0,11.0,15.0,1.0,0.0,2.0,7.0,3.0,2.0,12.0,3.0,0.0,D,0,1,0,1.0,0.0,0.0
2022-2023,x-00005,2023-04-01,t-00009,t-00026,2.0,1.0,7.0,2.0,2.61,3.32,2.97,1652.8671875,1728.15026855,-5,-1,-4,0,-1.0,12,17,2.0,10.0,6.0,6.0,11.0,0.0,0.0,2.0,19.0,4.0,5.0,9.0,2.0,0.0,H,1,0,0,0.0,0.0,1.0
2022-2023,x-00005,2023-04-01,t-00018,t-00003,0.0,2.0,8.0,2.0,1.63,4.09,6.06,1859.49816895,1771.42626953,0,4,1,3,4.0,23,24,1.0851063829787233,12.609929078014185,3.9432624113475176,5.212765957446808,10.574468085106384,1.5673758865248226,0.07801418439716312,1.7692307692307692,12.184615384615384,4.430769230769231,5.584615384615384,10.6,2.0153846153846153,0.046153846153846156,A,0,0,1,2.0,1.0,0.0
2022-2023,x-00005,2023-04-01,t-00002,t-00031,4.0,1.0,6.0,5.0,1.27,6.75,10.5,1941.99694824,1711.10217285,12,1,6,-1,3.0,28,14,1.7258064516129032,13.733870967741936,4.637096774193548,5.556451612903226,9.75,1.5403225806451613,0.10483870967741936,1.2,11.716666666666667,3.933333333333333,5.0,11.3,1.95,0.06666666666666667,H,1,0,0,2.0,0.0,0.0
2022-2023,x-00005,2023-04-01,t-00042,t-00071,1.0,1.0,7.0,1.0,3.44,3.16,2.41,1645.26464844,1707.52600098,-7,-4,2,-5,0.0,16,20,0.8148148148148148,9.814814814814815,3.074074074074074,3.2962962962962963,11.296296296296296,2.185185185185185,0.0,1.0769230769230769,10.923076923076923,3.6153846153846154,4.6923076923076925,12.846153846153847,2.076923076923077,0.15384615384615385,D,0,1,0,0.0,0.0,0.0
2022-2023,x-00005,2023-04-02,t-00069,t-00057,1.0,0.0,2.0,3.0,1.77,3.8,4.94,1751.74194336,1659.06262207,-2,-2,4,-2,10.0,16,19,1.4256756756756757,11.533783783783784,4.02027027027027,4.837837837837838,9.391891891891891,1.337837837837838,0.04054054054054054,0.8333333333333334,11.666666666666666,4.0,4.666666666666667,14.166666666666666,2.6666666666666665,0.0,H,1,0,0,4.0,0.0,1.0
2022-2023,x-00005,2023-04-02,t-00040,t-00036,2.0,0.0,6.0,1.0,2.32,3.63,3.17,1843.89587402,1883.69848633,-2,-2,0,-5,-3.0,25,28,0.0,9.0,2.0,4.0,11.0,1.0,0.0,0.0,15.0,2.0,4.0,13.0,3.0,0.0,H,1,0,0,2.0,1.0,2.0
2022-2023,x-00005,2023-04-03,t-00025,t-00064,1.0,1.0,6.0,2.0,3.97,3.51,2.06,1689.06921387,1848.05041504,-5,5,0,-5,-7.0,22,25,0.0,0.0,0.0,0.0,0.0,0.0,0.0,0.0,0.0,0.0,0.0,0.0,0.0,0.0,D,0,1,0,0.0,3.0,2.0
2022-2023,x-00005,2023-04-04,t-00018,t-00033,0.0,0.0,3.0,4.0,2.23,3.47,3.5,1842.72302246,1926.76843262,-1,5,-2,-5,-2.0,26,25,0.0,0.0,0.0,0.0,0.0,0.0,0.0,0.0,0.0,0.0,0.0,0.0,0.0,0.0,D,0,1,0,1.0,2.0,2.0
2022-2023,x-00005,2023-04-04,t-00031,t-00042,2.0,1.0,6.0,1.0,1.72,3.94,5.22,1707.2635498,1645.53051758,-1,-7,-1,-7,0.0,19,22,1.1967213114754098,11.639344262295081,3.9508196721311477,4.967213114754099,11.327868852459016,1.9508196721311475,0.06557377049180328,0.8214285714285714,10.071428571428571,3.2142857142857144,3.3214285714285716,11.392857142857142,2.2142857142857144,0.0,H,1,0,0,0.0,0.0,0.0
2022-2023,x-00005,2023-04-04,t-00009,t-00012,0.0,2.0,3.0,6.0,5.99,4.37,1.59,1661.44372559,1825.3059082,-5,4,-1,5,5.0,18,38,0.0,12.0,2.0,3.0,7.0,1.0,0.0,1.0,20.0,6.0,7.0,14.0,3.0,0.0,A,0,0,1,3.0,0.0,0.0
2022-2023,x-00005,2023-04-04,t-00032,t-00003,1.0,2.0,4.0,5.0,2.74,3.5,2.7,1741.43835449,1788.20141602,-5,8,-1,3,3.0,10,21,2.0,19.0,3.0,4.0,6.0,1.0,0.0,1.7727272727272727,12.075757575757576,4.393939393939394,5.53030303030303,10.681818181818182,2.0303030303030303,0.045454545454545456,A,0,0,1,1.0,1.0,1.0
2022-2023,x-00005,2023-04-05,t-00036,t-00011,1.0,0.0,3.0,1.0,1.65,4.31,5.48,1872.78930664,1794.24902344,-4,2,5,1,3.0,22,22,0.0,15.0,4.0,2.0,15.0,4.0,0.0,4.0,13.0,7.0,8.0,6.0,0.0,0.0,H,1,0,0,1.0,0.0,0.0
2022-2023,x-00005,2023-04-05,t-00069,t-00040,1.0,5.0,2.0,8.0,3.49,3.33,2.3,1756.2376709,1854.80493164,-1,0,7,-1,-2.0,16,24,2.0,11.4,4.0,4.8,8.2,2.4,0.0,1.2,11.8,4.0,4.6,9.8,2.2,0.0,A,0,0,1,1.0,1.0,3.0
2022-2023,x-00005,2023-04-08,t-00057,t-00035,1.0,4.0,1.0,8.0,12.0,6.4,1.26,1654.56689453,2048.6472168,-2,9,-3,5,-3.0,20,26,0.7142857142857143,11.285714285714286,3.857142857142857,4.428571428571429,13.714285714285714,2.5714285714285716,0.0,2.55045871559633,17.775229357798164,6.513761467889908,7.426605504587156,9.055045871559633,1.298165137614679,0.05045871559633028,A,0,0,1,1.0,1.0,3.0
2022-2023,x-00005,2023-04-08,t-00036,t-00025,2.0,0.0,11.0,1.0,1.61,4.2,6.0,1877.55175781,1691.9777832,-5,-3,5,-8,5.0,20,23,1.5,13.892857142857142,5.035714285714286,4.642857142857143,11.285714285714286,2.1785714285714284,0.03571428571428571,0.9947643979057592,10.06806282722513,3.324607329842932,4.324607329842932,10.089005235602095,1.7329842931937174,0.015706806282722512,H,1,0,0,2.0,3.0,0.0
2022-2023,x-00005,2023-04-08,t-00011,t-00040,1.0,2.0,6.0,4.0,4.28,3.58,1.96,1789.48657227,1868.8380127,0,6,6,3,-2.0,17,28,1.3333333333333333,7.333333333333333,2.6666666666666665,4.333333333333333,9.666666666666666,2.0,0.3333333333333333,3.3333333333333335,21.666666666666668,8.666666666666666,7.666666666666667,11.333333333333334,1.0,0.0,A,0,0,1,0.0,0.0,1.0
2022-2023,x-00005,2023-04-08,t-00064,t-00012,2.0,1.0,3.0,4.0,2.83,3.51,2.61,1845.1418457,1832.8918457,3,7,5,5,4.0,21,37,1.0,8.0,2.0,3.0,14.0,3.0,1.0,1.9047619047619047,15.666666666666666,6.285714285714286,6.666666666666667,10.952380952380953,1.380952380952381,0.0,H,1,0,0,4.0,0.0,1.0
2022-2023,x-00005,2023-04-08,t-00003,t-00042,2.0,0.0,3.0,2.0,1.6,4.25,6.12,1796.50073242,1640.35131836,7,-4,1,-9,0.0,21,20,1.7761194029850746,12.119402985074627,4.402985074626866,5.567164179104478,10.73134328358209,2.0,0.04477611940298507,0.8275862068965517,10.172413793103448,3.1379310344827585,3.3448275862068964,11.448275862068966,2.2758620689655173,0.0,H,1,0,0,0.0,0.0,0.0
2022-2023,x-00005,2023-04-08,t-00032,t-00009,0.0,1.0,4.0,7.0,2.12,3.51,3.75,1733.13903809,1653.85791016,-5,-4,-1,-6,4.0,14,19,1.5,14.0,3.5,4.0,8.0,1.5,0.5,1.0,9.28,3.56,3.92,10.24,1.68,0.0,A,0,0,1,2.0,1.0,0.0
2022-2023,x-00005,2023-04-08,t-00071,t-00018,1.0,0.0,4.0,1.0,5.08,3.7,1.79,1707.26013184,1843.55297852,-4,1,2,-1,-1.0,19,27,2.0,7.0,4.0,2.0,22.0,6.0,0.0,1.0,12.0,6.0,2.0,9.0,1.0,0.0,H,1,0,0,2.0,1.0,1.0
2022-2023,x-00005,2023-04-08,t-00026,t-00069,0.0,1.0,3.0,5.0,2.89,3.29,2.69,1719.57373047,1742.20458984,-4,-3,-1,-7,-2.0,16,17,1.5,12.5,4.5,2.5,10.0,2.0,0.0,1.5,13.5,7.0,2.5,9.5,2.5,0.0,A,0,0,1,0.0,1.0,1.0
2022-2023,x-00005,2023-04-09,t-00031,t-00022,1.0,5.0,7.0,8.0,2.09,3.53,3.82,1712.44274902,1736.19946289,-1,-5,0,-6,3.0,21,16,1.3333333333333333,14.333333333333334,3.6666666666666665,5.666666666666667,14.0,3.6666666666666665,0.0,0.6666666666666666,10.0,3.3333333333333335,4.333333333333333,11.666666666666666,2.6666666666666665,0.0,A,0,0,1,2.0,0.0,0.0
2022-2023,x-00005,2023-04-09,t-00033,t-00002,2.0,2.0,6.0,5.0,2.8,3.71,2.51,1925.93847656,1945.83557129,5,14,12,7,16.0,25,32,2.5,16.166666666666668,6.333333333333333,6.166666666666667,11.0,1.5,0.0,1.0,5.833333333333333,3.1666666666666665,2.0,10.5,1.1666666666666667,0.0,D,0,1,0,5.0,0.0,0.0
2022-2023,x-00005,2023-04-15,t-00071,t-00011,2.0,0.0,9.0,3.0,2.9,3.19,2.75,1717.95202637,1782.32434082,-1,0,2,0,-2.0,22,19,1.0666666666666667,10.6,3.466666666666667,4.8,12.933333333333334,2.2666666666666666,0.13333333333333333,1.3970588235294117,11.044117647058824,4.117647058823529,4.25,9.558823529411764,1.4852941176470589,0.058823529411764705,H,1,0,0,0.0,0.0,1.0
2022-2023,x-00005,2023-04-15,t-00064,t-00009,2.0,3.0,8.0,6.0,1.52,4.52,6.6,1851.72180176,1665.27624512,2,-2,8,-3,7.0,21,22,1.5,8.5,2.5,3.0,14.5,3.0,0.5,1.0,9.653846153846153,3.6923076923076925,4.0,10.346153846153847,1.7307692307692308,0.0,A,0,0,1,3.0,0.0,0.0
2022-2023,x-00005,2023-04-15,t-00018,t-00012,1.0,2.0,2.0,10.0,3.12,3.42,2.45,1827.1842041,1826.63427734,-1,2,-2,1,7.0,25,32,1.0,10.0,4.0,5.0,8.0,3.0,0.0,4.0,19.0,8.0,2.0,10.0,1.0,0.0,A,0,0,1,3.0,2.0,0.0
2022-2023,x-00005,2023-04-15,t-00003,t-00040,3.0,0.0,6.0,2.0,3.71,3.48,2.15,1801.51391602,1876.32263184,8,9,2,4,6.0,23,30,2.6666666666666665,16.0,4.0,10.333333333333334,10.666666666666666,1.3333333333333333,0.0,0.6666666666666666,11.333333333333334,4.0,4.666666666666667,7.0,2.0,0.0,H,1,0,0,3.0,0.0,0.0
2022-2023,x-00005,2023-04-15,t-00057,t-00022,0.0,2.0,4.0,2.0,2.93,3.17,2.75,1652.01867676,1754.00146484,-6,0,-5,-1,0.0,16,24,0.75,10.375,3.5,3.875,12.75,2.25,0.0,1.1071428571428572,10.982142857142858,3.5535714285714284,4.773809523809524,10.648809523809524,1.5535714285714286,0.041666666666666664,A,0,0,1,1.0,2.0,2.0
2022-2023,x-00005,2023-04-15,t-00035,t-00032,3.0,1.0,4.0,4.0,1.13,10.25,19.5,2060.53198242,1722.04296875,12,-5,12,-3,7.0,28,18,3.4,22.0,8.4,11.2,9.4,1.0,0.4,0.4,9.0,3.2,3.2,7.6,1.0,0.2,H,1,0,0,4.0,0.0,1.0
2022-2023,x-00005,2023-04-15,t-00025,t-00026,1.0,3.0,7.0,7.0,2.26,3.36,3.55,1687.97729492,1710.90686035,-1,-6,1,-2,1.0,19,17,0.75,8.25,3.25,4.0,8.75,1.75,0.0,1.75,13.75,4.0,7.25,12.75,1.25,0.5,A,0,0,1,1.0,0.0,1.0
2022-2023,x-00005,2023-04-16,t-00042,t-00036,0.0,2.0,0.0,8.0,5.14,4.06,1.7,1635.66040039,1878.94042969,-6,-6,0,-8,0.0,18,23,0.0,8.0,3.0,9.0,4.0,1.0,0.0,3.0,17.0,8.0,9.0,13.0,3.0,0.0,A,0,0,1,0.0,0.0,0.0
2022-2023,x-00005,2023-04-16,t-00069,t-00002,2.0,2.0,3.0,5.0,5.72,4.3,1.61,1751.60864258,1946.84802246,-6,10,1,5,-2.0,17,32,1.0,11.0,3.6666666666666665,4.166666666666667,12.333333333333334,1.6666666666666667,0.16666666666666666,2.1666666666666665,13.666666666666666,5.333333333333333,6.166666666666667,10.0,1.0,0.0,D,0,1,0,1.0,2.0,2.0
2022-2023,x-00005,2023-04-17,t-00031,t-00033,1.0,6.0,3.0,7.0,4.48,4.44,1.73,1694.96313477,1925.24829102,-4,3,-4,-2,-3.0,26,25,0.0,4.666666666666667,1.6666666666666667,3.3333333333333335,7.666666666666667,0.6666666666666666,0.0,4.333333333333333,14.0,9.0,5.666666666666667,7.666666666666667,0.3333333333333333,0.3333333333333333,A,0,0,1,0.0,1.0,1.0
2022-2023,x-00005,2023-04-21,t-00002,t-00057,3.0,3.0,6.0,6.0,1.22,7.26,14.16,1936.19421387,1635.81286621,9,-8,9,-4,6.0,28,16,1.7480314960629921,13.669291338582678,4.653543307086614,5.503937007874016,9.755905511811024,1.5511811023622046,0.10236220472440945,0.6666666666666666,10.444444444444445,3.5555555555555554,4.111111111111111,12.0,2.3333333333333335,0.0,D,0,1,0,3.0,2.0,0.0
2022-2023,x-00005,2023-04-22,t-00032,t-00071,2.0,1.0,8.0,3.0,2.45,3.4,3.13,1713.65612793,1723.36682129,-5,0,-2,-2,4.0,15,26,1.1217391304347826,11.921739130434782,4.0,5.191304347826087,11.060869565217391,1.6695652173913043,0.05217391304347826,1.125,10.625,3.8125,4.8125,12.875,2.1875,0.125,H,1,0,0,3.0,1.0,0.0
2022-2023,x-00005,2023-04-22,t-00022,t-00025,0.0,0.0,2.0,5.0,1.98,3.4,4.48,1756.85473633,1668.81298828,3,-3,0,-8,1.0,26,23,1.0,14.875,4.25,6.75,11.125,0.75,0.0,0.75,11.5,3.0,3.75,12.25,1.375,0.0,D,0,1,0,1.0,3.0,1.0
2022-2023,x-00005,2023-04-22,t-00011,t-00003,1.0,1.0,5.0,2.0,2.72,3.33,2.83,1763.55688477,1810.02124023,-4,11,3,3,1.0,17,25,1.3768115942028984,11.028985507246377,4.101449275362318,4.217391304347826,9.53623188405797,1.4782608695652173,0.057971014492753624,1.7971014492753623,12.115942028985508,4.405797101449275,5.521739130434782,10.710144927536232,2.0,0.043478260869565216,D,0,1,0,1.0,0.0,0.0
2022-2023,x-00005,2023-04-22,t-00033,t-00042,3.0,2.0,6.0,5.0,1.17,8.5,16.5,1926.87060547,1623.8692627,1,-6,11,-11,0.0,24,13,0.0,15.0,7.0,11.0,8.0,1.0,0.0,1.0,10.0,7.0,2.0,14.0,2.0,0.0,H,1,0,0,0.0,0.0,0.0
2022-2023,x-00005,2023-04-22,t-00026,t-00031,2.0,1.0,5.0,2.0,2.39,3.48,3.11,1716.71862793,1679.98815918,-4,-9,-3,-3,-1.0,19,25,1.0,11.0,3.6666666666666665,4.0,11.333333333333334,1.0,0.3333333333333333,1.0,10.0,2.3333333333333335,7.0,15.0,2.0,0.0,H,1,0,0,0.0,0.0,1.0
2022-2023,x-00005,2023-04-23,t-00009,t-00069,0.0,4.0,5.0,10.0,3.03,3.34,2.55,1672.12036133,1757.14257812,-2,-2,-3,-6,2.0,26,18,0.0,5.0,3.0,0.0,11.0,2.0,0.0,2.0,20.0,4.0,5.0,9.0,0.0,0.0,A,0,0,1,1.0,2.0,0.0
2022-2023,x-00005,2023-04-23,t-00040,t-00064,6.0,1.0,8.0,3.0,1.93,3.82,4.11,1854.46276855,1831.52514648,5,2,2,-3,-6.0,24,23,1.2923976608187135,12.011695906432749,4.1345029239766085,5.362573099415204,9.649122807017545,1.6608187134502923,0.03508771929824561,1.6666666666666667,13.666666666666666,4.333333333333333,4.666666666666667,12.333333333333334,2.3333333333333335,0.3333333333333333,H,1,0,0,0.0,1.0,4.0
2022-2023,x-00005,2023-04-25,t-00003,t-00026,1.0,0.0,3.0,0.0,1.77,3.84,4.99,1810.01159668,1722.50012207,8,-2,7,1,2.0,18,19,1.0,8.0,3.5,5.5,13.0,3.0,0.0,0.5,16.0,6.0,9.0,10.0,1.0,0.0,H,1,0,0,1.0,0.0,0.0
2022-2023,x-00005,2023-04-25,t-00071,t-00022,2.0,0.0,3.0,4.0,2.34,3.05,3.82,1716.21948242,1753.17419434,0,4,1,1,0.0,25,25,1.1176470588235294,10.941176470588236,3.764705882352941,4.9411764705882355,13.058823529411764,2.235294117647059,0.11764705882352941,1.1058823529411765,10.976470588235294,3.5352941176470587,4.776470588235294,10.670588235294117,1.5470588235294118,0.041176470588235294,H,1,0,0,2.0,0.0,2.0
2022-2023,x-00005,2023-04-25,t-00031,t-00032,1.0,1.0,3.0,3.0,2.42,3.6,3.02,1674.20678711,1720.8034668,-12,-4,-7,-7,-3.0,23,22,1.2,11.76923076923077,3.9846153846153847,5.015384615384615,11.292307692307693,1.9538461538461538,0.06153846153846154,1.1293103448275863,11.948275862068966,4.0344827586206895,5.155172413793103,11.112068965517242,1.6637931034482758,0.05172413793103448,D,0,1,0,0.0,1.0,1.0
2022-2023,x-00005,2023-04-26,t-00035,t-00002,4.0,1.0,9.0,2.0,1.68,4.17,5.2,2057.95336914,1928.58251953,11,6,12,6,13.0,27,27,2.5,16.166666666666668,6.333333333333333,6.0,9.666666666666666,2.1666666666666665,0.0,0.3333333333333333,6.5,1.1666666666666667,2.5,9.833333333333334,1.8333333333333333,0.5,H,1,0,0,5.0,0.0,0.0
2022-2023,x-00005,2023-04-26,t-00069,t-00033,1.0,2.0,2.0,4.0,3.64,3.89,2.04,1771.27270508,1928.46777344,2,3,1,1,-6.0,22,24,1.0,7.625,3.5,4.125,8.75,1.5,0.0,2.25,17.75,6.375,6.375,7.5,0.375,0.0,A,0,0,1,1.0,1.0,3.0
2022-2023,x-00005,2023-04-26,t-00018,t-00011,0.0,2.0,4.0,1.0,1.88,3.69,4.55,1804.65087891,1763.56652832,-4,-4,-2,-2,-3.0,21,20,1.5,12.0,6.0,5.0,8.0,1.0,1.0,2.0,18.5,6.0,5.0,8.0,2.5,0.0,A,0,0,1,0.0,0.0,1.0
2022-2023,x-00005,2023-04-26,t-00042,t-00012,3.0,1.0,5.0,7.0,5.83,4.37,1.59,1622.27209473,1829.48413086,-6,3,-3,2,0.0,15,40,0.0,3.0,0.0,1.0,14.0,1.0,0.0,0.0,19.0,7.0,9.0,10.0,3.0,0.0,H,1,0,0,0.0,0.0,0.0
2022-2023,x-00005,2023-04-27,t-00064,t-00036,2.0,2.0,7.0,8.0,2.95,3.91,2.34,1817.5177002,1851.20361328,-5,3,6,-6,-4.0,19,27,2.3333333333333335,14.666666666666666,6.333333333333333,6.333333333333333,9.666666666666666,1.5,0.0,1.5333333333333334,14.666666666666666,5.333333333333333,4.966666666666667,11.166666666666666,2.1,0.03333333333333333,D,0,1,0,1.0,1.0,3.0
2022-2023,x-00005,2023-04-27,t-00025,t-00040,1.0,4.0,5.0,8.0,4.71,3.73,1.84,1672.49353027,1868.47009277,-4,9,-2,1,0.0,22,28,2.0,10.428571428571429,4.0,5.285714285714286,13.857142857142858,2.142857142857143,0.0,0.7142857142857143,12.714285714285714,3.142857142857143,5.714285714285714,9.857142857142858,1.1428571428571428,0.0,A,0,0,1,2.0,2.0,1.0
2022-2023,x-00005,2023-04-27,t-00057,t-00009,0.0,1.0,2.0,2.0,2.62,3.26,3.0,1643.42456055,1657.99035645,-6,-3,-6,-1,-1.0,21,28,0.9,10.2,3.8,3.9,12.2,2.6,0.0,1.0357142857142858,9.785714285714286,3.8214285714285716,4.035714285714286,10.178571428571429,1.7142857142857142,0.0,A,0,0,1,1.0,1.0,1.0
2022-2023,x-00005,2023-04-29,t-00012,t-00071,6.0,0.0,8.0,2.0,1.64,4.17,5.66,1812.1784668,1727.64904785,0,4,5,-4,0.0,42,20,1.8333333333333333,16.208333333333332,6.375,6.75,11.0,1.3333333333333333,0.0,1.1666666666666667,10.833333333333334,3.7222222222222223,5.0,13.055555555555555,2.388888888888889,0.1111111111111111,H,1,0,0,1.0,2.0,1.0
2022-2023,x-00005,2023-04-29,t-00011,t-00042,2.0,1.0,8.0,3.0,1.77,3.8,5.02,1778.24475098,1639.57763672,-2,-4,0,-10,0.0,16,13,2.0,6.0,2.0,3.0,11.0,2.0,0.0,2.0,15.0,7.0,3.0,10.0,2.0,0.0,H,1,0,0,0.0,0.0,0.0
2022-2023,x-00005,2023-04-29,t-00022,t-00069,4.0,3.0,6.0,4.0,2.56,3.26,3.08,1741.74462891,1766.04248047,5,0,0,-1,-1.0,25,22,1.0,7.25,2.25,3.75,10.5,1.0,0.25,1.5,10.75,3.75,4.75,7.0,0.5,0.0,H,1,0,0,1.0,2.0,2.0
2022-2023,x-00005,2023-04-30,t-00036,t-00003,1.0,0.0,6.0,1.0,1.76,4.05,4.72,1851.59277344,1814.79724121,3,7,6,5,0.0,31,19,1.0,8.0,3.0,5.0,12.0,3.0,0.0,3.0,6.0,4.0,3.0,6.0,3.0,0.0,H,1,0,0,1.0,1.0,1.0
2022-2023,x-00005,2023-04-30,t-00040,t-00057,3.0,1.0,5.0,3.0,1.25,6.41,12.44,1876.23815918,1634.44726562,10,-7,6,-1,7.0,30,16,1.3352601156069364,12.104046242774567,4.179190751445087,5.433526011560693,9.61271676300578,1.6473988439306357,0.03468208092485549,0.8181818181818182,10.272727272727273,3.6363636363636362,4.090909090909091,11.909090909090908,2.3636363636363638,0.0,H,1,0,0,4.0,1.0,0.0
2022-2023,x-00005,2023-04-30,t-00009,t-00031,4.0,1.0,7.0,6.0,2.51,3.43,3.01,1666.9675293,1674.2376709,-3,-9,-7,-4,0.0,23,21,1.0344827586206897,10.0,3.7586206896551726,4.0344827586206895,10.206896551724139,1.7586206896551724,0.0,1.196969696969697,11.787878787878787,3.9696969696969697,4.984848484848484,11.333333333333334,1.9848484848484849,0.06060606060606061,H,1,0,0,0.0,0.0,0.0
2022-2023,x-00005,2023-04-30,t-00033,t-00064,4.0,3.0,4.0,7.0,1.54,4.98,5.65,1933.69799805,1817.12854004,7,-5,12,-9,3.0,27,23,2.1666666666666665,16.436936936936938,6.045045045045045,6.653153153153153,9.324324324324325,1.1396396396396395,0.02702702702702703,2.2857142857142856,15.142857142857142,6.428571428571429,6.285714285714286,9.428571428571429,1.4285714285714286,0.0,H,1,0,0,3.0,2.0,0.0
2022-2023,x-00005,2023-04-30,t-00026,t-00035,1.0,2.0,1.0,9.0,11.62,6.36,1.26,1717.71447754,2064.56323242,0,12,-1,9,-5.0,17,33,0.6666666666666666,7.166666666666667,3.0,2.6666666666666665,9.333333333333334,2.0,0.0,3.1666666666666665,18.166666666666668,6.666666666666667,7.166666666666667,6.833333333333333,1.1666666666666667,0.16666666666666666,A,0,0,1,0.0,0.0,2.0
2022-2023,x-00005,2023-05-01,t-00032,t-00025,2.0,2.0,6.0,8.0,2.06,3.48,4.01,1720.77270508,1664.72546387,-3,-7,-4,-6,-1.0,23,24,1.6,17.8,6.4,6.4,11.2,0.8,0.0,1.2,12.8,3.4,4.2,14.6,1.6,0.0,D,0,1,0,2.0,0.0,3.0
2022-2023,x-00005,2023-05-02,t-00002,t-00018,3.0,1.0,10.0,4.0,1.63,4.17,5.71,1921.97265625,1789.97253418,0,-6,11,-1,1.0,24,18,2.75,12.5,5.0,6.5,10.0,2.0,0.25,1.5,14.25,4.25,7.75,12.25,2.0,0.0,H,1,0,0,2.0,1.0,2.0
2022-2023,x-00005,2023-05-03,t-00035,t-00069,3.0,0.0,7.0,2.0,1.17,8.33,17.25,2066.54394531,1758.5189209,12,3,12,-2,6.0,38,24,2.125,18.875,6.375,7.25,6.375,1.0,0.0,0.875,5.75,2.0,2.25,8.375,1.125,0.0,H,1,0,0,5.0,0.0,0.0
2022-2023,x-00005,2023-05-03,t-00033,t-00026,1.0,0.0,3.0,3.0,1.32,6.15,8.79,1937.72924805,1715.73376465,8,0,11,0,1.0,27,16,2.2,12.4,4.0,5.4,10.4,1.8,0.0,1.4,9.2,3.4,3.4,11.4,1.4,0.0,H,1,0,0,1.0,0.0,1.0
2022-2023,x-00005,2023-05-04,t-00012,t-00036,1.0,0.0,6.0,5.0,2.18,3.86,3.27,1824.44262695,1857.48266602,6,6,10,-5,2.0,35,36,2.0,16.44,6.44,6.56,11.12,1.32,0.0,1.53125,14.71875,5.4375,4.9375,11.1875,2.09375,0.03125,H,1,0,0,3.0,0.0,2.0
2022-2023,x-00005,2023-05-06,t-00035,t-00031,2.0,1.0,6.0,2.0,1.17,8.75,17.0,2069.10229492,1662.2097168,12,-13,13,-6,6.0,37,21,4.0,18.0,5.5,9.5,8.0,0.0,0.0,0.5,5.0,1.5,2.5,9.0,1.0,0.0,H,1,0,0,1.0,0.0,1.0
2022-2023,x-00005,2023-05-06,t-00033,t-00011,1.0,0.0,5.0,1.0,1.43,5.39,6.91,1940.11889648,1782.05310059,9,0,10,1,3.0,24,23,2.3333333333333335,19.666666666666668,8.333333333333334,9.666666666666666,7.0,1.3333333333333333,0.0,2.0,9.333333333333334,4.0,2.0,6.333333333333333,1.0,0.0,H,1,0,0,1.0,0.0,0.0
2022-2023,x-00005,2023-05-06,t-00064,t-00022,1.0,0.0,3.0,2.0,1.82,3.94,4.53,1813.09729004,1749.26818848,-6,5,4,0,13.0,28,22,2.375,14.5,6.5,5.75,9.0,1.5,0.0,1.1162790697674418,11.023255813953488,3.552325581395349,4.8313953488372094,10.680232558139535,1.558139534883721,0.040697674418604654,H,1,0,0,5.0,0.0,0.0
2022-2023,x-00005,2023-05-06,t-00009,t-00018,1.0,3.0,4.0,5.0,3.62,3.67,2.11,1678.9954834,1784.50512695,2,-6,-1,-3,3.0,27,14,3.0,16.0,9.0,3.0,12.0,2.0,0.0,0.0,15.0,3.0,5.0,8.0,0.0,0.0,A,0,0,1,1.0,1.0,1.0
2022-2023,x-00005,2023-05-06,t-00071,t-00003,1.0,0.0,2.0,3.0,3.19,3.4,2.41,1715.3848877,1808.90734863,-2,5,4,2,1.0,21,15,1.0,10.0,3.0,8.0,12.0,3.0,0.0,1.0,13.0,4.0,7.0,6.0,1.0,0.0,H,1,0,0,2.0,0.0,1.0
2022-2023,x-00005,2023-05-07,t-00069,t-00036,1.0,0.0,4.0,4.0,3.64,3.76,2.05,1755.96057129,1849.92822266,-1,4,-4,-8,1.0,21,38,0.0,13.0,5.0,10.0,10.0,3.0,0.0,1.0,16.0,3.0,5.0,12.0,1.0,0.0,H,1,0,0,2.0,1.0,2.0
2022-2023,x-00005,2023-05-07,t-00040,t-00002,0.0,2.0,5.0,6.0,2.32,3.77,3.07,1879.37597656,1927.44018555,8,-1,8,1,-1.0,27,28,0.75,11.25,3.5,7.25,11.0,2.75,0.0,0.75,17.25,3.5,5.0,9.25,3.0,0.0,A,0,0,1,2.0,0.0,3.0
2022-2023,x-00005,2023-05-08,t-00012,t-00025,1.0,5.0,5.0,5.0,1.37,5.55,8.52,1831.99694824,1667.62683105,5,-7,12,-2,0.0,35,26,1.9615384615384615,16.653846153846153,6.423076923076923,6.615384615384615,11.076923076923077,1.4230769230769231,0.0,0.9897959183673469,10.198979591836734,3.372448979591837,4.321428571428571,10.10204081632653,1.7244897959183674,0.02040816326530612,A,0,0,1,2.0,2.0,1.0
2022-2023,x-00005,2023-05-08,t-00026,t-00032,5.0,3.0,7.0,9.0,2.72,3.49,2.72,1713.34423828,1717.87121582,0,-2,-4,-4,-2.0,16,25,0.0,12.0,1.0,6.0,18.0,3.0,0.0,2.0,7.0,3.0,0.0,10.0,2.0,0.0,H,1,0,0,0.0,1.0,1.0
2022-2023,x-00005,2023-05-08,t-00042,t-00057,4.0,3.0,4.0,5.0,2.03,3.61,3.93,1635.76928711,1631.30957031,-4,-8,-1,-4,0.0,15,16,0.8823529411764706,9.852941176470589,3.1176470588235294,3.3529411764705883,11.470588235294118,2.264705882352941,0.0,0.8333333333333334,9.75,3.5833333333333335,3.9166666666666665,11.75,2.5,0.0,H,1,0,0,0.0,0.0,0.0
2022-2023,x-00005,2023-05-13,t-00057,t-00026,0.0,2.0,1.0,4.0,2.74,3.57,2.65,1625.46130371,1723.69628906,-6,0,-8,-2,4.0,20,16,1.0,10.461538461538462,3.6923076923076925,4.461538461538462,11.615384615384615,2.3076923076923075,0.0,1.3660714285714286,12.241071428571429,3.9910714285714284,5.267857142857143,11.392857142857142,1.7321428571428572,0.09821428571428571,A,0,0,1,2.0,0.0,0.0
2022-2023,x-00005,2023-05-13,t-00022,t-00009,2.0,0.0,5.0,0.0,1.81,3.78,4.9,1744.87023926,1670.30334473,0,-1,1,-1,3.0,16,24,1.1098265895953756,11.0,3.5433526011560694,4.826589595375722,10.699421965317919,1.5780346820809248,0.04046242774566474,1.1290322580645162,10.064516129032258,3.870967741935484,4.064516129032258,10.225806451612904,1.7096774193548387,0.0,H,1,0,0,2.0,1.0,0.0
2022-2023,x-00005,2023-05-13,t-00031,t-00040,2.0,2.0,4.0,5.0,5.16,4.5,1.63,1662.23754883,1868.67932129,-10,5,-8,6,2.0,16,28,1.0,6.0,1.0,4.0,13.0,0.0,0.0,2.0,19.0,7.0,4.0,8.0,0.0,0.0,D,0,1,0,1.0,0.0,1.0
2022-2023,x-00005,2023-05-13,t-00036,t-00071,2.0,0.0,9.0,0.0,1.39,5.39,8.1,1841.58947754,1725.50268555,1,-2,7,-10,0.0,31,19,1.0,16.0,6.0,5.0,11.0,3.0,0.0,0.0,10.0,3.0,7.0,11.0,1.0,0.0,H,1,0,0,1.0,2.0,1.0
2022-2023,x-00005,2023-05-13,t-00003,t-00064,2.0,1.0,4.0,2.0,2.24,3.79,3.2,1800.41088867,1819.11645508,2,-6,10,-7,-7.0,15,28,1.726027397260274,12.150684931506849,4.287671232876712,5.52054794520548,10.534246575342467,2.0,0.0410958904109589,2.2222222222222223,13.777777777777779,6.111111111111111,6.0,9.666666666666666,1.6666666666666667,0.0,H,1,0,0,0.0,0.0,3.0
2022-2023,x-00005,2023-05-13,t-00018,t-00042,2.0,2.0,6.0,2.0,1.57,4.38,5.75,1794.81848145,1643.23876953,-4,-1,-5,-7,0.0,16,17,1.0,19.0,8.0,6.0,6.0,3.0,0.0,1.0,14.0,5.0,2.0,9.0,2.0,0.0,D,0,1,0,0.0,0.0,0.0
2022-2023,x-00005,2023-05-14,t-00025,t-00035,0.0,3.0,3.0,4.0,8.35,5.27,1.39,1694.97558594,2071.09130859,-1,10,-6,8,-9.0,30,35,0.2,4.7,0.9,2.1,6.9,1.5,0.0,3.0,18.9,7.3,6.5,8.2,1.0,0.0,A,0,0,1,0.0,0.0,5.0
2022-2023,x-00005,2023-05-14,t-00002,t-00012,0.0,3.0,2.0,6.0,1.74,4.39,4.48,1939.75793457,1806.26953125,1,2,9,0,2.0,29,36,4.0,14.0,7.0,4.0,11.0,3.0,0.0,2.0,9.0,5.0,7.0,7.0,3.0,0.0,A,0,0,1,2.0,1.0,2.0
2022-2023,x-00005,2023-05-14,t-00011,t-00069,2.0,0.0,10.0,4.0,1.83,3.7,4.79,1779.56787109,1768.1697998,0,0,1,-3,2.0,18,22,2.0,12.333333333333334,6.333333333333333,3.6666666666666665,6.666666666666667,1.0,0.0,0.3333333333333333,14.333333333333334,3.6666666666666665,8.333333333333334,10.333333333333334,1.3333333333333333,0.0,H,1,0,0,1.0,0.0,0.0
2022-2023,x-00005,2023-05-15,t-00032,t-00033,0.0,3.0,4.0,5.0,4.63,4.27,1.74,1709.14038086,1944.2253418,-3,5,-3,2,-3.0,30,22,2.0,9.4,4.4,2.6,9.2,1.8,0.0,2.2,19.4,7.2,8.0,12.0,1.2,0.0,A,0,0,1,2.0,0.0,3.0
2022-2023,x-00005,2023-05-18,t-00040,t-00012,4.0,1.0,9.0,2.0,1.8,4.2,4.33,1867.0715332,1830.62158203,8,4,8,3,-3.0,31,32,1.3409090909090908,12.193181818181818,4.193181818181818,5.488636363636363,9.659090909090908,1.6477272727272727,0.03409090909090909,1.9642857142857142,16.714285714285715,6.357142857142857,6.75,11.285714285714286,1.4285714285714286,0.0,H,1,0,0,1.0,2.0,2.0
2022-2023,x-00005,2023-05-20,t-00042,t-00002,1.0,0.0,2.0,3.0,5.28,4.23,1.66,1653.09216309,1922.74694824,1,-2,0,2,0.0,19,26,0.0,5.0,2.0,4.0,8.0,1.0,0.0,5.0,24.0,10.0,9.0,9.0,0.0,0.0,H,1,0,0,0.0,0.0,0.0
2022-2023,x-00005,2023-05-20,t-00009,t-00036,0.0,1.0,4.0,5.0,7.42,5.39,1.41,1667.68994141,1852.23181152,-4,1,-4,-2,-2.0,18,32,0.0,7.0,4.0,5.0,7.0,3.0,0.0,3.0,18.0,6.0,6.0,13.0,0.0,0.0,A,0,0,1,1.0,0.0,2.0
2022-2023,x-00005,2023-05-20,t-00071,t-00025,1.0,1.0,5.0,4.0,3.24,3.58,2.37,1724.20715332,1696.64111328,-6,-2,4,2,3.0,10,26,1.0476190476190477,10.285714285714286,3.380952380952381,5.095238095238095,13.095238095238095,2.3333333333333335,0.09523809523809523,1.005050505050505,10.181818181818182,3.378787878787879,4.3232323232323235,10.126262626262626,1.7373737373737375,0.020202020202020204,D,0,1,0,2.0,1.0,1.0
2022-2023,x-00005,2023-05-20,t-00033,t-00003,1.0,1.0,5.0,3.0,1.48,5.0,6.46,1955.09594727,1812.28674316,7,0,4,1,4.0,21,13,3.0,17.25,7.0,6.25,8.75,0.75,0.0,1.0,10.25,3.75,3.0,8.0,1.0,0.0,D,0,1,0,3.0,0.0,0.0
2022-2023,x-00005,2023-05-20,t-00064,t-00011,1.0,3.0,8.0,4.0,2.03,3.86,3.69,1816.58740234,1793.38635254,-6,4,3,-2,2.0,22,25,2.1,12.9,5.7,5.7,10.1,1.8,0.0,1.3783783783783783,11.04054054054054,4.162162162162162,4.283783783783784,9.513513513513514,1.5,0.05405405405405406,A,0,0,1,1.0,0.0,0.0
2022-2023,x-00005,2023-05-20,t-00026,t-00022,2.0,2.0,4.0,5.0,2.44,3.3,3.24,1737.78613281,1756.83044434,1,0,-2,0,-3.0,15,19,0.75,14.75,3.0,7.0,15.0,1.0,0.5,0.5,8.75,2.25,5.0,14.0,1.75,0.0,D,0,1,0,0.0,0.0,2.0
2022-2023,x-00005,2023-05-21,t-00012,t-00057,3.0,1.0,8.0,1.0,1.21,7.65,13.5,1822.46643066,1620.71826172,3,-6,4,-4,-4.0,27,17,1.9310344827586208,16.413793103448278,6.206896551724138,6.551724137931035,11.448275862068966,1.5172413793103448,0.0,0.9285714285714286,10.071428571428571,3.5,4.214285714285714,12.0,2.2857142857142856,0.0,H,1,0,0,0.0,2.0,3.0
2022-2023,x-00005,2023-05-21,t-00069,t-00031,3.0,1.0,9.0,3.0,2.74,3.56,2.65,1770.2520752,1671.18640137,-6,-5,-3,-6,1.0,16,17,2.6666666666666665,16.666666666666668,6.333333333333333,5.666666666666667,10.333333333333334,0.6666666666666666,0.0,1.0,11.333333333333334,4.333333333333333,4.333333333333333,10.333333333333334,1.3333333333333333,0.0,H,1,0,0,1.0,0.0,1.0
2022-2023,x-00005,2023-05-21,t-00035,t-00018,1.0,0.0,2.0,6.0,1.6,4.2,5.96,2087.47290039,1794.31201172,11,-3,12,-1,8.0,35,21,1.6,14.6,4.6,5.8,9.0,1.6,0.2,1.0,8.6,3.4,3.2,10.8,2.4,0.0,H,1,0,0,4.0,0.0,1.0
2022-2023,x-00005,2023-05-22,t-00040,t-00032,0.0,0.0,4.0,1.0,1.33,5.92,9.37,1879.23828125,1707.61669922,6,-4,10,-5,-6.0,32,30,2.0,12.5,4.5,2.75,10.25,1.25,0.25,0.75,15.25,5.0,6.25,11.75,0.75,0.25,D,0,1,0,1.0,0.0,4.0
2022-2023,x-00005,2023-05-24,t-00012,t-00035,1.0,1.0,7.0,4.0,3.8,4.24,1.91,1826.26794434,2089.15039062,-1,9,5,11,-12.0,27,28,1.0,8.0,2.0,3.0,12.0,3.0,0.0,3.0,10.0,4.0,7.0,11.0,1.0,0.0,D,0,1,0,1.0,0.0,4.0
2022-2023,x-00005,2023-05-25,t-00036,t-00018,4.0,1.0,9.0,5.0,1.55,4.39,6.53,1856.93225098,1792.63439941,2,-3,6,0,5.0,29,25,2.0,12.0,4.0,4.0,13.0,1.0,0.0,1.0,11.0,2.0,5.0,7.0,2.0,0.0,H,1,0,0,2.0,3.0,0.0
2022-2023,x-00005,2023-05-28,t-00057,t-00033,4.0,4.0,10.0,8.0,5.77,4.87,1.53,1616.91674805,1950.09570312,-8,6,-8,6,-5.0,12,22,0.9333333333333333,9.733333333333333,3.3333333333333335,4.133333333333334,11.8,2.466666666666667,0.0,2.1629955947136565,16.374449339207047,6.008810572687224,6.647577092511013,9.444933920704846,1.1629955947136563,0.02643171806167401,D,0,1,0,1.0,0.0,4.0
2022-2023,x-00005,2023-05-28,t-00036,t-00026,2.0,1.0,8.0,3.0,1.49,5.09,6.14,1866.21569824,1736.95336914,4,2,9,1,3.0,32,19,2.0,14.0,9.0,3.0,10.0,1.0,0.0,1.0,14.0,7.0,10.0,9.0,1.0,0.0,H,1,0,0,1.0,1.0,0.0
2022-2023,x-00005,2023-05-28,t-00031,t-00064,1.0,4.0,2.0,7.0,2.8,3.95,2.39,1664.98364258,1802.85412598,-6,-3,-8,-7,-2.0,18,27,1.0769230769230769,8.807692307692308,3.0576923076923075,3.8076923076923075,11.0,1.3269230769230769,0.07692307692307693,2.0,13.727272727272727,5.909090909090909,5.909090909090909,10.181818181818182,1.7272727272727273,0.0,A,0,0,1,1.0,0.0,1.0
2022-2023,x-00005,2023-05-28,t-00025,t-00009,1.0,0.0,6.0,2.0,1.65,4.26,5.31,1698.78369141,1662.98962402,-2,-1,-7,-2,1.0,25,17,1.0050251256281406,10.226130653266331,3.3819095477386933,4.336683417085427,10.125628140703517,1.7336683417085428,0.020100502512562814,1.0606060606060606,9.909090909090908,3.757575757575758,3.9696969696969697,10.151515151515152,1.696969696969697,0.0,H,1,0,0,2.0,0.0,1.0
2022-2023,x-00005,2023-05-28,t-00018,t-00040,1.0,1.0,5.0,4.0,2.76,3.82,2.48,1783.35095215,1873.64404297,-4,3,-5,5,7.0,26,28,0.8,12.4,3.4,6.4,10.4,2.4,0.2,1.4,14.6,5.2,5.8,11.0,1.8,0.0,D,0,1,0,5.0,0.0,0.0
2022-2023,x-00005,2023-05-28,t-00011,t-00035,1.0,0.0,4.0,3.0,3.46,3.66,2.25,1807.11962891,2083.64038086,6,8,2,8,-1.0,24,23,0.6666666666666666,7.333333333333333,4.0,2.6666666666666665,10.666666666666666,0.6666666666666666,0.0,1.3333333333333333,18.666666666666668,5.333333333333333,8.0,8.666666666666666,0.6666666666666666,0.0,H,1,0,0,0.0,0.0,1.0
2022-2023,x-00005,2023-05-28,t-00002,t-00071,5.0,0.0,8.0,0.0,1.28,6.28,9.77,1909.24291992,1722.0645752,-3,-5,5,-10,0.0,23,12,1.736842105263158,13.68421052631579,4.661654135338346,5.496240601503759,9.842105263157896,1.5263157894736843,0.09774436090225563,1.0454545454545454,10.409090909090908,3.4545454545454546,4.909090909090909,13.318181818181818,2.4545454545454546,0.09090909090909091,H,1,0,0,1.0,2.0,1.0
2022-2023,x-00005,2023-05-28,t-00003,t-00012,2.0,1.0,5.0,4.0,1.88,4.07,3.95,1817.28686523,1831.7779541,0,-2,10,-2,2.0,14,28,2.0,8.0,2.0,4.0,11.0,7.0,0.0,1.0,7.0,2.0,11.0,14.0,2.0,0.0,H,1,0,0,2.0,0.0,1.0
2022-2023,x-00005,2023-05-28,t-00032,t-00069,2.0,1.0,4.0,3.0,2.11,4.01,3.29,1713.21081543,1776.45483398,-5,-3,-4,-1,-2.0,23,23,0.6666666666666666,10.333333333333334,3.3333333333333335,5.833333333333333,8.833333333333334,0.8333333333333334,0.16666666666666666,2.6666666666666665,13.833333333333334,5.333333333333333,4.666666666666667,13.333333333333334,1.1666666666666667,0.0,H,1,0,0,1.0,2.0,2.0
2022-2023,x-00005,2023-05-28,t-00022,t-00042,1.0,1.0,4.0,4.0,1.62,4.19,5.75,1757.66320801,1666.59606934,0,3,3,-5,0.0,22,16,1.12,11.034285714285714,3.56,4.857142857142857,10.674285714285714,1.56,0.04,1.0,9.756756756756756,3.081081081081081,3.3513513513513513,11.675675675675675,2.2162162162162162,0.0,D,0,1,0,0.0,0.0,0.0
2023-2024,x-00005,2023-08-11,t-00014,t-00035,0.0,3.0,1.0,8.0,9.62,5.81,1.33,1726.4017334,2077.25219727,-3,4,1,6,-8.0,23,19,0.0,0.0,0.0,0.0,0.0,0.0,0.0,0.0,0.0,0.0,0.0,0.0,0.0,0.0,A,0,0,1,0.0,1.0,4.0
2023-2024,x-00005,2023-08-12,t-00055,t-00022,0.0,1.0,1.0,8.0,3.98,3.22,2.17,1644.07336426,1757.39599609,-5,2,-5,3,-1.0,8,22,0.0,7.0,0.0,5.0,11.0,1.0,0.0,2.0,21.0,8.0,11.0,8.0,1.0,0.0,A,0,0,1,1.0,0.0,1.0
2023-2024,x-00005,2023-08-12,t-00025,t-00026,0.0,1.0,9.0,2.0,2.39,3.32,3.3,1708.23474121,1736.63720703,2,2,-7,1,-1.0,26,21,0.8,9.6,4.0,4.0,9.0,2.0,0.0,2.0,15.2,4.6,7.4,11.4,1.4,0.4,A,0,0,1,1.0,0.0,2.0
2023-2024,x-00005,2023-08-12,t-00009,t-00069,1.0,1.0,5.0,3.0,2.75,3.6,2.63,1660.63806152,1779.45031738,-3,-3,-6,-3,-2.0,17,22,0.0,0.0,0.0,0.0,0.0,0.0,0.0,0.0,0.0,0.0,0.0,0.0,0.0,0.0,D,0,1,0,1.0,2.0,1.0
2023-2024,x-00005,2023-08-12,t-00012,t-00034,4.0,1.0,12.0,3.0,1.27,6.36,11.36,1828.16931152,1606.52294922,1,0,5,0,0.0,27,0,0.0,0.0,0.0,0.0,0.0,0.0,0.0,0.0,0.0,0.0,0.0,0.0,0.0,0.0,H,1,0,0,0.0,0.0,0.0
2023-2024,x-00005,2023-08-12,t-00040,t-00003,5.0,1.0,13.0,6.0,1.68,4.2,5.29,1876.0,1827.99499512,1,0,8,-1,5.0,27,16,0.5,10.5,3.5,4.0,9.0,1.75,0.0,2.75,16.0,4.5,9.5,11.25,1.25,0.0,H,1,0,0,2.0,2.0,0.0
2023-2024,x-00005,2023-08-12,t-00002,t-00042,2.0,1.0,7.0,2.0,1.19,8.0,16.0,1919.36901855,1673.96276855,5,1,7,-4,5.0,29,15,2.5,17.5,6.5,7.5,10.5,1.0,0.0,0.5,5.5,2.0,3.5,9.5,2.0,0.0,H,1,0,0,1.0,0.0,0.0
2023-2024,x-00005,2023-08-13,t-00011,t-00064,2.0,2.0,6.0,6.0,2.62,3.54,2.8,1824.33068848,1815.87365723,5,0,3,-4,0.0,27,27,0.0,0.0,0.0,0.0,0.0,0.0,0.0,0.0,0.0,0.0,0.0,0.0,0.0,0.0,D,0,1,0,0.0,2.0,0.0
2023-2024,x-00005,2023-08-13,t-00018,t-00033,1.0,1.0,4.0,1.0,3.21,3.89,2.2,1788.09460449,1946.90002441,-2,5,-3,9,-3.0,27,26,1.8,12.0,4.2,4.2,9.4,1.0,0.0,1.8,14.6,7.2,6.0,10.6,1.4,0.0,D,0,1,0,1.0,3.0,2.0
2023-2024,x-00005,2023-08-14,t-00036,t-00071,1.0,0.0,3.0,6.0,1.27,6.3,12.25,1873.63146973,1719.03808594,6,-12,9,-14,2.0,35,9,2.0,19.0,5.5,6.0,10.0,0.0,0.0,0.0,8.5,4.0,4.0,6.5,2.0,0.0,H,1,0,0,2.0,2.0,1.0
2023-2024,x-00005,2023-08-18,t-00042,t-00055,2.0,1.0,4.0,3.0,1.94,3.51,4.48,1671.86889648,1637.47314453,1,-2,2,-6,0.0,14,8,1.0,9.58974358974359,3.076923076923077,3.358974358974359,11.717948717948717,2.2051282051282053,0.0,0.36363636363636365,8.0,1.5454545454545454,4.090909090909091,11.545454545454545,2.090909090909091,0.0,H,1,0,0,0.0,0.0,0.0
2023-2024,x-00005,2023-08-19,t-00033,t-00009,3.0,1.0,10.0,5.0,1.2,8.25,13.0,1943.97631836,1662.53674316,4,-6,4,0,16.0,24,15,2.165938864628821,16.419213973799128,5.995633187772926,6.646288209606987,9.458515283842795,1.1746724890829694,0.026200873362445413,1.0,14.0,5.0,10.0,9.0,1.0,0.0,H,1,0,0,4.0,0.0,0.0
2023-2024,x-00005,2023-08-19,t-00035,t-00040,1.0,0.0,4.0,1.0,1.87,3.84,4.37,2080.85083008,1887.06506348,6,7,10,1,15.0,21,35,2.9,17.0,6.4,6.6,8.8,1.7,0.1,0.7,7.2,2.7,3.5,9.4,2.1,0.0,H,1,0,0,6.0,0.0,0.0
2023-2024,x-00005,2023-08-19,t-00026,t-00011,0.0,3.0,2.0,8.0,2.87,3.22,2.75,1745.3659668,1822.54724121,4,4,1,0,1.0,20,25,2.5,13.5,7.0,4.5,15.0,3.0,0.0,2.5,13.5,5.5,2.5,9.5,1.0,0.0,A,0,0,1,1.0,0.0,0.0
2023-2024,x-00005,2023-08-19,t-00071,t-00012,1.0,4.0,5.0,8.0,4.11,4.21,1.83,1715.63134766,1832.36437988,-7,1,6,-2,-3.0,13,33,0.0,13.0,2.5,4.0,9.0,1.0,0.0,1.5,18.0,6.0,6.0,9.5,2.0,0.0,A,0,0,1,1.0,2.0,2.0
2023-2024,x-00005,2023-08-19,t-00064,t-00036,2.0,0.0,6.0,6.0,3.07,3.87,2.28,1817.65698242,1877.03820801,1,8,-1,1,-6.0,26,34,2.0,18.0,6.0,6.0,13.0,4.0,0.0,1.5128205128205128,15.564102564102564,5.564102564102564,5.205128205128205,11.205128205128204,2.051282051282051,0.02564102564102564,H,1,0,0,1.0,2.0,3.0
2023-2024,x-00005,2023-08-20,t-00003,t-00025,4.0,0.0,7.0,2.0,1.85,3.92,4.38,1816.93005371,1699.50585938,-3,1,8,2,6.0,21,27,2.5,13.0,6.5,4.25,9.5,1.5,0.0,0.75,13.5,4.25,4.75,12.0,3.25,0.0,H,1,0,0,3.0,1.0,0.0
2023-2024,x-00005,2023-08-20,t-00069,t-00018,3.0,1.0,6.0,4.0,3.25,3.65,2.27,1777.55163574,1791.01831055,0,-4,-2,-5,1.0,23,26,1.0,3.0,1.0,1.0,6.0,2.0,0.0,1.0,31.0,8.0,7.0,10.0,0.0,0.0,H,1,0,0,3.0,2.0,1.0
2023-2024,x-00005,2023-08-21,t-00022,t-00002,0.0,1.0,2.0,3.0,4.51,3.53,1.93,1763.99621582,1921.4630127,2,4,4,-2,-1.0,24,26,1.0,10.75,4.5,2.75,9.25,1.5,0.0,1.75,10.0,3.75,5.75,12.5,1.75,0.25,A,0,0,1,1.0,2.0,3.0
2023-2024,x-00005,2023-08-25,t-00018,t-00034,3.0,0.0,8.0,1.0,1.27,6.25,12.5,1781.04370117,1602.4777832,-6,-3,-3,-3,0.0,24,3,1.788888888888889,14.822222222222223,5.144444444444445,5.7444444444444445,9.922222222222222,1.5222222222222221,0.07777777777777778,1.0,9.0,3.0,7.0,12.0,2.0,0.0,H,1,0,0,0.0,0.0,0.0
2023-2024,x-00005,2023-08-26,t-00036,t-00042,3.0,2.0,9.0,4.0,1.38,5.3,8.51,1865.76000977,1677.8782959,4,1,8,-3,3.0,31,14,2.5,19.5,8.0,9.0,11.0,2.5,0.0,0.0,7.0,1.5,6.5,6.5,1.5,0.0,H,1,0,0,1.0,0.0,0.0
2023-2024,x-00005,2023-08-26,t-00009,t-00064,0.0,2.0,3.0,6.0,3.47,3.89,2.09,1660.29089355,1829.23510742,-6,2,-4,-4,-3.0,16,29,1.0,13.5,5.0,6.0,11.0,2.0,0.0,2.0,17.5,6.0,5.5,11.0,2.5,0.0,A,0,0,1,1.0,1.0,2.0
2023-2024,x-00005,2023-08-26,t-00011,t-00022,1.0,1.0,1.0,5.0,2.16,3.37,3.81,1835.5793457,1758.72680664,8,2,4,0,0.0,32,24,2.0,16.0,5.0,5.0,9.0,1.0,0.0,1.0,17.0,4.0,6.0,11.0,2.0,0.0,D,0,1,0,0.0,2.0,0.0
2023-2024,x-00005,2023-08-26,t-00012,t-00069,1.0,3.0,10.0,3.0,1.5,4.95,6.25,1843.7598877,1787.82592773,7,1,2,-7,7.0,39,25,4.0,20.0,9.0,7.0,6.0,0.0,0.0,0.0,3.0,2.0,3.0,8.0,3.0,0.0,A,0,0,1,4.0,2.0,0.0
2023-2024,x-00005,2023-08-26,t-00025,t-00071,0.0,1.0,7.0,2.0,2.45,3.38,3.14,1691.46472168,1704.53564453,-7,-11,-8,-15,-2.0,24,16,1.0,13.0,6.0,9.0,11.0,1.0,0.0,0.0,7.0,2.0,3.0,12.0,3.0,0.0,A,0,0,1,2.0,0.0,3.0
2023-2024,x-00005,2023-08-26,t-00002,t-00026,2.0,2.0,11.0,3.0,1.29,6.29,10.32,1927.03234863,1732.63378906,3,-1,5,0,4.0,23,15,2.5,18.5,7.5,8.5,7.5,1.5,0.0,0.5,11.5,2.5,3.0,11.0,1.5,0.0,D,0,1,0,2.0,1.0,0.0
2023-2024,x-00005,2023-08-27,t-00040,t-00033,1.0,2.0,8.0,4.0,2.24,3.93,3.11,1884.51318359,1946.52197266,6,5,7,9,-6.0,31,29,0.3,6.8,2.1,2.9,7.4,1.4,0.1,2.7,18.9,7.3,7.3,9.7,1.1,0.0,A,0,0,1,0.0,2.0,4.0
2023-2024,x-00005,2023-08-27,t-00014,t-00003,1.0,3.0,2.0,6.0,3.24,3.6,2.29,1722.953125,1825.7409668,-7,2,-3,-6,-2.0,18,25,0.0,6.0,1.0,6.0,11.0,0.0,1.0,1.7435897435897436,12.076923076923077,4.333333333333333,5.5256410256410255,10.653846153846153,2.1153846153846154,0.038461538461538464,A,0,0,1,1.0,0.0,2.0
2023-2024,x-00005,2023-08-27,t-00055,t-00035,1.0,2.0,2.0,9.0,16.0,7.4,1.2,1631.7635498,2083.70239258,-1,4,-4,6,-2.0,11,21,0.4166666666666667,7.916666666666667,1.6666666666666667,4.333333333333333,11.333333333333334,2.1666666666666665,0.0,2.534782608695652,17.58695652173913,6.469565217391304,7.308695652173913,9.047826086956523,1.2782608695652173,0.04782608695652174,A,0,0,1,0.0,0.0,2.0
2023-2024,x-00005,2023-09-01,t-00034,t-00069,1.0,2.0,1.0,3.0,4.67,4.09,1.76,1597.2376709,1803.21850586,-6,5,0,-4,0.0,4,24,0.5,10.0,2.0,5.5,12.0,2.5,0.0,1.4478527607361964,11.558282208588958,4.030674846625767,4.846625766871166,9.404907975460123,1.3374233128834356,0.04294478527607362,A,0,0,1,0.0,0.0,0.0
2023-2024,x-00005,2023-09-02,t-00035,t-00026,5.0,1.0,5.0,4.0,1.19,7.65,16.0,2084.95678711,1738.85253906,4,-3,9,1,6.0,28,14,3.0,17.285714285714285,7.0,6.857142857142857,7.285714285714286,1.4285714285714286,0.14285714285714285,0.7142857142857143,6.714285714285714,2.7142857142857144,2.5714285714285716,9.285714285714286,1.8571428571428572,0.0,H,1,0,0,3.0,0.0,0.0
2023-2024,x-00005,2023-09-02,t-00055,t-00025,2.0,2.0,8.0,6.0,3.21,3.42,2.39,1630.69519043,1682.22009277,-3,-5,-2,0,-2.0,10,28,1.0,12.0,3.0,8.0,11.0,3.0,0.0,0.0,10.0,3.0,9.0,1.0,1.0,0.0,D,0,1,0,0.0,0.0,2.0
2023-2024,x-00005,2023-09-02,t-00018,t-00042,0.0,1.0,2.0,3.0,1.41,5.01,8.45,1786.46972656,1675.11657715,-2,0,1,-3,0.0,26,16,1.8021978021978022,14.868131868131869,5.175824175824176,5.747252747252747,9.978021978021978,1.5274725274725274,0.07692307692307693,1.048780487804878,9.731707317073171,3.1219512195121952,3.4146341463414633,11.536585365853659,2.2439024390243905,0.024390243902439025,A,0,0,1,0.0,1.0,0.0
2023-2024,x-00005,2023-09-02,t-00012,t-00040,3.0,1.0,6.0,2.0,2.64,3.87,2.59,1828.55334473,1876.93994141,3,2,-1,-1,3.0,41,30,1.0,8.0,2.0,1.0,16.0,4.0,0.0,4.0,22.0,9.0,6.0,17.0,2.0,0.0,H,1,0,0,2.0,4.0,0.0
2023-2024,x-00005,2023-09-02,t-00014,t-00064,2.0,5.0,4.0,10.0,3.71,3.79,2.04,1713.47290039,1836.45349121,-7,5,-7,3,-2.0,14,33,0.5,7.5,1.5,5.0,11.5,1.0,0.5,2.0,17.333333333333332,6.0,4.333333333333333,11.0,2.6666666666666665,0.0,A,0,0,1,2.0,1.0,2.0
2023-2024,x-00005,2023-09-02,t-00011,t-00009,2.0,2.0,7.0,5.0,1.75,4.01,4.86,1832.09118652,1653.25842285,6,-6,4,-3,2.0,23,19,1.4177215189873418,11.126582278481013,4.189873417721519,4.2784810126582276,9.594936708860759,1.5063291139240507,0.05063291139240506,0.6666666666666666,12.666666666666666,4.333333333333333,6.0,13.333333333333334,1.6666666666666667,0.0,D,0,1,0,1.0,0.0,0.0
2023-2024,x-00005,2023-09-03,t-00033,t-00003,3.0,0.0,4.0,3.0,1.65,4.67,5.02,1954.28125,1835.69836426,3,3,5,-4,4.0,28,27,2.6,15.8,6.6,6.8,10.2,1.2,0.0,1.0,9.4,3.6,3.2,9.0,1.8,0.0,H,1,0,0,3.0,1.0,0.0
2023-2024,x-00005,2023-09-03,t-00022,t-00071,3.0,2.0,11.0,4.0,1.9,3.61,4.54,1762.40087891,1713.96630859,0,-8,2,-13,3.0,24,18,2.0,17.0,5.0,11.0,5.0,0.0,0.0,0.0,5.0,0.0,2.0,12.0,2.0,0.0,H,1,0,0,3.0,1.0,1.0
2023-2024,x-00005,2023-09-03,t-00002,t-00036,3.0,1.0,5.0,2.0,1.76,4.2,4.49,1920.99951172,1868.7076416,6,4,5,-3,7.0,32,35,2.0,20.5,4.0,8.5,8.5,2.0,0.0,2.5,8.0,5.0,3.0,11.0,2.5,0.0,H,1,0,0,4.0,1.0,1.0
2023-2024,x-00005,2023-09-16,t-00036,t-00012,1.0,3.0,4.0,8.0,2.07,3.9,3.53,1860.95373535,1839.78381348,-1,5,8,0,5.0,28,40,0.0,16.0,5.0,6.0,14.0,4.0,0.0,1.0,22.0,6.0,8.0,10.0,4.0,0.0,A,0,0,1,5.0,0.0,1.0
2023-2024,x-00005,2023-09-16,t-00040,t-00011,1.0,0.0,2.0,2.0,1.66,4.17,5.43,1865.70947266,1826.34106445,0,4,4,4,4.0,28,26,3.0,18.75,7.5,7.0,12.25,0.75,0.0,1.25,8.5,3.5,4.75,9.75,1.5,0.25,H,1,0,0,1.0,1.0,0.0
2023-2024,x-00005,2023-09-16,t-00003,t-00022,3.0,1.0,5.0,3.0,1.98,3.66,4.08,1828.64562988,1768.19006348,0,1,10,-2,6.0,27,30,2.0,11.333333333333334,4.333333333333333,8.0,16.333333333333332,2.6666666666666665,0.0,2.3333333333333335,14.0,4.666666666666667,4.666666666666667,10.333333333333334,0.6666666666666666,0.0,H,1,0,0,3.0,1.0,0.0
2023-2024,x-00005,2023-09-16,t-00026,t-00034,1.0,0.0,2.0,2.0,1.69,3.82,5.68,1736.4552002,1592.93078613,-7,-7,-1,-6,0.0,14,5,1.361344537815126,12.050420168067227,3.9411764705882355,5.260504201680672,11.319327731092438,1.7647058823529411,0.1092436974789916,0.6666666666666666,12.0,1.6666666666666667,6.666666666666667,10.666666666666666,2.0,0.0,H,1,0,0,0.0,0.0,0.0
2023-2024,x-00005,2023-09-16,t-00064,t-00055,2.0,1.0,10.0,5.0,1.3,6.31,9.4,1846.9420166,1630.77575684,10,-2,0,-6,4.0,35,17,2.75,18.0,7.0,4.25,10.5,2.75,0.0,0.5714285714285714,8.142857142857142,2.142857142857143,4.071428571428571,11.285714285714286,2.142857142857143,0.0,H,1,0,0,1.0,1.0,0.0
2023-2024,x-00005,2023-09-16,t-00069,t-00035,1.0,3.0,3.0,15.0,5.49,4.3,1.63,1807.52539062,2087.35400391,4,8,4,6,-11.0,18,29,0.7777777777777778,5.777777777777778,2.0,2.3333333333333335,8.333333333333334,1.1111111111111112,0.0,2.2222222222222223,18.555555555555557,6.444444444444445,7.111111111111111,6.555555555555555,0.8888888888888888,0.0,A,0,0,1,0.0,2.0,4.0
2023-2024,x-00005,2023-09-16,t-00071,t-00033,1.0,3.0,2.0,6.0,4.58,4.46,1.71,1708.17700195,1961.33398438,-9,6,2,5,-2.0,17,27,1.0,5.0,2.0,3.0,7.0,2.0,0.0,0.0,15.0,6.0,8.0,9.0,1.0,0.0,A,0,0,1,1.0,0.0,4.0
2023-2024,x-00005,2023-09-17,t-00025,t-00002,0.0,1.0,1.0,4.0,6.0,4.3,1.59,1682.13964844,1928.75341797,-5,9,-7,-1,4.0,30,34,0.42857142857142855,11.714285714285714,3.142857142857143,4.428571428571429,10.142857142857142,1.8571428571428572,0.0,0.8571428571428571,15.571428571428571,3.857142857142857,7.0,8.285714285714286,1.1428571428571428,0.14285714285714285,A,0,0,1,4.0,1.0,1.0
2023-2024,x-00005,2023-09-17,t-00009,t-00018,0.0,0.0,4.0,6.0,4.34,3.97,1.83,1659.00854492,1774.22143555,-5,0,-2,-6,1.0,20,23,1.0,12.5,4.5,5.0,13.25,1.75,0.0,1.7826086956521738,14.934782608695652,5.141304347826087,5.771739130434782,9.978260869565217,1.5434782608695652,0.07608695652173914,D,0,1,0,1.0,1.0,2.0
2023-2024,x-00005,2023-09-18,t-00042,t-00014,1.0,1.0,4.0,3.0,2.14,3.51,3.69,1687.36486816,1702.984375,0,-9,3,-2,0.0,17,17,1.0476190476190477,9.666666666666666,3.119047619047619,3.3333333333333335,11.476190476190476,2.2857142857142856,0.023809523809523808,1.0,10.333333333333334,2.3333333333333335,5.666666666666667,12.666666666666666,2.0,0.3333333333333333,D,0,1,0,0.0,0.0,0.0
2023-2024,x-00005,2023-09-23,t-00034,t-00071,1.0,1.0,4.0,3.0,3.28,3.31,2.41,1581.81079102,1695.96813965,-8,-6,-1,-8,0.0,7,19,0.5,10.75,1.75,5.5,11.5,2.0,0.0,1.0256410256410255,10.435897435897436,3.717948717948718,3.8974358974358974,10.435897435897436,1.8717948717948718,0.02564102564102564,D,0,1,0,0.0,0.0,0.0
2023-2024,x-00005,2023-09-23,t-00011,t-00025,1.0,3.0,2.0,6.0,1.95,3.53,4.4,1813.13305664,1671.2434082,2,-7,3,0,1.0,24,25,1.0,12.333333333333334,4.333333333333333,4.0,9.333333333333334,1.0,0.0,1.3333333333333333,11.666666666666666,4.333333333333333,6.0,9.333333333333334,1.3333333333333333,0.3333333333333333,A,0,0,1,1.0,1.0,0.0
2023-2024,x-00005,2023-09-23,t-00014,t-00036,0.0,1.0,4.0,4.0,4.32,4.0,1.83,1696.49377441,1835.90563965,-9,-4,-11,-5,-6.0,15,24,1.0,10.25,2.5,5.25,12.0,2.25,0.5,1.4883720930232558,15.604651162790697,5.534883720930233,5.372093023255814,11.0,2.13953488372093,0.023255813953488372,A,0,0,1,0.0,1.0,4.0
2023-2024,x-00005,2023-09-23,t-00035,t-00042,2.0,0.0,4.0,3.0,1.17,8.5,18.0,2084.55273438,1679.0324707,11,0,10,-1,6.0,41,17,3.5,21.5,7.5,10.0,7.5,0.0,0.0,0.5,6.0,1.0,0.5,7.5,1.0,0.0,H,1,0,0,1.0,0.0,0.0
2023-2024,x-00005,2023-09-23,t-00022,t-00026,0.0,0.0,3.0,5.0,2.1,3.39,3.97,1753.14526367,1732.75219727,-1,-5,3,-2,-1.0,29,13,0.8,9.2,2.8,4.8,13.6,1.4,0.0,1.0,14.0,3.2,7.0,14.6,1.4,0.4,D,0,1,0,1.0,1.0,1.0
2023-2024,x-00005,2023-09-24,t-00055,t-00040,0.0,8.0,1.0,15.0,6.05,4.39,1.57,1620.859375,1865.40490723,-4,1,-3,0,-1.0,19,26,0.6,8.066666666666666,2.3333333333333335,3.933333333333333,11.466666666666667,2.3333333333333335,0.06666666666666667,1.3532608695652173,12.331521739130435,4.244565217391305,5.483695652173913,9.78804347826087,1.690217391304348,0.03260869565217391,A,0,0,1,1.0,0.0,1.0
2023-2024,x-00005,2023-09-24,t-00002,t-00064,2.0,2.0,6.0,5.0,1.65,4.39,5.11,1930.56738281,1842.03540039,5,8,5,7,7.0,30,38,1.7625899280575539,13.755395683453237,4.733812949640288,5.654676258992806,9.805755395683454,1.5035971223021583,0.10071942446043165,2.6,20.0,7.6,6.4,11.0,3.4,0.0,D,0,1,0,5.0,1.0,0.0
2023-2024,x-00005,2023-09-24,t-00018,t-00003,0.0,1.0,4.0,7.0,1.91,3.93,4.1,1764.91821289,1814.96826172,0,1,2,-6,2.0,24,27,1.6666666666666667,11.333333333333334,6.0,4.666666666666667,17.0,3.6666666666666665,0.3333333333333333,2.3333333333333335,19.0,6.333333333333333,7.666666666666667,14.0,2.6666666666666665,0.3333333333333333,A,0,0,1,2.0,1.0,1.0
2023-2024,x-00005,2023-09-24,t-00012,t-00009,3.0,1.0,4.0,4.0,1.52,4.97,5.9,1830.08166504,1653.48876953,8,-4,5,-4,-2.0,44,22,2.054054054054054,16.83783783783784,6.5675675675675675,6.324324324324325,11.54054054054054,1.8108108108108107,0.0,0.8,12.6,4.4,4.2,13.6,1.6,0.0,H,1,0,0,2.0,1.0,1.0
2023-2024,x-00005,2023-09-24,t-00033,t-00069,3.0,1.0,7.0,4.0,1.39,5.64,7.61,1960.75158691,1796.76831055,8,3,7,0,8.0,25,18,2.2222222222222223,18.0,6.111111111111111,6.333333333333333,7.555555555555555,0.3333333333333333,0.0,1.0,7.555555555555555,3.3333333333333335,4.0,8.444444444444445,1.3333333333333333,0.0,H,1,0,0,6.0,0.0,0.0
2023-2024,x-00005,2023-09-30,t-00064,t-00033,2.0,1.0,8.0,4.0,2.96,4.01,2.3,1845.82299805,1965.25390625,8,10,2,6,-5.0,37,31,2.5,18.833333333333332,7.166666666666667,6.0,12.333333333333334,3.5,0.0,2.1794871794871793,16.45299145299145,6.0,6.662393162393163,9.465811965811966,1.1752136752136753,0.03418803418803419,H,1,0,0,1.0,1.0,4.0
2023-2024,x-00005,2023-09-30,t-00036,t-00022,0.0,1.0,4.0,2.0,1.58,4.37,5.96,1841.55834961,1751.20825195,-4,-2,4,-2,-1.0,25,24,1.4772727272727273,15.5,5.5,5.363636363636363,11.022727272727273,2.1363636363636362,0.022727272727272728,1.1153846153846154,11.148351648351648,3.620879120879121,4.813186813186813,10.703296703296703,1.5494505494505495,0.038461538461538464,A,0,0,1,3.0,1.0,2.0
2023-2024,x-00005,2023-09-30,t-00069,t-00055,2.0,0.0,9.0,2.0,1.48,4.79,7.0,1792.26599121,1610.58959961,1,-11,2,-6,3.0,19,19,1.4457831325301205,11.506024096385541,4.018072289156627,4.843373493975903,9.433734939759036,1.3493975903614457,0.04216867469879518,0.5625,8.125,2.25,3.8125,11.5,2.375,0.0625,H,1,0,0,1.0,1.0,0.0
2023-2024,x-00005,2023-09-30,t-00040,t-00014,2.0,0.0,8.0,2.0,1.38,5.24,8.53,1875.67468262,1690.84106445,5,-9,7,0,5.0,28,14,1.3891891891891892,12.383783783783784,4.302702702702702,5.486486486486487,9.778378378378378,1.681081081081081,0.032432432432432434,0.8,10.6,2.8,6.0,10.8,2.0,0.4,H,1,0,0,3.0,2.0,0.0
2023-2024,x-00005,2023-09-30,t-00025,t-00034,1.0,2.0,5.0,2.0,1.67,3.93,5.7,1689.36791992,1583.69873047,-4,-8,-5,-7,0.0,22,11,1.0,10.354368932038835,3.4466019417475726,4.398058252427185,10.179611650485437,1.7378640776699028,0.019417475728155338,0.6,12.6,2.2,6.4,11.6,1.6,0.0,A,0,0,1,0.0,0.0,0.0
2023-2024,x-00005,2023-09-30,t-00071,t-00035,2.0,1.0,1.0,8.0,8.61,5.19,1.39,1694.0802002,2085.76000977,-5,10,-2,5,-8.0,16,37,1.0,13.0,2.0,4.0,10.0,2.0,0.0,4.0,20.0,5.0,6.0,9.0,2.0,0.0,H,1,0,0,1.0,1.0,3.0
2023-2024,x-00005,2023-09-30,t-00009,t-00002,0.0,4.0,1.0,8.0,6.06,4.62,1.55,1649.24035645,1926.77978516,-6,4,-5,0,-3.0,21,29,0.8333333333333334,12.5,4.333333333333333,4.166666666666667,14.166666666666666,1.8333333333333333,0.0,1.7642857142857142,13.75,4.742857142857143,5.692857142857143,9.821428571428571,1.5142857142857142,0.1,A,0,0,1,1.0,1.0,2.0
2023-2024,x-00005,2023-09-30,t-00003,t-00012,6.0,1.0,9.0,3.0,2.49,3.77,2.82,1823.08325195,1834.3302002,6,7,9,4,3.0,28,36,2.0,10.0,3.5,4.0,13.0,5.5,0.0,1.0,7.5,3.0,7.0,15.0,3.0,0.0,H,1,0,0,3.0,0.0,1.0
2023-2024,x-00005,2023-10-01,t-00042,t-00011,1.0,1.0,1.0,5.0,2.62,3.27,2.99,1677.82531738,1795.00854492,-1,0,5,5,0.0,18,20,1.5,10.0,5.0,1.5,11.5,2.0,0.0,2.0,10.0,5.0,4.5,8.5,1.5,0.0,D,0,1,0,0.0,1.0,0.0
2023-2024,x-00005,2023-10-02,t-00026,t-00018,0.0,2.0,3.0,4.0,3.52,3.49,2.22,1734.68920898,1756.80310059,-6,-1,-1,-4,-1.0,16,24,1.5,10.0,4.25,4.5,12.75,1.75,0.0,2.5,10.0,3.75,3.0,8.75,1.25,0.5,A,0,0,1,1.0,0.0,2.0
2023-2024,x-00005,2023-10-03,t-00034,t-00014,1.0,2.0,3.0,4.0,2.95,3.22,2.69,1595.79492188,1686.5982666,-4,-8,-1,-2,0.0,10,15,0.8333333333333334,12.0,2.1666666666666665,6.333333333333333,11.333333333333334,1.5,0.0,0.6666666666666666,10.166666666666666,2.6666666666666665,5.5,11.5,2.1666666666666665,0.3333333333333333,A,0,0,1,0.0,0.0,0.0
2023-2024,x-00005,2023-10-07,t-00036,t-00011,2.0,1.0,8.0,3.0,1.63,4.33,5.41,1816.83776855,1792.94494629,-3,-3,0,3,4.0,23,17,0.5,16.5,3.5,7.0,11.5,3.5,0.0,2.0,9.5,4.0,5.5,9.5,1.0,0.0,H,1,0,0,2.0,0.0,0.0
2023-2024,x-00005,2023-10-07,t-00022,t-00042,0.0,0.0,2.0,5.0,2.34,3.12,3.64,1762.85180664,1679.8729248,0,-2,2,-3,0.0,24,15,1.0,16.0,4.0,5.0,9.0,0.0,0.0,1.0,7.0,4.0,4.0,13.0,2.0,0.0,D,0,1,0,0.0,1.0,0.0
2023-2024,x-00005,2023-10-07,t-00025,t-00009,3.0,0.0,8.0,4.0,1.93,3.78,4.18,1677.26391602,1643.37792969,-1,-8,-3,-7,2.0,25,17,1.0,10.415458937198068,3.4541062801932365,4.391304347826087,10.169082125603865,1.7294685990338163,0.01932367149758454,0.7142857142857143,11.857142857142858,3.857142857142857,4.428571428571429,13.714285714285714,1.5714285714285714,0.0,H,1,0,0,3.0,0.0,1.0
2023-2024,x-00005,2023-10-07,t-00014,t-00018,1.0,4.0,3.0,5.0,5.2,4.07,1.69,1693.55224609,1769.16467285,-5,3,-10,-4,-14.0,17,24,0.8571428571428571,10.714285714285714,2.857142857142857,5.571428571428571,10.714285714285714,2.142857142857143,0.2857142857142857,1.7473684210526317,14.83157894736842,5.126315789473685,5.726315789473684,10.094736842105263,1.6105263157894736,0.07368421052631578,A,0,0,1,0.0,0.0,5.0
2023-2024,x-00005,2023-10-07,t-00034,t-00064,0.0,1.0,2.0,4.0,6.8,5.15,1.45,1588.82507324,1855.42382812,-2,7,-2,8,0.0,12,39,0.8571428571428571,12.857142857142858,2.2857142857142856,6.428571428571429,11.714285714285714,1.8571428571428572,0.0,2.4285714285714284,19.571428571428573,7.285714285714286,6.857142857142857,12.142857142857142,3.7142857142857144,0.0,A,0,0,1,0.0,0.0,0.0
2023-2024,x-00005,2023-10-07,t-00026,t-00055,3.0,1.0,6.0,2.0,1.52,4.56,6.57,1722.31176758,1606.29040527,-5,-12,-2,-4,1.0,17,18,1.3360655737704918,12.024590163934427,3.9262295081967213,5.262295081967213,11.336065573770492,1.7622950819672132,0.10655737704918032,0.5294117647058824,8.588235294117647,2.235294117647059,3.823529411764706,11.352941176470589,2.2941176470588234,0.058823529411764705,H,1,0,0,1.0,0.0,0.0
2023-2024,x-00005,2023-10-08,t-00012,t-00033,2.0,2.0,3.0,4.0,3.26,4.19,2.1,1817.13549805,1957.49963379,-1,7,5,2,-2.0,31,25,3.0,11.0,7.5,4.5,10.5,1.0,0.0,1.5,10.5,4.5,5.0,12.0,2.0,0.0,D,0,1,0,1.0,1.0,4.0
2023-2024,x-00005,2023-10-08,t-00002,t-00035,1.0,0.0,2.0,1.0,3.0,3.39,2.56,1921.52868652,2076.61474609,7,8,8,4,-9.0,34,41,0.42857142857142855,6.714285714285714,1.2857142857142858,2.5714285714285716,10.285714285714286,1.7142857142857142,0.42857142857142855,2.7142857142857144,15.857142857142858,6.714285714285714,5.285714285714286,10.142857142857142,2.2857142857142856,0.0,H,1,0,0,0.0,0.0,6.0
2023-2024,x-00005,2023-10-08,t-00071,t-00003,1.0,1.0,3.0,4.0,3.7,3.68,2.08,1709.79882812,1839.22668457,-1,7,-3,-4,2.0,12,30,0.0,10.0,3.0,6.0,13.0,4.0,0.0,3.0,20.0,9.0,9.0,8.0,1.0,0.0,D,0,1,0,3.0,0.0,1.0
2023-2024,x-00005,2023-10-08,t-00069,t-00040,2.0,2.0,3.0,3.0,3.58,3.73,2.11,1804.75134277,1888.61767578,1,8,5,5,-5.0,22,35,1.8333333333333333,10.666666666666666,3.6666666666666665,5.166666666666667,8.666666666666666,2.3333333333333335,0.0,1.8333333333333333,12.333333333333334,4.666666666666667,4.833333333333333,10.166666666666666,2.0,0.0,D,0,1,0,1.0,1.0,4.0
2023-2024,x-00005,2023-10-21,t-00011,t-00014,3.0,0.0,10.0,1.0,1.74,3.9,5.09,1786.77270508,1680.64709473,-4,-5,-1,-2,2.0,19,16,1.3928571428571428,11.333333333333334,4.166666666666667,4.321428571428571,9.666666666666666,1.5952380952380953,0.047619047619047616,0.875,10.625,2.875,5.75,10.75,2.125,0.25,H,1,0,0,1.0,0.0,0.0
2023-2024,x-00005,2023-10-21,t-00033,t-00025,2.0,0.0,6.0,1.0,1.4,5.5,7.4,1954.80895996,1687.6295166,6,3,8,2,6.0,25,26,2.0,21.272727272727273,6.818181818181818,8.272727272727273,7.909090909090909,0.7272727272727273,0.0,0.6363636363636364,7.545454545454546,3.3636363636363638,3.909090909090909,8.818181818181818,0.8181818181818182,0.0,H,1,0,0,4.0,1.0,1.0
2023-2024,x-00005,2023-10-21,t-00040,t-00022,4.0,0.0,7.0,3.0,1.48,4.49,7.68,1887.48999023,1759.27392578,9,0,6,0,0.0,30,21,1.5,12.666666666666666,4.5,6.833333333333333,11.166666666666666,2.1666666666666665,0.0,2.1666666666666665,13.0,4.666666666666667,4.333333333333333,11.166666666666666,3.1666666666666665,0.16666666666666666,H,1,0,0,3.0,1.0,2.0
2023-2024,x-00005,2023-10-21,t-00035,t-00012,2.0,1.0,6.0,3.0,1.36,5.69,7.74,2065.76635742,1819.82617188,6,1,9,-4,12.0,33,24,2.0,11.5,4.0,4.0,11.0,1.0,0.0,1.0,14.0,4.5,4.0,14.0,2.5,0.0,H,1,0,0,6.0,0.0,0.0
2023-2024,x-00005,2023-10-21,t-00055,t-00036,1.0,2.0,6.0,5.0,7.8,5.6,1.38,1600.38305664,1823.01013184,-13,-3,-9,-3,-1.0,18,22,0.5555555555555556,8.38888888888889,2.2222222222222223,3.8333333333333335,11.277777777777779,2.2777777777777777,0.05555555555555555,1.4565217391304348,15.695652173913043,5.521739130434782,5.5,10.978260869565217,2.108695652173913,0.021739130434782608,A,0,0,1,0.0,1.0,1.0
2023-2024,x-00005,2023-10-21,t-00042,t-00034,2.0,2.0,8.0,4.0,1.76,3.65,5.39,1683.45080566,1585.69592285,-1,-2,3,-6,0.0,16,13,1.0,9.826086956521738,3.130434782608696,3.4565217391304346,11.58695652173913,2.3260869565217392,0.043478260869565216,0.75,12.75,2.25,6.25,12.25,1.875,0.0,D,0,1,0,0.0,0.0,0.0
2023-2024,x-00005,2023-10-21,t-00009,t-00071,1.0,2.0,4.0,7.0,2.31,3.46,3.32,1633.01220703,1712.19519043,-9,-2,-7,-6,-1.0,18,13,0.625,11.75,3.875,4.75,13.875,1.625,0.0,1.0476190476190477,10.023809523809524,3.619047619047619,3.6904761904761907,10.976190476190476,1.9523809523809523,0.07142857142857142,A,0,0,1,0.0,2.0,1.0
2023-2024,x-00005,2023-10-21,t-00018,t-00002,2.0,2.0,5.0,3.0,3.35,3.44,2.31,1782.06970215,1932.37695312,3,8,1,7,-3.0,21,25,1.7708333333333333,14.770833333333334,5.125,5.697916666666667,10.072916666666666,1.6354166666666667,0.07291666666666667,1.7746478873239437,13.746478873239436,4.746478873239437,5.690140845070423,9.809859154929578,1.5140845070422535,0.09859154929577464,D,0,1,0,1.0,2.0,3.0
2023-2024,x-00005,2023-10-22,t-00003,t-00069,4.0,1.0,7.0,4.0,1.79,4.02,4.54,1836.83044434,1805.87890625,5,-1,13,0,-6.0,28,22,1.0,12.0,4.0,2.0,6.0,0.0,0.0,1.0,17.0,6.0,13.0,8.0,1.0,0.0,H,1,0,0,0.0,1.0,3.0
2023-2024,x-00005,2023-10-23,t-00064,t-00026,2.0,0.0,5.0,3.0,1.52,4.72,6.13,1858.55297852,1728.21911621,6,-3,3,-4,3.0,37,20,2.25,19.0,6.875,6.75,11.5,3.375,0.125,1.3495934959349594,12.089430894308943,3.9430894308943087,5.2926829268292686,11.308943089430894,1.7560975609756098,0.10569105691056911,H,1,0,0,2.0,1.0,0.0
2023-2024,x-00005,2023-10-27,t-00022,t-00064,1.0,2.0,3.0,1.0,4.58,3.85,1.81,1752.04541016,1864.72998047,-5,5,0,6,-2.0,13,32,1.1027027027027028,11.145945945945947,3.6,4.816216216216216,10.675675675675675,1.5513513513513513,0.03783783783783784,2.2222222222222223,18.555555555555557,6.666666666666667,6.333333333333333,11.333333333333334,3.2222222222222223,0.1111111111111111,A,0,0,1,1.0,2.0,3.0
2023-2024,x-00005,2023-10-28,t-00018,t-00011,0.0,2.0,2.0,5.0,1.65,4.05,5.6,1785.81481934,1795.16821289,4,-1,1,3,-5.0,24,22,1.7731958762886597,14.731958762886597,5.123711340206185,5.65979381443299,10.041237113402062,1.6494845360824741,0.07216494845360824,1.411764705882353,11.470588235294118,4.235294117647059,4.329411764705882,9.717647058823529,1.6352941176470588,0.047058823529411764,A,0,0,1,0.0,0.0,2.0
2023-2024,x-00005,2023-10-28,t-00009,t-00014,2.0,1.0,6.0,3.0,2.13,3.65,3.51,1626.58178711,1673.90087891,-10,-8,-7,-4,-4.0,17,14,0.6666666666666666,11.222222222222221,3.888888888888889,4.555555555555555,14.0,1.6666666666666667,0.1111111111111111,0.7777777777777778,10.11111111111111,2.6666666666666665,5.666666666666667,10.88888888888889,2.111111111111111,0.3333333333333333,H,1,0,0,0.0,0.0,3.0
2023-2024,x-00005,2023-10-28,t-00071,t-00040,2.0,2.0,6.0,5.0,4.11,3.75,1.93,1720.27502441,1885.11938477,0,15,-4,5,1.0,16,35,1.0,10.5,4.0,2.5,9.5,2.0,0.0,1.0,17.5,7.0,7.0,10.0,2.5,0.0,D,0,1,0,1.0,4.0,0.0
2023-2024,x-00005,2023-10-28,t-00002,t-00055,5.0,0.0,8.0,0.0,1.13,9.5,21.0,1935.53796387,1597.3170166,6,-14,4,-7,1.0,23,16,3.0,14.0,5.0,4.0,6.0,1.0,0.0,0.0,7.0,2.0,2.0,9.0,1.0,0.0,H,1,0,0,1.0,1.0,0.0
2023-2024,x-00005,2023-10-29,t-00069,t-00025,0.0,1.0,2.0,4.0,2.08,3.7,3.62,1785.3104248,1685.72680664,-5,1,4,-4,0.0,23,21,0.6,17.4,4.0,6.0,10.2,1.4,0.0,1.0,8.4,2.8,3.8,8.0,1.6,0.0,A,0,0,1,3.0,1.0,2.0
2023-2024,x-00005,2023-10-29,t-00036,t-00035,0.0,3.0,3.0,10.0,5.6,4.3,1.61,1830.05908203,2070.59326172,0,3,0,4,-1.0,25,34,2.5,10.0,6.0,1.0,12.0,3.0,0.0,3.5,13.5,5.5,3.5,4.0,0.0,0.0,A,0,0,1,2.0,1.0,3.0
2023-2024,x-00005,2023-10-29,t-00003,t-00034,3.0,1.0,6.0,1.0,1.34,5.85,8.55,1857.22241211,1590.43249512,11,-1,15,-6,0.0,32,15,1.811764705882353,12.352941176470589,4.458823529411765,5.576470588235294,10.705882352941176,2.1176470588235294,0.03529411764705882,0.8888888888888888,12.777777777777779,2.4444444444444446,5.777777777777778,12.11111111111111,1.6666666666666667,0.0,H,1,0,0,0.0,0.0,0.0
2023-2024,x-00005,2023-10-29,t-00033,t-00042,3.0,0.0,8.0,1.0,1.22,7.31,12.08,1960.29162598,1680.36376953,5,-2,9,-3,1.0,27,21,1.5,16.5,6.5,10.0,8.5,0.5,0.0,1.5,10.5,6.0,2.5,13.0,1.5,0.0,H,1,0,0,1.0,0.0,0.0
2023-2024,x-00005,2023-10-29,t-00012,t-00026,1.0,1.0,7.0,5.0,1.64,4.32,5.29,1822.85046387,1723.69140625,-2,-1,5,-5,-1.0,21,19,0.0,21.0,7.0,10.0,12.0,0.0,0.0,1.0,5.0,2.0,2.0,14.0,5.0,0.0,D,0,1,0,0.0,2.0,1.0
2023-2024,x-00005,2023-11-04,t-00025,t-00012,1.0,1.0,4.0,2.0,2.86,3.52,2.54,1697.59313965,1818.86486816,3,-4,-1,-2,1.0,24,20,5.0,10.0,5.0,1.0,13.0,5.0,0.0,1.0,23.0,5.0,15.0,11.0,1.0,0.0,D,0,1,0,4.0,0.0,2.0
2023-2024,x-00005,2023-11-04,t-00026,t-00036,0.0,1.0,3.0,5.0,3.03,3.59,2.38,1727.67700195,1823.86010742,-2,-1,-2,-1,-5.0,22,24,1.0,12.0,5.0,7.0,9.5,1.5,0.0,2.0,17.5,8.5,4.0,12.0,1.0,0.0,A,0,0,1,0.0,0.0,3.0
2023-2024,x-00005,2023-11-04,t-00014,t-00022,0.0,2.0,5.0,3.0,3.53,3.21,2.31,1665.80175781,1745.73266602,-8,-4,-12,-4,-2.0,13,13,0.8,9.7,2.7,5.6,11.0,2.2,0.3,1.1021505376344085,11.155913978494624,3.596774193548387,4.849462365591398,10.720430107526882,1.553763440860215,0.03763440860215054,A,0,0,1,2.0,1.0,2.0
2023-2024,x-00005,2023-11-04,t-00040,t-00002,1.0,0.0,2.0,1.0,2.84,3.23,2.73,1881.83666992,1938.39038086,14,10,10,5,-4.0,38,27,0.6,11.4,3.8,7.6,12.0,2.6,0.0,1.0,15.8,4.0,4.8,9.8,2.6,0.0,H,1,0,0,2.0,0.0,4.0
2023-2024,x-00005,2023-11-04,t-00011,t-00069,3.0,2.0,4.0,2.0,2.16,3.71,3.39,1808.16369629,1773.4440918,2,-4,1,-2,4.0,25,22,2.0,15.25,7.25,4.5,6.25,1.0,0.0,0.25,11.75,3.75,7.5,9.0,1.0,0.0,H,1,0,0,2.0,0.0,0.0
2023-2024,x-00005,2023-11-04,t-00035,t-00009,6.0,1.0,8.0,1.0,1.09,11.5,28.5,2076.79223633,1634.68078613,4,-9,9,-8,11.0,29,19,2.5252100840336134,17.54621848739496,6.495798319327731,7.302521008403361,9.004201680672269,1.3067226890756303,0.0546218487394958,0.8,11.4,4.1,5.1,13.5,1.7,0.1,H,1,0,0,4.0,0.0,0.0
2023-2024,x-00005,2023-11-04,t-00055,t-00071,2.0,1.0,2.0,3.0,4.35,3.76,1.87,1594.46459961,1723.55786133,-18,2,-11,0,-1.0,11,20,0.55,8.25,2.3,3.75,11.4,2.35,0.05,1.0909090909090908,10.272727272727273,3.75,3.977272727272727,11.0,2.022727272727273,0.06818181818181818,H,1,0,0,1.0,0.0,1.0
2023-2024,x-00005,2023-11-05,t-00034,t-00033,1.0,1.0,5.0,6.0,15.0,8.5,1.18,1587.67456055,1963.38659668,-3,6,-3,2,0.0,12,29,0.9,12.2,2.3,5.6,11.9,1.7,0.0,2.176470588235294,16.483193277310924,5.991596638655462,6.659663865546219,9.53781512605042,1.1932773109243697,0.04201680672268908,D,0,1,0,0.0,0.0,0.0
2023-2024,x-00005,2023-11-05,t-00042,t-00003,2.0,0.0,3.0,3.0,3.93,3.81,1.95,1677.26879883,1859.98034668,-5,11,2,-4,0.0,18,33,0.0,6.0,2.0,8.0,17.0,4.0,0.0,2.0,8.0,3.0,1.0,7.0,3.0,0.0,H,1,0,0,0.0,1.0,0.0
2023-2024,x-00005,2023-11-06,t-00064,t-00018,1.0,4.0,5.0,8.0,2.37,3.65,3.0,1871.04284668,1772.81933594,5,2,4,0,-2.0,23,20,2.2,17.7,6.1,5.9,11.3,3.0,0.1,1.7551020408163265,14.755102040816327,5.091836734693878,5.704081632653061,10.061224489795919,1.6428571428571428,0.07142857142857142,A,0,0,1,2.0,0.0,4.0
2023-2024,x-00005,2023-11-11,t-00036,t-00034,1.0,0.0,4.0,4.0,1.29,6.14,10.06,1814.09326172,1589.59924316,-1,-4,-4,-5,0.0,25,15,1.4285714285714286,15.408163265306122,5.448979591836735,5.469387755102041,11.0,2.122448979591837,0.02040816326530612,0.9090909090909091,11.818181818181818,2.5454545454545454,5.454545454545454,11.454545454545455,1.6363636363636365,0.0,H,1,0,0,0.0,0.0,0.0
2023-2024,x-00005,2023-11-11,t-00022,t-00025,2.0,3.0,4.0,4.0,2.71,3.12,2.96,1750.4987793,1694.29199219,-2,1,-1,-3,1.0,13,22,0.8888888888888888,14.555555555555555,4.0,6.888888888888889,11.222222222222221,0.7777777777777778,0.0,0.6666666666666666,11.333333333333334,3.2222222222222223,3.4444444444444446,12.444444444444445,1.3333333333333333,0.1111111111111111,A,0,0,1,1.0,4.0,1.0
2023-2024,x-00005,2023-11-11,t-00009,t-00040,2.0,0.0,10.0,5.0,3.9,3.76,1.97,1627.65527344,1874.44506836,-12,7,-6,5,-3.0,16,25,0.8181818181818182,10.818181818181818,3.8181818181818183,4.7272727272727275,13.090909090909092,1.6363636363636365,0.09090909090909091,1.4105263157894736,12.384210526315789,4.321052631578947,5.447368421052632,9.842105263157896,1.7157894736842105,0.031578947368421054,H,1,0,0,0.0,3.0,1.0
2023-2024,x-00005,2023-11-11,t-00071,t-00064,2.0,1.0,4.0,2.0,3.13,3.62,2.31,1707.7755127,1845.06384277,1,2,-4,7,-2.0,20,23,1.0888888888888888,10.266666666666667,3.7333333333333334,3.977777777777778,10.977777777777778,2.0444444444444443,0.06666666666666667,2.090909090909091,16.818181818181817,6.0,5.454545454545454,11.363636363636363,2.8181818181818183,0.2727272727272727,H,1,0,0,1.0,1.0,3.0
2023-2024,x-00005,2023-11-11,t-00002,t-00014,3.0,1.0,6.0,5.0,1.19,7.49,16.59,1928.18530273,1650.12438965,9,-8,8,-5,7.0,22,16,1.7862068965517242,13.73793103448276,4.731034482758621,5.7379310344827585,9.827586206896552,1.5103448275862068,0.09655172413793103,0.7272727272727273,10.363636363636363,2.909090909090909,6.181818181818182,10.818181818181818,2.0,0.2727272727272727,H,1,0,0,3.0,1.0,1.0
2023-2024,x-00005,2023-11-12,t-00018,t-00035,4.0,4.0,9.0,10.0,4.8,4.0,1.76,1787.88708496,2073.82299805,6,7,-1,4,-1.0,24,33,0.8,6.4,2.4,3.0,11.8,2.2,0.0,2.2,19.0,7.4,7.0,12.6,2.0,0.0,D,0,1,0,2.0,0.0,4.0
2023-2024,x-00005,2023-11-12,t-00033,t-00011,3.0,0.0,10.0,3.0,1.4,5.51,7.48,1936.02856445,1808.63500977,4,5,12,3,4.0,28,27,2.0,18.5,7.5,9.0,10.0,2.0,0.0,1.5,8.25,3.25,2.25,7.25,1.25,0.0,H,1,0,0,2.0,0.0,0.0
2023-2024,x-00005,2023-11-12,t-00012,t-00055,1.0,1.0,6.0,1.0,1.27,6.23,11.19,1819.82470703,1599.33557129,-6,-9,2,-11,-1.0,18,12,1.9767441860465116,16.069767441860463,6.162790697674419,6.069767441860465,11.627906976744185,1.8372093023255813,0.0,0.6190476190476191,8.380952380952381,2.2857142857142856,3.761904761904762,11.476190476190476,2.3333333333333335,0.047619047619047616,D,0,1,0,0.0,1.0,1.0
2023-2024,x-00005,2023-11-12,t-00069,t-00042,3.0,2.0,6.0,5.0,1.81,3.84,4.59,1764.91320801,1687.95385742,-3,-1,1,-5,4.0,20,18,2.0,18.5,5.0,9.5,9.5,0.5,0.0,0.5,10.5,4.5,4.5,7.5,2.0,0.0,H,1,0,0,1.0,0.0,0.0
2023-2024,x-00005,2023-11-12,t-00003,t-00026,3.0,1.0,6.0,5.0,1.64,4.22,5.4,1840.60449219,1715.52526855,8,-3,16,-6,3.0,29,20,1.0,10.0,3.3333333333333335,6.333333333333333,10.666666666666666,3.0,0.0,0.3333333333333333,11.0,4.0,6.666666666666667,12.666666666666666,1.3333333333333333,0.0,H,1,0,0,2.0,0.0,0.0
2023-2024,x-00005,2023-11-25,t-00034,t-00022,2.0,1.0,3.0,8.0,4.12,3.42,2.03,1587.12194824,1739.60424805,-4,-4,-3,-3,0.0,16,15,0.8333333333333334,11.666666666666666,2.6666666666666665,5.25,11.416666666666666,1.6666666666666667,0.0,1.1117021276595744,11.127659574468085,3.595744680851064,4.851063829787234,10.71808510638298,1.5691489361702127,0.03723404255319149,H,1,0,0,0.0,0.0,0.0
2023-2024,x-00005,2023-11-25,t-00011,t-00002,0.0,1.0,3.0,4.0,5.8,4.05,1.65,1801.96411133,1930.75341797,2,7,2,5,-1.0,25,20,1.0,7.0,2.25,2.25,9.0,0.75,0.0,1.5,20.5,6.5,7.25,9.25,0.75,0.0,A,0,0,1,1.0,0.0,1.0
2023-2024,x-00005,2023-11-25,t-00040,t-00018,4.0,1.0,5.0,4.0,2.6,3.55,2.76,1856.01452637,1793.80566406,3,4,7,6,-4.0,22,29,0.5,13.25,3.5,5.75,9.0,1.5,0.0,2.5,12.75,6.5,5.75,8.0,2.25,0.5,H,1,0,0,3.0,0.0,3.0
2023-2024,x-00005,2023-11-25,t-00035,t-00033,1.0,1.0,5.0,3.0,1.7,4.42,4.61,2067.90429688,1942.69946289,8,8,13,2,8.0,35,34,2.3333333333333335,11.833333333333334,4.583333333333333,5.083333333333333,9.666666666666666,2.1666666666666665,0.0,1.3333333333333333,9.166666666666666,3.5,3.0,10.0,1.9166666666666667,0.08333333333333333,D,0,1,0,4.0,2.0,0.0
2023-2024,x-00005,2023-11-25,t-00055,t-00009,1.0,3.0,2.0,11.0,3.57,3.5,2.16,1605.8458252,1646.08581543,-7,-6,-9,-12,1.0,11,25,0.6363636363636364,8.409090909090908,2.227272727272727,3.727272727272727,11.681818181818182,2.3181818181818183,0.045454545454545456,0.9166666666666666,11.5,4.333333333333333,4.833333333333333,12.833333333333334,1.6666666666666667,0.08333333333333333,A,0,0,1,1.0,0.0,0.0
2023-2024,x-00005,2023-11-25,t-00014,t-00069,1.0,2.0,5.0,3.0,3.48,3.43,2.23,1647.55627441,1769.88793945,-11,-4,-11,-3,4.0,17,17,0.75,10.166666666666666,3.0833333333333335,5.916666666666667,10.666666666666666,1.9166666666666667,0.25,1.4534883720930232,11.563953488372093,4.02906976744186,4.872093023255814,9.465116279069768,1.3895348837209303,0.040697674418604654,A,0,0,1,2.0,2.0,1.0
2023-2024,x-00005,2023-11-25,t-00042,t-00012,2.0,3.0,5.0,5.0,3.69,3.63,2.07,1682.97912598,1813.31445312,-2,-1,3,-1,2.0,22,21,1.5,7.5,2.5,1.5,10.5,1.5,0.0,0.5,18.0,7.0,8.0,9.0,1.5,0.0,A,0,0,1,1.0,0.0,0.0
2023-2024,x-00005,2023-11-26,t-00064,t-00003,1.0,2.0,8.0,5.0,2.7,3.7,2.58,1834.65710449,1846.15820312,0,5,3,-2,0.0,17,26,2.0,15.916666666666666,5.666666666666667,5.25,11.666666666666666,2.8333333333333335,0.25,1.8181818181818181,12.409090909090908,4.4772727272727275,5.590909090909091,10.613636363636363,2.1136363636363638,0.03409090909090909,A,0,0,1,2.0,0.0,2.0
2023-2024,x-00005,2023-11-26,t-00025,t-00036,0.0,3.0,6.0,4.0,2.68,3.45,2.75,1705.18652344,1816.57043457,3,1,0,-1,2.0,21,25,0.0,15.0,1.0,4.0,9.0,0.0,0.0,2.0,29.0,11.0,10.0,10.0,0.0,0.0,A,0,0,1,2.0,1.0,3.0
2023-2024,x-00005,2023-11-27,t-00026,t-00071,3.0,2.0,6.0,6.0,2.43,3.3,3.19,1709.97155762,1718.18225098,-3,1,-3,0,-1.0,22,23,1.5,14.5,3.0,4.0,11.0,3.0,0.0,2.0,11.0,6.5,5.0,13.0,0.5,0.0,H,1,0,0,0.0,2.0,1.0
2023-2024,x-00005,2023-12-02,t-00011,t-00034,3.0,1.0,6.0,1.0,1.54,4.43,6.38,1801.08325195,1603.02478027,2,-2,1,-3,0.0,25,17,1.404494382022472,11.49438202247191,4.213483146067416,4.292134831460674,9.730337078651685,1.651685393258427,0.0449438202247191,0.9230769230769231,11.384615384615385,2.6923076923076925,5.153846153846154,11.692307692307692,2.0,0.0,H,1,0,0,0.0,0.0,0.0
2023-2024,x-00005,2023-12-02,t-00014,t-00055,5.0,0.0,7.0,3.0,1.74,3.81,5.19,1646.45068359,1598.97131348,-9,-7,-10,-10,1.0,19,11,0.7692307692307693,10.23076923076923,3.230769230769231,5.769230769230769,10.692307692307692,1.8461538461538463,0.23076923076923078,0.6521739130434783,8.478260869565217,2.217391304347826,3.739130434782609,11.434782608695652,2.391304347826087,0.043478260869565216,H,1,0,0,1.0,1.0,0.0
2023-2024,x-00005,2023-12-02,t-00040,t-00036,1.0,0.0,4.0,1.0,2.0,3.78,3.79,1872.51538086,1831.24914551,6,3,11,4,-2.0,24,21,1.0,15.5,4.0,5.5,9.5,0.5,0.0,0.0,10.5,1.5,4.0,12.5,1.5,0.0,H,1,0,0,3.0,1.0,2.0
2023-2024,x-00005,2023-12-02,t-00002,t-00071,2.0,1.0,6.0,3.0,1.24,6.5,13.0,1947.95324707,1716.1451416,7,0,10,-2,5.0,22,26,3.0,31.0,9.0,17.0,6.0,0.0,0.0,2.0,4.0,4.0,1.0,8.0,2.0,0.0,H,1,0,0,2.0,2.0,1.0
2023-2024,x-00005,2023-12-02,t-00042,t-00025,0.0,1.0,2.0,3.0,2.88,3.16,2.76,1682.10803223,1699.05407715,-3,-3,1,2,0.0,22,19,2.0,10.0,4.0,3.0,11.0,3.0,0.0,2.0,10.0,3.0,3.0,17.0,5.0,0.0,A,0,0,1,0.0,1.0,0.0
2023-2024,x-00005,2023-12-03,t-00069,t-00022,1.0,1.0,3.0,2.0,1.94,3.58,4.26,1782.50512695,1733.77648926,-3,-5,0,-4,-1.0,17,21,1.8,10.2,3.8,4.8,9.0,0.8,0.0,1.6,9.0,3.0,4.6,10.2,1.0,0.2,D,0,1,0,1.0,3.0,2.0
2023-2024,x-00005,2023-12-03,t-00033,t-00026,4.0,3.0,12.0,5.0,1.23,7.04,11.81,1953.7635498,1722.08374023,8,-4,13,-8,2.0,33,22,2.0,12.833333333333334,3.8333333333333335,5.666666666666667,10.333333333333334,1.5,0.0,1.1666666666666667,9.166666666666666,3.3333333333333335,3.6666666666666665,10.833333333333334,1.1666666666666667,0.0,H,1,0,0,2.0,0.0,1.0
2023-2024,x-00005,2023-12-03,t-00018,t-00012,3.0,2.0,5.0,9.0,1.6,4.45,5.5,1789.70568848,1828.16210938,-2,0,-4,-3,4.0,28,23,1.7920792079207921,14.722772277227723,5.148514851485149,5.643564356435643,10.277227722772277,1.7326732673267327,0.07920792079207921,1.9777777777777779,15.844444444444445,6.133333333333334,6.022222222222222,11.555555555555555,1.9111111111111112,0.044444444444444446,H,1,0,0,3.0,2.0,1.0
2023-2024,x-00005,2023-12-03,t-00009,t-00003,2.0,2.0,7.0,3.0,3.12,3.98,2.19,1663.03540039,1860.90783691,-1,6,-2,-3,3.0,32,27,1.0769230769230769,12.384615384615385,4.846153846153846,5.0,12.461538461538462,1.6153846153846154,0.07692307692307693,1.8202247191011236,12.438202247191011,4.48314606741573,5.561797752808989,10.640449438202246,2.134831460674157,0.033707865168539325,D,0,1,0,2.0,0.0,0.0
2023-2024,x-00005,2023-12-03,t-00035,t-00064,3.0,3.0,4.0,4.0,1.23,7.6,10.75,2070.25952148,1830.77514648,9,-2,12,4,5.0,39,21,2.5394190871369293,17.543568464730292,6.5103734439834025,7.3112033195020745,9.024896265560166,1.3070539419087137,0.05394190871369295,1.9230769230769231,16.076923076923077,5.846153846153846,5.538461538461538,11.615384615384615,2.6153846153846154,0.23076923076923078,D,0,1,0,4.0,1.0,1.0
2023-2024,x-00005,2023-12-05,t-00034,t-00002,3.0,4.0,4.0,9.0,15.5,7.25,1.2,1599.11169434,1950.21704102,-4,8,-1,5,0.0,14,25,0.9285714285714286,11.071428571428571,2.5714285714285716,5.142857142857143,11.428571428571429,2.0,0.0,1.7905405405405406,13.797297297297296,4.743243243243243,5.722972972972973,9.797297297297296,1.4932432432432432,0.10135135135135136,A,0,0,1,0.0,0.0,0.0
2023-2024,x-00005,2023-12-05,t-00071,t-00014,1.0,0.0,4.0,3.0,1.95,3.65,4.13,1713.88134766,1658.87463379,-2,-1,0,-7,-3.0,22,25,1.125,10.3125,3.7708333333333335,4.0,11.166666666666666,2.0833333333333335,0.0625,1.0714285714285714,10.857142857142858,3.5,5.785714285714286,10.571428571428571,1.8571428571428572,0.21428571428571427,H,1,0,0,1.0,2.0,1.0
2023-2024,x-00005,2023-12-06,t-00055,t-00033,0.0,2.0,1.0,8.0,14.0,8.5,1.18,1586.54736328,1955.9699707,-11,7,-10,1,-3.0,8,39,0.25,9.0,2.0,4.25,10.0,1.0,0.0,1.75,17.0,6.0,5.75,6.25,0.25,0.0,A,0,0,1,0.0,0.0,2.0
2023-2024,x-00005,2023-12-06,t-00022,t-00009,0.0,2.0,3.0,4.0,2.36,3.43,3.2,1736.66918945,1666.93713379,-1,0,-1,-8,5.0,20,35,1.1105263157894736,11.142105263157895,3.610526315789474,4.842105263157895,10.705263157894738,1.5578947368421052,0.03684210526315789,1.1428571428571428,12.571428571428571,5.0,5.142857142857143,12.714285714285714,1.8571428571428572,0.07142857142857142,A,0,0,1,3.0,1.0,0.0
2023-2024,x-00005,2023-12-06,t-00012,t-00011,2.0,1.0,7.0,2.0,1.76,4.1,4.57,1820.62219238,1804.99645996,0,1,4,-3,2.0,29,21,1.5,27.0,11.0,12.5,15.5,1.5,0.0,2.5,7.0,4.0,1.0,11.0,2.0,0.0,H,1,0,0,1.0,1.0,0.0
2023-2024,x-00005,2023-12-06,t-00026,t-00042,5.0,0.0,6.0,1.0,2.06,3.46,3.94,1719.87719727,1673.06298828,-3,-4,1,-5,2.0,24,16,2.5,15.5,5.0,7.5,9.5,2.0,0.0,1.0,10.5,2.0,3.0,11.0,1.5,0.0,H,1,0,0,1.0,0.0,0.0
2023-2024,x-00005,2023-12-06,t-00036,t-00018,2.0,1.0,9.0,3.0,2.86,3.61,2.49,1825.63574219,1797.24560547,1,-1,-4,5,7.0,17,28,1.4230769230769231,15.134615384615385,5.3076923076923075,5.519230769230769,10.942307692307692,2.0384615384615383,0.019230769230769232,1.803921568627451,14.656862745098039,5.147058823529412,5.637254901960785,10.333333333333334,1.7450980392156863,0.08823529411764706,H,1,0,0,3.0,3.0,0.0
2023-2024,x-00005,2023-12-06,t-00003,t-00035,1.0,0.0,7.0,2.0,5.12,4.33,1.64,1857.00610352,2063.36572266,3,8,14,3,-7.0,23,37,0.6666666666666666,6.333333333333333,2.3333333333333335,2.6666666666666665,11.0,1.6666666666666667,0.0,2.6666666666666665,17.666666666666668,9.666666666666666,7.0,12.666666666666666,1.3333333333333333,0.0,H,1,0,0,0.0,1.0,3.0
2023-2024,x-00005,2023-12-07,t-00025,t-00040,3.0,0.0,6.0,3.0,3.28,3.45,2.31,1708.09912109,1878.12890625,0,3,-2,4,-4.0,21,21,1.875,10.75,4.125,5.0,13.125,2.125,0.0,1.125,13.0,3.75,6.75,9.375,1.125,0.0,H,1,0,0,2.0,2.0,2.0
2023-2024,x-00005,2023-12-07,t-00064,t-00069,1.0,2.0,7.0,5.0,1.67,4.4,4.9,1837.66918945,1779.61242676,-4,0,0,-4,5.0,20,16,2.0,15.5,5.714285714285714,5.714285714285714,11.785714285714286,2.7142857142857144,0.21428571428571427,1.4540229885057472,11.545977011494253,4.017241379310345,4.85632183908046,9.494252873563218,1.4022988505747127,0.040229885057471264,A,0,0,1,3.0,2.0,1.0
2023-2024,x-00005,2023-12-09,t-00012,t-00014,1.0,1.0,11.0,3.0,1.54,4.53,6.19,1826.77685547,1653.51660156,1,-1,3,-6,-5.0,29,25,1.9787234042553192,15.936170212765957,6.212765957446808,6.085106382978723,11.53191489361702,2.0,0.0425531914893617,1.0,10.933333333333334,3.466666666666667,5.933333333333334,10.866666666666667,2.0,0.2,D,0,1,0,0.0,3.0,2.0
2023-2024,x-00005,2023-12-09,t-00036,t-00009,0.0,3.0,3.0,4.0,1.67,4.48,4.78,1831.55297852,1682.85522461,5,1,-1,-6,10.0,23,33,1.4339622641509433,15.377358490566039,5.377358490566038,5.6415094339622645,10.962264150943396,2.0754716981132075,0.018867924528301886,1.2,12.466666666666667,4.933333333333334,5.4,13.0,1.9333333333333333,0.06666666666666667,A,0,0,1,4.0,0.0,0.0
2023-2024,x-00005,2023-12-09,t-00055,t-00011,1.0,0.0,4.0,4.0,4.71,3.91,1.78,1583.94042969,1798.8416748,-8,-2,-12,-3,0.0,9,18,0.8208955223880597,9.029850746268657,2.970149253731343,5.149253731343284,11.522388059701493,1.7313432835820894,0.07462686567164178,1.4175824175824177,11.626373626373626,4.208791208791209,4.3076923076923075,9.714285714285714,1.6373626373626373,0.04395604395604396,H,1,0,0,0.0,0.0,0.0
2023-2024,x-00005,2023-12-09,t-00003,t-00002,1.0,0.0,3.0,5.0,3.65,3.87,2.02,1868.78845215,1952.31091309,2,4,13,5,-1.0,24,26,2.0,7.0,5.0,2.0,13.0,2.0,0.0,4.0,20.0,5.0,9.0,4.0,1.0,0.0,H,1,0,0,2.0,0.0,2.0
2023-2024,x-00005,2023-12-09,t-00071,t-00042,1.0,1.0,4.0,2.0,1.99,3.34,4.42,1719.23937988,1660.80786133,-1,-6,3,-11,1.0,20,16,2.0,12.0,3.5,5.0,10.0,1.0,0.0,1.5,15.5,4.0,5.0,10.0,2.0,0.0,D,0,1,0,1.0,0.0,0.0
2023-2024,x-00005,2023-12-09,t-00022,t-00033,1.0,2.0,4.0,2.0,6.65,4.7,1.5,1720.75109863,1958.5769043,-2,6,-4,1,-12.0,20,39,0.625,7.125,2.875,3.875,6.75,1.0,0.125,3.125,17.125,6.0,7.75,8.875,0.875,0.125,A,0,0,1,0.0,1.0,5.0
2023-2024,x-00005,2023-12-10,t-00025,t-00018,2.0,0.0,5.0,4.0,2.55,3.45,2.88,1727.23132324,1791.32836914,2,0,2,4,5.0,23,29,0.75,8.0,2.25,5.25,9.0,1.0,0.0,1.5,19.5,5.5,7.0,9.5,1.25,0.0,H,1,0,0,4.0,1.0,1.0
2023-2024,x-00005,2023-12-10,t-00034,t-00035,1.0,2.0,2.0,6.0,16.0,7.8,1.18,1597.01782227,2051.58325195,-3,4,-2,0,0.0,17,29,1.0666666666666667,10.733333333333333,2.6666666666666665,5.0,11.6,2.0,0.0,2.5308641975308643,17.48148148148148,6.481481481481482,7.292181069958848,9.061728395061728,1.3209876543209877,0.053497942386831275,A,0,0,1,0.0,0.0,0.0
2023-2024,x-00005,2023-12-10,t-00064,t-00040,4.0,1.0,12.0,3.0,2.06,4.0,3.41,1826.85168457,1858.9967041,-6,0,-2,3,3.0,26,19,1.9333333333333333,16.0,5.8,5.866666666666666,11.733333333333333,2.7333333333333334,0.2,1.407216494845361,12.422680412371134,4.319587628865979,5.427835051546392,9.79896907216495,1.711340206185567,0.030927835051546393,H,1,0,0,3.0,1.0,2.0
2023-2024,x-00005,2023-12-10,t-00026,t-00069,5.0,0.0,8.0,5.0,2.19,3.6,3.41,1732.13232422,1790.42993164,2,2,5,-4,-3.0,25,19,1.0,13.666666666666666,4.0,5.333333333333333,10.0,1.6666666666666667,0.0,1.3333333333333333,12.0,6.333333333333333,3.0,10.333333333333334,2.0,0.0,H,1,0,0,0.0,1.0,2.0
2023-2024,x-00005,2023-12-15,t-00042,t-00064,0.0,2.0,1.0,6.0,5.14,4.19,1.68,1655.70507812,1831.17687988,-8,0,0,1,-2.0,15,33,1.0185185185185186,9.962962962962964,3.1666666666666665,3.4074074074074074,11.555555555555555,2.240740740740741,0.037037037037037035,2.0625,16.4375,6.1875,5.6875,11.625,2.625,0.1875,A,0,0,1,0.0,0.0,1.0
2023-2024,x-00005,2023-12-16,t-00040,t-00026,3.0,0.0,10.0,4.0,1.92,3.83,4.07,1827.05163574,1741.8223877,-4,8,11,-5,1.0,20,30,1.6666666666666667,15.166666666666666,5.833333333333333,8.0,7.833333333333333,0.3333333333333333,0.16666666666666666,1.3333333333333333,11.166666666666666,3.1666666666666665,4.166666666666667,13.0,3.3333333333333335,0.3333333333333333,H,1,0,0,1.0,2.0,0.0
2023-2024,x-00005,2023-12-16,t-00035,t-00022,2.0,2.0,9.0,2.0,1.18,7.6,20.24,2045.375,1708.62451172,0,-5,8,-2,3.0,27,21,2.7777777777777777,19.88888888888889,6.333333333333333,9.777777777777779,9.11111111111111,1.1111111111111112,0.0,0.7777777777777778,6.111111111111111,2.0,2.3333333333333335,7.888888888888889,1.6666666666666667,0.0,D,0,1,0,3.0,1.0,2.0
2023-2024,x-00005,2023-12-16,t-00018,t-00055,2.0,0.0,6.0,1.0,1.18,8.04,15.9,1771.24572754,1587.76953125,-5,-8,-2,-14,3.0,25,11,1.0,17.0,5.0,4.0,6.0,2.0,0.0,1.0,14.0,4.0,4.0,9.0,2.0,0.0,H,1,0,0,1.0,1.0,0.0
2023-2024,x-00005,2023-12-16,t-00014,t-00025,0.0,2.0,2.0,6.0,3.28,3.57,2.26,1651.01049805,1730.69848633,1,4,-2,3,-1.0,23,24,1.0,10.625,3.4375,5.625,10.6875,2.125,0.1875,1.0231481481481481,10.560185185185185,3.5,4.3842592592592595,10.305555555555555,1.7453703703703705,0.023148148148148147,A,0,0,1,3.0,1.0,1.0
2023-2024,x-00005,2023-12-17,t-00002,t-00012,2.0,0.0,9.0,1.0,1.47,4.88,6.82,1933.92175293,1817.00476074,4,1,9,-6,-3.0,30,38,2.0,14.0,4.5,4.5,12.0,2.0,0.0,2.5,10.5,5.5,4.5,12.0,2.5,0.0,H,1,0,0,2.0,1.0,3.0
2023-2024,x-00005,2023-12-17,t-00069,t-00071,3.0,0.0,4.0,3.0,1.9,3.65,4.34,1771.69836426,1707.72668457,-2,0,2,-2,4.0,22,21,3.0,19.0,7.0,5.0,8.5,1.0,0.0,0.0,11.0,4.0,4.0,9.0,1.5,0.0,H,1,0,0,3.0,0.0,2.0
2023-2024,x-00005,2023-12-17,t-00033,t-00036,0.0,0.0,8.0,1.0,1.33,6.1,8.5,1941.29541016,1794.60473633,7,1,11,5,15.0,35,21,4.0,17.5,6.5,6.0,10.0,1.5,0.0,1.0,10.0,4.0,4.5,12.5,3.0,0.0,D,0,1,0,4.0,2.0,0.0
2023-2024,x-00005,2023-12-17,t-00011,t-00003,1.0,2.0,3.0,5.0,3.18,3.46,2.36,1778.3972168,1859.99523926,-4,5,3,0,1.0,18,24,1.0,6.0,5.0,8.0,12.0,3.0,0.0,1.0,14.0,2.0,4.0,8.0,2.0,0.0,A,0,0,1,1.0,1.0,0.0
2023-2024,x-00005,2023-12-21,t-00022,t-00012,1.0,1.0,3.0,6.0,3.23,3.37,2.38,1716.72973633,1811.51660156,-4,-1,-5,-3,-1.0,19,33,1.1088082901554404,11.119170984455959,3.6010362694300517,4.818652849740933,10.72538860103627,1.5699481865284974,0.04145077720207254,1.9183673469387754,16.0,6.204081632653061,6.040816326530612,11.346938775510203,1.9795918367346939,0.04081632653061224,D,0,1,0,1.0,4.0,1.0
2023-2024,x-00005,2023-12-22,t-00003,t-00055,1.0,1.0,4.0,2.0,1.22,7.3,12.5,1867.32617188,1583.67077637,4,-10,9,-14,1.0,23,11,0.0,9.0,3.0,12.0,12.0,4.0,0.0,1.0,8.0,2.0,7.0,10.0,4.0,0.0,D,0,1,0,1.0,1.0,0.0
2023-2024,x-00005,2023-12-23,t-00033,t-00002,1.0,1.0,3.0,2.0,2.52,3.66,2.8,1936.06225586,1939.40991211,4,4,9,0,12.0,33,33,2.4285714285714284,16.857142857142858,6.285714285714286,6.0,11.0,1.8571428571428572,0.0,1.1428571428571428,6.285714285714286,3.4285714285714284,2.2857142857142856,10.571428571428571,1.5714285714285714,0.0,D,0,1,0,5.0,1.0,0.0
2023-2024,x-00005,2023-12-23,t-00026,t-00014,0.0,2.0,5.0,2.0,1.71,3.93,5.24,1733.95654297,1640.44177246,7,1,12,-7,0.0,29,20,1.393939393939394,12.037878787878787,4.015151515151516,5.2272727272727275,11.234848484848484,1.7803030303030303,0.10606060606060606,0.9411764705882353,10.823529411764707,3.3529411764705883,5.764705882352941,10.588235294117647,2.0,0.17647058823529413,A,0,0,1,1.0,0.0,1.0
2023-2024,x-00005,2023-12-23,t-00064,t-00025,2.0,1.0,6.0,8.0,1.7,4.29,4.76,1838.10974121,1741.26721191,3,5,0,3,7.0,37,26,2.0588235294117645,16.176470588235293,6.176470588235294,5.588235294117647,11.588235294117647,2.7058823529411766,0.23529411764705882,1.0276497695852536,10.55299539170507,3.511520737327189,4.391705069124424,10.294930875576037,1.7419354838709677,0.02304147465437788,H,1,0,0,4.0,1.0,1.0
2023-2024,x-00005,2023-12-23,t-00034,t-00040,1.0,0.0,5.0,2.0,5.32,4.12,1.67,1587.55114746,1834.9173584,-4,1,-2,-8,0.0,14,25,1.0625,10.3125,2.625,5.0625,11.875,2.0,0.0,1.413265306122449,12.479591836734693,4.341836734693878,5.428571428571429,9.795918367346939,1.7091836734693877,0.030612244897959183,H,1,0,0,0.0,0.0,0.0
2023-2024,x-00005,2023-12-23,t-00042,t-00009,2.0,3.0,5.0,7.0,2.94,3.45,2.52,1648.7722168,1697.171875,-9,9,-2,-1,-1.0,11,36,1.1638655462184875,12.155462184873949,3.9495798319327733,5.2521008403361344,10.794117647058824,1.6008403361344539,0.029411764705882353,1.3125,12.3125,4.875,5.3125,12.8125,1.875,0.0625,A,0,0,1,0.0,0.0,1.0
2023-2024,x-00005,2023-12-23,t-00069,t-00036,2.0,0.0,5.0,3.0,2.1,3.89,3.39,1780.61230469,1799.83776855,0,0,3,4,2.0,20,18,0.5,14.0,4.5,7.5,7.0,1.5,0.0,0.5,17.5,3.5,5.5,10.5,1.5,0.0,H,1,0,0,3.0,1.0,2.0
2023-2024,x-00005,2023-12-24,t-00071,t-00018,2.0,1.0,6.0,5.0,3.34,3.65,2.2,1698.81274414,1775.34448242,-4,-3,2,0,0.0,20,22,1.0980392156862746,10.313725490196079,3.764705882352941,4.078431372549019,11.196078431372548,2.019607843137255,0.058823529411764705,1.7809523809523808,14.657142857142857,5.123809523809523,5.6571428571428575,10.352380952380953,1.723809523809524,0.08571428571428572,H,1,0,0,3.0,1.0,1.0
2023-2024,x-00005,2023-12-26,t-00009,t-00026,3.0,0.0,4.0,3.0,1.92,3.9,3.97,1705.47802734,1717.21142578,8,4,-2,-8,0.0,33,28,1.411764705882353,12.647058823529411,5.0,5.352941176470588,12.647058823529411,1.9411764705882353,0.058823529411764705,1.3834586466165413,12.090225563909774,4.022556390977444,5.2481203007518795,11.18796992481203,1.781954887218045,0.10526315789473684,H,1,0,0,1.0,0.0,1.0
2023-2024,x-00005,2023-12-26,t-00036,t-00003,3.0,2.0,7.0,4.0,2.35,3.77,2.98,1789.78491211,1859.82104492,-5,3,-3,0,1.0,17,22,1.0,11.0,4.5,3.0,14.0,2.5,0.0,1.5,6.5,2.5,3.5,6.5,1.5,0.0,H,1,0,0,2.0,1.0,1.0
2023-2024,x-00005,2023-12-26,t-00040,t-00042,1.0,3.0,7.0,6.0,1.4,5.15,8.1,1821.93652344,1640.46606445,-3,-9,12,-9,2.0,22,11,0.5,9.0,2.0,5.25,9.5,2.75,0.25,1.5,11.5,3.5,7.0,13.25,2.5,0.0,A,0,0,1,1.0,0.0,0.0
2023-2024,x-00005,2023-12-26,t-00014,t-00033,0.0,2.0,0.0,10.0,7.85,5.65,1.38,1657.18701172,1934.58007812,4,4,-3,3,-10.0,17,33,1.0,10.61111111111111,3.2777777777777777,5.777777777777778,10.944444444444445,1.9444444444444444,0.16666666666666666,2.16260162601626,16.5609756097561,6.008130081300813,6.666666666666667,9.621951219512194,1.2113821138211383,0.04065040650406504,A,0,0,1,0.0,0.0,5.0
2023-2024,x-00005,2023-12-26,t-00055,t-00034,2.0,3.0,6.0,4.0,2.46,3.29,3.15,1591.17590332,1600.53198242,-8,-2,-3,-4,0.0,11,15,0.8142857142857143,8.928571428571429,2.942857142857143,5.071428571428571,11.657142857142857,1.8142857142857143,0.07142857142857142,1.0588235294117647,10.647058823529411,2.764705882352941,5.117647058823529,11.823529411764707,2.0,0.0,A,0,0,1,0.0,0.0,0.0
2023-2024,x-00005,2023-12-27,t-00025,t-00035,1.0,3.0,2.0,9.0,5.5,3.97,1.68,1736.98364258,2037.26965332,7,0,5,2,-10.0,28,26,0.18181818181818182,4.909090909090909,1.0909090909090908,2.6363636363636362,7.363636363636363,1.4545454545454546,0.0,3.0,18.0,7.0,6.454545454545454,7.818181818181818,0.9090909090909091,0.0,A,0,0,1,0.0,0.0,6.0
2023-2024,x-00005,2023-12-27,t-00011,t-00071,1.0,4.0,4.0,5.0,2.25,3.39,3.46,1771.06628418,1707.51123047,-2,-2,4,-5,-1.0,18,20,1.0,12.5,4.0,6.5,7.5,1.5,0.0,0.0,7.0,1.5,5.0,10.0,1.0,0.0,A,0,0,1,0.0,1.0,1.0
2023-2024,x-00005,2023-12-27,t-00018,t-00022,2.0,1.0,4.0,5.0,1.81,3.76,4.72,1766.64599609,1717.87817383,-1,-3,1,-3,12.0,23,14,1.8,15.2,4.6,8.2,9.4,1.4,0.0,0.0,8.6,3.4,5.2,9.4,1.0,0.0,H,1,0,0,6.0,0.0,0.0
2023-2024,x-00005,2023-12-28,t-00002,t-00069,0.0,2.0,8.0,3.0,1.29,6.09,10.81,1940.89208984,1790.6652832,3,1,11,-7,8.0,31,22,2.142857142857143,13.285714285714286,5.285714285714286,5.571428571428571,9.714285714285714,1.1428571428571428,0.0,1.1428571428571428,11.714285714285714,3.5714285714285716,4.571428571428571,12.142857142857142,1.5714285714285714,0.14285714285714285,A,0,0,1,6.0,0.0,0.0
2023-2024,x-00005,2023-12-28,t-00012,t-00064,4.0,2.0,9.0,3.0,2.48,3.92,2.71,1810.36816406,1842.39318848,-2,5,1,3,0.0,34,35,1.9,16.04,6.2,5.94,11.34,1.98,0.04,2.0555555555555554,16.0,6.166666666666667,5.444444444444445,11.277777777777779,2.611111111111111,0.2222222222222222,H,1,0,0,2.0,1.0,3.0
2023-2024,x-00005,2023-12-30,t-00035,t-00055,2.0,0.0,4.0,2.0,1.07,14.0,36.0,2041.18237305,1581.79125977,2,-4,6,-12,3.0,30,14,1.25,15.0,5.5,9.0,7.75,1.0,0.0,0.0,5.25,0.75,3.0,10.75,2.0,0.0,H,1,0,0,2.0,0.0,0.0
2023-2024,x-00005,2023-12-30,t-00071,t-00025,3.0,0.0,6.0,0.0,2.97,3.24,2.61,1726.80541992,1733.07104492,2,4,3,4,3.0,22,27,0.5,9.0,2.0,1.5,13.0,3.5,0.0,0.5,14.0,6.5,8.0,10.5,2.0,0.0,H,1,0,0,2.0,2.0,1.0
2023-2024,x-00005,2023-12-30,t-00042,t-00036,2.0,1.0,2.0,5.0,3.31,3.66,2.21,1659.63964844,1798.17578125,-6,-3,-3,1,-2.0,15,23,1.175,12.1625,3.9625,5.241666666666666,10.791666666666666,1.6,0.03333333333333333,1.3859649122807018,15.175438596491228,5.245614035087719,5.543859649122807,10.894736842105264,2.1228070175438596,0.03508771929824561,H,1,0,0,0.0,0.0,1.0
2023-2024,x-00005,2023-12-30,t-00034,t-00018,2.0,3.0,6.0,8.0,5.55,4.6,1.58,1609.91662598,1772.13586426,-2,-1,0,-4,0.0,16,22,0.0,11.0,1.0,4.0,12.0,3.0,0.0,3.0,19.0,8.0,6.0,15.0,2.0,0.0,A,0,0,1,0.0,0.0,0.0
2023-2024,x-00005,2023-12-30,t-00022,t-00011,3.0,1.0,6.0,4.0,2.15,3.27,3.89,1712.38842773,1751.77209473,-4,-4,-5,-4,0.0,17,19,1.0,16.0,4.5,6.0,13.0,1.0,0.0,1.5,14.0,3.0,6.5,9.0,0.5,0.0,H,1,0,0,0.0,2.0,0.0
2023-2024,x-00005,2023-12-30,t-00003,t-00014,3.0,2.0,7.0,5.0,1.41,5.3,7.94,1851.43017578,1652.82983398,2,-3,6,-2,0.0,23,10,3.0,16.0,6.0,6.0,11.0,0.0,0.0,1.0,9.0,2.0,4.0,12.0,2.0,0.0,H,1,0,0,0.0,3.0,0.0
2023-2024,x-00005,2023-12-31,t-00064,t-00009,3.0,1.0,6.0,4.0,1.79,4.59,3.92,1832.15258789,1717.39782715,3,9,-1,3,6.0,34,26,2.0,17.0,6.0,2.0,11.0,3.0,0.0,0.0,11.0,3.0,6.0,18.0,1.0,0.0,H,1,0,0,3.0,0.0,1.0
2023-2024,x-00005,2023-12-31,t-00026,t-00002,2.0,1.0,4.0,3.0,5.78,4.22,1.61,1705.29162598,1922.60327148,2,0,8,0,-10.0,26,33,1.0,10.333333333333334,2.6666666666666665,3.0,9.0,2.0,0.3333333333333333,2.3333333333333335,18.666666666666668,8.666666666666666,8.333333333333334,7.0,1.0,0.0,H,1,0,0,0.0,0.0,3.0
2023-2024,x-00005,2024-01-01,t-00033,t-00040,4.0,2.0,15.0,3.0,1.38,5.7,7.75,1938.93725586,1802.76281738,5,-6,7,-9,9.0,31,25,2.6363636363636362,18.0,7.0,7.454545454545454,9.727272727272727,1.1818181818181819,0.09090909090909091,0.36363636363636365,8.272727272727273,2.6363636363636362,3.090909090909091,8.181818181818182,1.3636363636363635,0.09090909090909091,H,1,0,0,5.0,1.0,0.0
2023-2024,x-00005,2024-01-02,t-00069,t-00012,0.0,0.0,2.0,8.0,3.19,3.65,2.27,1808.95410156,1820.60876465,3,1,5,-2,-2.0,22,34,1.5,7.5,2.5,3.5,8.5,3.0,0.0,2.5,22.5,9.5,12.0,8.0,0.5,0.0,D,0,1,0,0.0,4.0,2.0
2023-2024,x-00005,2024-01-12,t-00014,t-00034,1.0,1.0,7.0,5.0,2.18,3.47,3.6,1650.13427734,1604.53015137,-3,-1,-2,-4,0.0,12,21,2.0,14.0,4.0,6.0,6.0,2.0,0.0,1.0,18.0,3.0,7.0,14.0,4.0,0.0,D,0,1,0,0.0,0.0,0.0
2023-2024,x-00005,2024-01-13,t-00040,t-00035,2.0,3.0,5.0,11.0,5.1,4.25,1.67,1797.7076416,2042.03088379,-5,4,6,5,-4.0,25,30,0.6363636363636364,7.181818181818182,2.5454545454545454,3.1818181818181817,9.545454545454545,2.3636363636363638,0.0,2.727272727272727,16.727272727272727,6.181818181818182,6.2727272727272725,9.090909090909092,1.6363636363636365,0.09090909090909091,A,0,0,1,1.0,2.0,3.0
2023-2024,x-00005,2024-01-13,t-00018,t-00026,1.0,0.0,3.0,4.0,1.67,4.15,5.3,1777.52233887,1717.3671875,1,-2,2,-9,4.0,27,24,2.4,10.2,3.8,2.6,9.4,1.8,0.4,1.2,10.0,4.0,5.2,13.2,1.6,0.0,H,1,0,0,2.0,1.0,0.0
2023-2024,x-00005,2024-01-14,t-00025,t-00003,0.0,0.0,2.0,5.0,2.55,3.61,2.79,1721.09387207,1854.12573242,-2,2,0,-1,-4.0,21,23,0.6,12.6,3.8,5.0,12.0,3.4,0.0,2.8,13.0,6.6,4.8,9.2,1.8,0.0,D,0,1,0,0.0,1.0,3.0
2023-2024,x-00005,2024-01-14,t-00036,t-00064,2.0,2.0,2.0,6.0,1.99,4.02,3.59,1787.88989258,1837.67590332,-5,6,-3,0,-4.0,19,33,0.0,22.0,6.0,6.0,8.0,3.0,0.0,2.0,17.0,6.0,5.0,9.0,1.0,0.0,D,0,1,0,4.0,0.0,2.0
2023-2024,x-00005,2024-01-20,t-00011,t-00042,3.0,2.0,5.0,3.0,1.78,3.86,4.81,1740.87280273,1669.92553711,-8,0,-2,-7,1.0,17,16,1.3894736842105264,11.526315789473685,4.189473684210526,4.368421052631579,9.8,1.6631578947368422,0.05263157894736842,1.1784232365145229,12.145228215767634,3.954356846473029,5.236514522821577,10.784232365145229,1.6016597510373445,0.03319502074688797,H,1,0,0,1.0,0.0,0.0
2023-2024,x-00005,2024-01-20,t-00002,t-00022,5.0,0.0,6.0,5.0,1.27,6.15,12.65,1910.52770996,1723.28771973,-2,0,8,0,2.0,27,20,1.6,10.8,3.6,6.2,12.0,1.6,0.4,0.8,11.4,4.0,2.4,10.2,1.6,0.0,H,1,0,0,2.0,3.0,1.0
2023-2024,x-00005,2024-01-21,t-00055,t-00069,2.0,2.0,6.0,5.0,2.82,3.35,2.67,1580.94262695,1807.64331055,-4,2,-3,-2,0.0,15,19,0.3333333333333333,10.0,4.333333333333333,5.333333333333333,10.0,1.0,0.0,1.3333333333333333,11.666666666666666,4.666666666666667,5.333333333333333,7.666666666666667,0.0,0.0,D,0,1,0,1.0,0.0,1.0
2023-2024,x-00005,2024-01-21,t-00009,t-00033,0.0,4.0,1.0,7.0,4.49,4.46,1.71,1711.87463379,1943.99243164,7,5,5,5,-10.0,23,38,1.0,13.0,5.0,2.0,13.0,3.0,0.0,3.0,26.0,10.0,10.0,11.0,1.0,1.0,A,0,0,1,1.0,0.0,3.0
2023-2024,x-00005,2024-01-22,t-00012,t-00071,0.0,0.0,4.0,3.0,1.67,4.25,5.15,1821.91955566,1738.7824707,0,4,3,-3,6.0,35,24,2.3333333333333335,17.333333333333332,6.666666666666667,5.0,10.0,3.3333333333333335,0.0,0.3333333333333333,14.0,3.3333333333333335,4.333333333333333,10.666666666666666,1.6666666666666667,0.3333333333333333,D,0,1,0,2.0,2.0,1.0
2023-2024,x-00005,2024-01-30,t-00026,t-00025,0.0,0.0,6.0,4.0,2.23,3.27,3.64,1712.23754883,1723.22888184,-8,-4,10,0,1.0,20,18,1.8333333333333333,14.166666666666666,4.166666666666667,6.833333333333333,10.5,1.5,0.3333333333333333,0.6666666666666666,11.166666666666666,4.833333333333333,5.0,9.5,1.6666666666666667,0.0,D,0,1,0,1.0,1.0,1.0
2023-2024,x-00005,2024-01-30,t-00042,t-00002,1.0,2.0,3.0,3.0,9.02,5.14,1.38,1665.01501465,1916.80566406,-1,4,-4,0,1.0,17,28,1.2857142857142858,10.571428571428571,4.285714285714286,5.142857142857143,10.428571428571429,2.7142857142857144,0.0,1.5714285714285714,10.285714285714286,3.857142857142857,6.0,10.857142857142858,2.857142857142857,0.5714285714285714,A,0,0,1,1.0,0.0,0.0
2023-2024,x-00005,2024-01-30,t-00003,t-00040,1.0,3.0,6.0,5.0,1.86,4.08,4.06,1851.99084473,1794.07983398,1,-3,5,-11,9.0,25,27,2.4,16.0,4.8,8.6,12.4,1.8,0.0,1.4,11.8,5.4,4.4,9.6,2.2,0.0,A,0,0,1,4.0,0.0,0.0
2023-2024,x-00005,2024-01-30,t-00022,t-00055,3.0,2.0,4.0,5.0,1.61,4.01,6.2,1717.00976562,1585.45910645,-4,-5,-2,-9,1.0,21,17,0.6666666666666666,9.333333333333334,3.6666666666666665,5.333333333333333,9.333333333333334,1.6666666666666667,0.0,0.6666666666666666,10.666666666666666,2.6666666666666665,6.333333333333333,16.333333333333332,2.6666666666666665,0.0,H,1,0,0,1.0,0.0,1.0
2023-2024,x-00005,2024-01-30,t-00034,t-00012,4.0,0.0,8.0,2.0,4.29,3.99,1.83,1607.40991211,1818.07800293,0,0,-1,-2,0.0,22,28,1.0,9.0,3.0,7.0,12.0,2.0,0.0,4.0,27.0,12.0,6.0,11.0,2.0,0.0,H,1,0,0,0.0,0.0,0.0
2023-2024,x-00005,2024-01-31,t-00035,t-00014,3.0,1.0,4.0,3.0,1.11,11.5,23.0,2045.65881348,1647.2545166,6,-3,7,-2,20.0,39,16,3.0,17.0,8.0,5.0,8.0,0.0,0.0,0.0,6.0,1.0,6.0,11.0,0.0,1.0,H,1,0,0,5.0,0.0,0.0
2023-2024,x-00005,2024-01-31,t-00033,t-00018,4.0,1.0,13.0,3.0,1.66,4.46,4.89,1951.71911621,1782.65185547,8,4,6,-6,3.0,43,26,1.6666666666666667,14.333333333333334,6.166666666666667,5.666666666666667,10.833333333333334,1.6666666666666667,0.0,1.6666666666666667,11.666666666666666,4.166666666666667,4.166666666666667,8.666666666666666,1.3333333333333333,0.0,H,1,0,0,2.0,3.0,1.0
2023-2024,x-00005,2024-01-31,t-00064,t-00011,3.0,2.0,5.0,5.0,1.62,4.56,5.18,1837.90356445,1745.7833252,3,-6,4,-5,0.0,27,20,2.0,18.0,6.0,6.0,13.0,4.0,0.0,2.0,11.0,6.0,3.0,12.0,1.0,0.0,H,1,0,0,1.0,0.0,1.0
2023-2024,x-00005,2024-02-01,t-00071,t-00036,3.0,4.0,7.0,8.0,3.01,3.46,2.46,1742.62402344,1787.66223145,4,-2,6,-1,-2.0,23,18,0.0,13.333333333333334,4.666666666666667,5.0,7.666666666666667,2.3333333333333335,0.0,1.6666666666666667,17.666666666666668,4.666666666666667,6.666666666666667,11.333333333333334,0.6666666666666666,0.0,A,0,0,1,1.0,1.0,3.0
2023-2024,x-00005,2024-02-01,t-00069,t-00009,1.0,1.0,3.0,4.0,2.51,3.54,2.89,1803.12683105,1704.14782715,7,1,6,6,5.0,19,20,1.0,16.0,3.0,4.0,14.0,4.0,0.0,1.0,14.0,5.0,10.0,9.0,1.0,0.0,D,0,1,0,2.0,1.0,1.0
2023-2024,x-00005,2024-02-03,t-00055,t-00003,0.0,5.0,5.0,10.0,5.35,4.3,1.64,1581.72521973,1836.55615234,-4,-2,-4,1,3.0,21,26,1.0,6.5,2.0,4.0,13.0,3.5,0.0,0.5,10.5,3.5,10.5,11.5,3.5,0.0,A,0,0,1,2.0,0.0,0.0
2023-2024,x-00005,2024-02-03,t-00012,t-00022,4.0,1.0,6.0,5.0,1.74,3.82,5.23,1794.05517578,1720.74365234,-2,-3,3,-7,1.0,29,23,1.0,18.0,6.0,1.0,11.0,2.0,0.0,1.0,11.0,3.0,3.0,12.0,5.0,0.0,H,1,0,0,2.0,2.0,2.0
2023-2024,x-00005,2024-02-03,t-00040,t-00034,4.0,4.0,6.0,8.0,1.54,4.69,5.92,1809.5144043,1631.43273926,-4,5,4,-4,0.0,22,28,0.0,15.0,2.0,7.0,5.0,1.0,0.0,1.0,16.0,5.0,6.0,11.0,2.0,0.0,D,0,1,0,0.0,0.0,0.0
2023-2024,x-00005,2024-02-03,t-00014,t-00026,2.0,2.0,4.0,7.0,2.97,3.28,2.59,1646.07824707,1710.90722656,-3,-5,0,-10,1.0,17,22,2.0,7.0,2.0,6.0,17.0,1.0,0.0,0.0,19.0,5.0,8.0,5.0,2.0,0.0,D,0,1,0,1.0,1.0,0.0
2023-2024,x-00005,2024-02-03,t-00025,t-00064,2.0,2.0,5.0,6.0,3.1,3.74,2.28,1724.5592041,1842.14758301,-6,2,0,-1,-4.0,16,26,1.0,18.0,8.0,8.0,18.0,4.0,0.0,2.0,13.0,6.0,3.0,6.0,1.0,0.0,D,0,1,0,0.0,4.0,2.0
2023-2024,x-00005,2024-02-04,t-00002,t-00033,3.0,1.0,7.0,1.0,2.2,3.75,3.26,1920.33898926,1956.93505859,3,11,8,9,-3.0,22,48,1.125,7.125,3.25,2.625,11.0,2.0,0.0,2.25,16.375,5.875,5.75,11.25,1.875,0.0,H,1,0,0,2.0,2.0,2.0
2023-2024,x-00005,2024-02-04,t-00036,t-00069,3.0,0.0,5.0,3.0,1.56,4.59,5.9,1796.1373291,1798.87097168,-1,4,0,-1,4.0,25,18,0.3333333333333333,15.333333333333334,3.3333333333333335,5.0,12.0,2.0,0.0,1.0,13.333333333333334,4.666666666666667,6.333333333333333,9.0,1.6666666666666667,0.0,H,1,0,0,5.0,1.0,0.0
2023-2024,x-00005,2024-02-04,t-00018,t-00071,2.0,4.0,6.0,7.0,1.54,4.63,6.02,1777.43603516,1734.14880371,-1,6,5,-2,5.0,23,27,1.0,16.0,5.0,6.0,9.0,5.0,0.0,2.0,14.0,6.0,10.0,11.0,3.0,0.0,A,0,0,1,2.0,3.0,0.0
2023-2024,x-00005,2024-02-04,t-00009,t-00042,1.0,1.0,2.0,6.0,1.66,4.37,5.01,1708.40380859,1661.48181152,-2,0,2,-5,0.0,20,19,3.0,18.0,7.0,6.0,10.0,3.0,0.0,2.0,11.0,5.0,6.0,10.0,0.0,1.0,D,0,1,0,0.0,1.0,0.0
2023-2024,x-00005,2024-02-05,t-00011,t-00035,1.0,3.0,3.0,15.0,7.8,5.4,1.39,1741.53930664,2046.83496094,-6,7,-2,3,0.0,21,37,0.75,8.25,4.0,2.75,11.0,1.5,0.0,1.0,18.25,4.75,7.0,8.5,0.5,0.0,A,0,0,1,1.0,0.0,1.0
2023-2024,x-00005,2024-02-10,t-00035,t-00025,2.0,0.0,3.0,1.0,1.24,6.85,12.25,2050.59985352,1726.26953125,9,-5,4,-1,11.0,43,13,3.0,18.416666666666668,7.166666666666667,6.25,7.583333333333333,1.0,0.0,0.25,5.083333333333333,1.1666666666666667,3.0833333333333335,7.833333333333333,1.6666666666666667,0.0,H,1,0,0,4.0,2.0,0.0
2023-2024,x-00005,2024-02-10,t-00026,t-00009,3.0,1.0,6.0,4.0,2.64,3.5,2.76,1710.69848633,1705.50512695,-3,-3,9,4,-3.0,24,15,0.0,8.0,3.0,5.0,10.0,2.0,0.0,3.0,16.0,4.0,6.0,10.0,0.0,0.0,H,1,0,0,0.0,1.0,1.0
2023-2024,x-00005,2024-02-10,t-00042,t-00040,2.0,3.0,3.0,5.0,3.32,3.79,2.16,1664.38037109,1803.61047363,1,-3,-4,-7,-1.0,20,26,1.6666666666666667,11.88888888888889,3.7777777777777777,6.444444444444445,13.0,2.5555555555555554,0.0,0.5555555555555556,10.11111111111111,2.5555555555555554,5.777777777777778,9.555555555555555,2.7777777777777777,0.2222222222222222,A,0,0,1,0.0,0.0,1.0
2023-2024,x-00005,2024-02-10,t-00034,t-00055,1.0,3.0,5.0,3.0,1.72,4.05,4.96,1637.33666992,1573.86950684,4,-9,2,-10,0.0,31,24,3.0,12.0,4.0,4.0,13.0,0.0,0.0,2.0,21.0,6.0,9.0,13.0,5.0,0.0,A,0,0,1,0.0,0.0,0.0
2023-2024,x-00005,2024-02-10,t-00064,t-00012,2.0,1.0,6.0,3.0,1.72,4.64,4.27,1840.43725586,1802.41137695,1,1,6,-7,3.0,26,29,2.0,19.0,3.0,6.0,6.0,2.0,0.0,4.0,15.0,9.0,7.0,18.0,3.0,0.0,H,1,0,0,5.0,0.0,1.0
2023-2024,x-00005,2024-02-10,t-00033,t-00014,3.0,1.0,10.0,4.0,1.16,9.27,15.41,1946.54382324,1646.2869873,9,-5,6,-2,3.0,46,19,2.0,19.0,10.0,4.0,10.0,1.0,0.0,0.0,9.0,0.0,4.0,7.0,2.0,0.0,H,1,0,0,2.0,2.0,1.0
2023-2024,x-00005,2024-02-10,t-00071,t-00011,0.0,2.0,5.0,6.0,2.27,3.54,3.28,1749.30358887,1737.77429199,7,-7,4,-8,0.0,28,21,1.3333333333333333,8.333333333333334,2.6666666666666665,4.0,11.333333333333334,1.0,0.0,1.0,13.0,4.0,7.0,6.666666666666667,1.3333333333333333,0.0,A,0,0,1,1.0,0.0,1.0
2023-2024,x-00005,2024-02-11,t-00069,t-00002,0.0,6.0,1.0,12.0,6.25,4.4,1.56,1787.40466309,1930.73010254,-1,5,5,0,-2.0,16,27,1.25,11.0,3.5,4.375,11.625,1.375,0.125,1.875,15.375,5.625,6.125,9.5,1.25,0.0,A,0,0,1,1.0,3.0,2.0
2023-2024,x-00005,2024-02-11,t-00003,t-00036,1.0,2.0,10.0,5.0,2.18,3.93,3.18,1844.41186523,1807.6036377,3,4,1,-3,-3.0,32,27,1.6666666666666667,7.666666666666667,3.0,4.333333333333333,7.666666666666667,2.0,0.0,1.6666666666666667,11.666666666666666,5.333333333333333,3.0,12.666666666666666,2.0,0.0,A,0,0,1,1.0,1.0,2.0
2023-2024,x-00005,2024-02-12,t-00022,t-00018,1.0,3.0,4.0,5.0,5.04,3.99,1.72,1712.38757324,1762.28125,-6,-2,0,-6,-7.0,25,24,0.16666666666666666,9.333333333333334,3.6666666666666665,4.833333333333333,10.5,1.1666666666666667,0.0,1.8333333333333333,14.166666666666666,4.5,7.5,10.0,1.6666666666666667,0.0,A,0,0,1,1.0,0.0,5.0
2023-2024,x-00005,2024-02-17,t-00040,t-00009,2.0,2.0,5.0,7.0,2.0,3.94,3.64,1809.6237793,1696.5793457,0,-8,1,0,1.0,24,15,0.0,8.0,5.0,5.0,4.0,1.0,0.0,2.0,19.0,10.0,6.0,10.0,2.0,0.0,D,0,1,0,2.0,1.0,1.0
2023-2024,x-00005,2024-02-17,t-00042,t-00069,2.0,0.0,8.0,3.0,2.29,3.54,3.24,1658.7166748,1773.69921875,-2,-9,-4,-5,1.0,17,14,1.1428571428571428,12.714285714285714,4.285714285714286,4.571428571428571,8.285714285714286,1.0,0.0,2.142857142857143,10.714285714285714,4.857142857142857,2.5714285714285716,8.428571428571429,1.7142857142857142,0.0,H,1,0,0,1.0,0.0,0.0
2023-2024,x-00005,2024-02-17,t-00026,t-00003,1.0,2.0,4.0,3.0,3.1,3.74,2.28,1719.97387695,1834.19177246,2,3,6,5,0.0,27,38,0.5,10.5,4.25,5.5,13.75,2.25,0.0,1.5,10.5,4.0,5.25,9.0,2.75,0.0,A,0,0,1,1.0,0.0,1.0
2023-2024,x-00005,2024-02-17,t-00035,t-00018,1.0,1.0,5.0,6.0,1.31,6.6,8.75,2053.18994141,1774.05725098,9,-1,6,-3,8.0,37,25,2.5,18.333333333333332,7.833333333333333,6.333333333333333,13.0,2.1666666666666665,0.0,1.3333333333333333,8.166666666666666,3.5,3.0,11.833333333333334,2.6666666666666665,0.0,D,0,1,0,5.0,0.0,1.0
2023-2024,x-00005,2024-02-17,t-00011,t-00033,1.0,4.0,6.0,8.0,4.85,4.45,1.66,1751.79052734,1948.82006836,-2,9,-3,7,2.0,23,46,1.2,9.8,3.2,3.4,8.2,1.4,0.0,2.2,18.2,8.0,8.4,11.2,1.8,0.0,A,0,0,1,1.0,1.0,0.0
2023-2024,x-00005,2024-02-17,t-00064,t-00071,1.0,2.0,4.0,7.0,1.51,5.01,5.84,1846.02880859,1735.63696289,4,2,8,1,-2.0,29,28,1.0,6.0,2.0,3.0,15.0,3.0,0.0,2.0,17.0,4.0,11.0,19.0,4.0,0.0,A,0,0,1,2.0,0.0,3.0
2023-2024,x-00005,2024-02-17,t-00014,t-00002,0.0,5.0,0.0,7.0,10.32,6.08,1.29,1644.36047363,1944.78515625,-5,13,1,5,-4.0,23,31,1.0,8.0,5.0,3.0,9.0,1.0,0.0,3.0,16.0,6.0,3.0,8.0,0.0,1.0,A,0,0,1,0.0,2.0,3.0
2023-2024,x-00005,2024-02-18,t-00055,t-00012,0.0,5.0,1.0,10.0,4.91,4.32,1.68,1589.70703125,1797.16931152,-6,-2,-7,-7,1.0,21,23,0.868421052631579,9.171052631578947,3.0657894736842106,4.934210526315789,11.657894736842104,1.881578947368421,0.07894736842105263,1.8571428571428572,15.678571428571429,6.107142857142857,5.803571428571429,11.357142857142858,1.9464285714285714,0.03571428571428571,A,0,0,1,1.0,1.0,0.0
2023-2024,x-00005,2024-02-18,t-00034,t-00036,1.0,2.0,4.0,9.0,4.32,4.14,1.79,1621.84875488,1818.17321777,1,4,1,-1,0.0,32,25,0.0,10.0,4.0,3.0,11.0,2.0,0.0,1.0,15.0,4.0,11.0,9.0,0.0,0.0,A,0,0,1,0.0,0.0,0.0
2023-2024,x-00005,2024-02-19,t-00025,t-00022,1.0,1.0,4.0,4.0,1.83,3.49,5.06,1724.59619141,1700.96105957,-5,-7,3,-9,8.0,12,24,0.0,0.0,0.0,0.0,0.0,0.0,0.0,0.0,0.0,0.0,0.0,0.0,0.0,0.0,D,0,1,0,5.0,1.0,0.0
2023-2024,x-00005,2024-02-20,t-00035,t-00011,1.0,0.0,11.0,2.0,1.18,8.5,15.0,2045.74816895,1744.06530762,7,-3,6,-3,1.0,38,25,1.4,19.6,6.8,8.2,7.6,0.4,0.0,0.8,8.4,3.8,3.8,9.2,1.4,0.0,H,1,0,0,1.0,0.0,1.0
2023-2024,x-00005,2024-02-21,t-00033,t-00034,4.0,1.0,13.0,3.0,1.25,6.93,10.47,1956.54528809,1617.44970703,10,1,7,-2,0.0,39,30,1.0,24.0,6.0,7.0,13.0,1.0,0.0,1.0,8.0,5.0,4.0,7.0,1.0,0.0,H,1,0,0,0.0,0.0,0.0
2023-2024,x-00005,2024-02-24,t-00036,t-00026,1.0,2.0,9.0,5.0,1.65,4.26,5.24,1821.27783203,1712.29089355,6,0,2,-8,4.0,29,27,1.6666666666666667,15.666666666666666,7.333333333333333,4.0,13.0,1.3333333333333333,0.0,0.6666666666666666,14.0,4.333333333333333,7.666666666666667,9.333333333333334,2.6666666666666665,0.0,A,0,0,1,2.0,1.0,0.0
2023-2024,x-00005,2024-02-24,t-00012,t-00025,1.0,1.0,7.0,3.0,1.87,3.98,4.1,1805.10803223,1721.3145752,3,-2,6,-4,-4.0,25,16,1.0,15.0,3.5,9.0,8.0,1.5,0.0,3.0,10.0,4.5,2.0,14.0,4.5,0.0,D,0,1,0,2.0,2.0,2.0
2023-2024,x-00005,2024-02-24,t-00022,t-00014,3.0,0.0,6.0,0.0,1.98,3.54,4.13,1701.65356445,1636.98999023,-9,-9,0,-3,-1.0,22,18,1.0,10.0,4.0,6.0,12.0,2.0,0.0,1.0,10.36,3.28,4.96,10.92,1.88,0.16,H,1,0,0,2.0,1.0,2.0
2023-2024,x-00005,2024-02-24,t-00009,t-00035,0.0,1.0,4.0,6.0,6.75,5.2,1.45,1699.76098633,2046.00842285,-6,7,1,5,-7.0,18,38,1.0,5.0,1.0,1.0,9.0,1.0,0.0,6.0,21.0,8.0,12.0,8.0,0.0,0.0,A,0,0,1,0.0,0.0,4.0
2023-2024,x-00005,2024-02-24,t-00003,t-00042,4.0,2.0,6.0,3.0,1.61,4.51,5.37,1839.28564453,1670.7142334,3,-1,-1,-4,2.0,34,23,1.0,10.333333333333334,2.6666666666666665,8.0,8.0,1.6666666666666667,0.0,1.6666666666666667,16.0,5.333333333333333,5.333333333333333,14.333333333333334,2.0,0.0,H,1,0,0,1.0,0.0,0.0
2023-2024,x-00005,2024-02-24,t-00002,t-00040,4.0,1.0,8.0,2.0,1.36,5.75,8.2,1945.37280273,1803.85302734,19,2,8,-3,11.0,35,26,0.8333333333333334,15.5,3.5,5.833333333333333,9.666666666666666,2.3333333333333335,0.0,0.6666666666666666,11.0,3.5,6.333333333333333,12.333333333333334,3.0,0.0,H,1,0,0,5.0,1.0,0.0
2023-2024,x-00005,2024-02-25,t-00071,t-00055,1.0,0.0,2.0,4.0,1.49,4.65,6.92,1746.37158203,1579.17919922,0,-9,1,-3,1.0,29,20,1.2542372881355932,10.677966101694915,4.033898305084746,4.11864406779661,11.23728813559322,2.0338983050847457,0.05084745762711865,0.8571428571428571,9.12987012987013,3.038961038961039,4.935064935064935,11.545454545454545,1.87012987012987,0.09090909090909091,H,1,0,0,1.0,1.0,0.0
2023-2024,x-00005,2024-02-26,t-00069,t-00011,4.0,2.0,6.0,8.0,2.33,3.6,3.12,1759.11242676,1741.21594238,-11,-5,-1,-3,-3.0,15,22,0.6,11.8,3.4,6.6,10.0,1.6,0.0,2.2,15.4,6.6,4.4,7.4,1.0,0.0,H,1,0,0,0.0,0.0,2.0
2023-2024,x-00005,2024-03-02,t-00034,t-00003,2.0,3.0,5.0,8.0,4.55,4.5,1.7,1613.95227051,1843.8515625,-2,5,1,6,0.0,28,35,1.0,7.0,1.0,4.0,10.0,2.0,0.0,3.0,17.0,6.0,6.0,11.0,3.0,0.0,A,0,0,1,0.0,0.0,0.0
2023-2024,x-00005,2024-03-02,t-00064,t-00022,3.0,1.0,6.0,1.0,1.54,4.6,6.11,1832.70495605,1710.91662598,1,-1,4,-9,13.0,27,23,2.08,15.76,5.88,6.0,10.88,2.28,0.16,2.0,12.5,5.0,9.0,10.0,2.5,0.0,H,1,0,0,6.0,0.0,0.0
2023-2024,x-00005,2024-03-02,t-00026,t-00012,3.0,0.0,5.0,5.0,2.62,3.44,2.81,1724.13964844,1801.58459473,2,3,0,0,3.0,28,28,1.0,7.5,3.5,2.5,11.0,4.0,0.0,0.5,19.5,7.0,8.5,12.0,0.0,0.0,H,1,0,0,2.0,1.0,0.0
2023-2024,x-00005,2024-03-02,t-00025,t-00069,1.0,3.0,11.0,5.0,2.17,3.56,3.49,1724.83789062,1768.27258301,-2,-9,0,-8,-1.0,17,16,1.0,8.666666666666666,3.0,3.6666666666666665,8.5,1.5,0.0,0.5,16.5,3.6666666666666665,5.666666666666667,9.666666666666666,1.8333333333333333,0.0,A,0,0,1,3.0,0.0,3.0
2023-2024,x-00005,2024-03-02,t-00040,t-00071,3.0,0.0,7.0,3.0,1.73,4.28,4.58,1797.57568359,1749.66723633,0,1,0,3,1.0,23,28,1.3333333333333333,16.0,6.333333333333333,7.0,11.666666666666666,3.0,0.0,1.3333333333333333,10.666666666666666,4.666666666666667,4.333333333333333,10.666666666666666,1.6666666666666667,0.0,H,1,0,0,2.0,2.0,1.0
2023-2024,x-00005,2024-03-02,t-00042,t-00033,0.0,1.0,2.0,2.0,5.41,4.51,1.6,1666.1484375,1957.45361328,-2,9,0,8,1.0,23,45,0.16666666666666666,9.5,3.3333333333333335,3.1666666666666665,9.666666666666666,0.8333333333333334,0.0,2.0,12.333333333333334,5.0,4.833333333333333,7.0,0.6666666666666666,0.0,A,0,0,1,1.0,0.0,0.0
2023-2024,x-00005,2024-03-02,t-00011,t-00018,2.0,2.0,5.0,6.0,3.28,3.74,2.2,1732.05578613,1780.2043457,-6,-2,-8,-1,-1.0,25,23,2.0,7.0,5.0,1.0,7.0,4.0,0.0,0.0,17.0,2.0,10.0,12.0,1.0,0.0,D,0,1,0,0.0,1.0,1.0
2023-2024,x-00005,2024-03-03,t-00014,t-00009,0.0,2.0,6.0,3.0,3.8,3.8,1.99,1627.72705078,1697.78271484,-12,-3,-9,-3,6.0,11,21,1.0,6.0,3.0,5.0,12.0,3.0,0.0,2.0,13.0,6.0,10.0,9.0,2.0,0.0,A,0,0,1,2.0,0.0,1.0
2023-2024,x-00005,2024-03-03,t-00035,t-00036,3.0,1.0,8.0,1.0,1.24,7.2,10.75,2047.98669434,1809.42895508,6,5,7,0,5.0,40,36,3.3333333333333335,16.0,7.0,6.333333333333333,4.0,0.3333333333333333,0.0,1.6666666666666667,9.0,5.0,3.0,11.0,3.3333333333333335,0.0,H,1,0,0,3.0,0.0,3.0
2023-2024,x-00005,2024-03-04,t-00055,t-00002,0.0,6.0,0.0,10.0,17.5,7.75,1.18,1575.88354492,1951.65014648,-10,17,-10,11,-2.0,18,37,1.0,9.0,3.0,4.5,11.0,1.5,0.0,1.5,8.5,4.5,3.0,6.0,0.5,0.0,A,0,0,1,1.0,0.0,1.0
2023-2024,x-00005,2024-03-09,t-00002,t-00011,2.0,1.0,6.0,4.0,1.22,7.5,13.0,1951.09790039,1727.55249023,22,-4,10,-4,1.0,44,27,1.4,19.4,6.0,7.4,8.8,0.8,0.0,0.8,7.4,2.4,2.0,9.0,0.8,0.0,H,1,0,0,1.0,1.0,0.0
2023-2024,x-00005,2024-03-09,t-00022,t-00034,1.0,1.0,4.0,2.0,1.92,3.76,4.12,1700.63439941,1605.64196777,-4,-7,4,-4,0.0,20,25,1.6666666666666667,9.666666666666666,3.6666666666666665,6.333333333333333,12.0,2.3333333333333335,0.0,1.4230769230769231,12.23076923076923,3.6538461538461537,5.6923076923076925,11.73076923076923,1.8846153846153846,0.0,D,0,1,0,0.0,0.0,0.0
2023-2024,x-00005,2024-03-09,t-00009,t-00055,2.0,2.0,12.0,9.0,1.34,5.79,8.51,1703.56652832,1567.20080566,-1,-15,-2,-2,0.0,20,13,1.3461538461538463,13.23076923076923,4.538461538461538,5.961538461538462,13.153846153846153,2.076923076923077,0.07692307692307693,0.8354430379746836,9.10126582278481,3.0126582278481013,4.886075949367089,11.443037974683545,1.8481012658227849,0.08860759493670886,D,0,1,0,0.0,1.0,0.0
2023-2024,x-00005,2024-03-09,t-00071,t-00026,2.0,1.0,3.0,6.0,2.56,3.44,2.89,1735.24645996,1734.83837891,-1,5,2,-6,2.0,24,27,2.0,10.666666666666666,6.333333333333333,4.0,13.0,1.0,0.0,2.0,13.666666666666666,4.0,4.666666666666667,11.666666666666666,2.6666666666666665,0.0,H,1,0,0,2.0,1.0,0.0
2023-2024,x-00005,2024-03-09,t-00036,t-00025,2.0,0.0,8.0,6.0,1.95,3.74,4.01,1801.62939453,1708.73974609,2,-4,0,-6,3.0,29,24,2.5,19.0,7.5,7.5,9.0,0.0,0.0,0.0,19.5,3.5,5.0,9.5,1.5,0.0,H,1,0,0,3.0,3.0,0.0
2023-2024,x-00005,2024-03-10,t-00069,t-00014,2.0,2.0,4.0,4.0,1.66,4.08,5.43,1771.27514648,1612.70825195,-7,-12,-2,-6,-1.0,18,14,2.0,11.0,3.0,5.0,7.0,3.0,0.0,1.0,11.0,5.0,4.0,11.0,1.0,0.0,D,0,1,0,2.0,1.0,2.0
2023-2024,x-00005,2024-03-10,t-00033,t-00035,1.0,1.0,6.0,6.0,3.48,3.9,2.06,1958.14501953,2047.08068848,7,6,10,7,0.0,34,33,1.3076923076923077,9.076923076923077,3.4615384615384617,3.230769230769231,10.076923076923077,2.0,0.07692307692307693,2.230769230769231,12.153846153846153,4.615384615384615,5.384615384615385,9.615384615384615,2.076923076923077,0.0,D,0,1,0,3.0,2.0,1.0
2023-2024,x-00005,2024-03-10,t-00012,t-00042,1.0,0.0,3.0,4.0,1.63,4.39,5.3,1766.98535156,1658.85424805,4,-2,5,-1,0.0,31,22,1.8644067796610169,15.932203389830509,6.169491525423729,5.966101694915254,11.186440677966102,1.9830508474576272,0.05084745762711865,1.185483870967742,12.120967741935484,3.9556451612903225,5.193548387096774,10.806451612903226,1.6129032258064515,0.03225806451612903,H,1,0,0,0.0,1.0,0.0
2023-2024,x-00005,2024-03-10,t-00003,t-00064,0.0,4.0,1.0,5.0,2.55,3.86,2.66,1843.26184082,1833.75219727,8,3,0,0,-6.0,37,27,2.0,15.0,5.0,3.0,13.0,4.0,0.0,1.0,18.0,8.0,9.0,11.0,0.0,0.0,A,0,0,1,1.0,0.0,3.0
2023-2024,x-00005,2024-03-11,t-00018,t-00040,3.0,2.0,8.0,3.0,1.85,4.31,3.91,1775.47265625,1802.76147461,-3,1,3,-3,5.0,26,25,2.2,11.6,6.0,5.0,10.2,2.6,0.6,1.2,13.4,3.8,5.4,9.8,2.0,0.0,H,1,0,0,5.0,1.0,0.0
2023-2024,x-00005,2024-03-13,t-00009,t-00034,4.0,3.0,10.0,4.0,1.53,4.89,5.69,1697.75317383,1608.47253418,-1,-7,-2,-2,0.0,30,19,1.3703703703703705,13.925925925925926,4.814814814814815,6.111111111111111,13.11111111111111,2.111111111111111,0.07407407407407407,1.4074074074074074,12.074074074074074,3.5925925925925926,5.703703703703703,11.703703703703704,1.9259259259259258,0.0,H,1,0,0,0.0,0.0,0.0
2023-2024,x-00005,2024-03-16,t-00034,t-00042,1.0,1.0,4.0,6.0,2.67,3.59,2.67,1611.17895508,1661.05285645,-6,-3,-1,-2,0.0,18,20,1.4642857142857142,11.928571428571429,3.607142857142857,5.607142857142857,11.678571428571429,1.9285714285714286,0.0,1.180722891566265,12.108433734939759,3.9558232931726907,5.184738955823293,10.819277108433734,1.6224899598393574,0.0321285140562249,D,0,1,0,0.0,0.0,0.0
2023-2024,x-00005,2024-03-16,t-00026,t-00064,3.0,0.0,7.0,5.0,3.45,4.0,2.05,1734.45336914,1858.78967285,4,6,5,4,-3.0,26,27,0.0,10.0,3.0,5.0,14.0,0.0,0.0,2.0,15.0,5.0,3.0,10.0,2.0,0.0,H,1,0,0,0.0,0.0,3.0
2023-2024,x-00005,2024-03-16,t-00014,t-00011,2.0,1.0,6.0,5.0,3.18,3.65,2.28,1624.44433594,1731.61608887,-12,-7,-9,-3,2.0,14,25,0.0,6.0,1.0,5.0,12.0,2.0,1.0,3.0,23.0,10.0,5.0,14.0,5.0,0.0,H,1,0,0,1.0,0.0,0.0
2023-2024,x-00005,2024-03-17,t-00069,t-00003,1.0,1.0,5.0,5.0,2.48,3.69,2.83,1791.07165527,1836.78686523,-4,-1,-4,6,2.0,19,28,1.0,15.5,5.0,10.0,11.5,1.0,0.0,2.5,13.5,5.5,5.0,7.5,0.0,0.0,D,0,1,0,2.0,2.0,0.0
2023-2024,x-00005,2024-03-30,t-00003,t-00071,2.0,0.0,5.0,3.0,1.53,4.41,6.66,1836.8079834,1748.51196289,0,-2,-4,3,-2.0,23,20,2.0,19.0,6.5,9.5,8.5,1.5,0.0,0.5,9.0,3.0,4.0,16.0,3.0,0.5,H,1,0,0,0.0,2.0,2.0
2023-2024,x-00005,2024-03-30,t-00064,t-00034,2.0,1.0,4.0,3.0,1.19,8.37,12.64,1841.69384766,1611.31848145,3,-5,5,-4,0.0,26,18,1.0,15.0,4.0,6.0,7.0,1.0,1.0,0.0,12.0,2.0,5.0,16.0,2.0,0.0,H,1,0,0,0.0,0.0,0.0
2023-2024,x-00005,2024-03-30,t-00009,t-00025,2.0,1.0,4.0,3.0,2.18,3.74,3.24,1709.94335938,1708.59301758,2,-6,-4,-7,6.0,36,25,0.0,11.0,4.0,7.0,15.0,2.0,0.0,3.0,25.0,8.0,8.0,14.0,1.0,0.0,H,1,0,0,3.0,1.0,0.0
2023-2024,x-00005,2024-03-30,t-00040,t-00069,4.0,3.0,9.0,4.0,1.85,4.19,3.96,1801.71228027,1791.05053711,0,2,0,-1,-4.0,22,23,1.8571428571428572,12.0,4.428571428571429,4.428571428571429,11.285714285714286,2.142857142857143,0.0,1.8571428571428572,9.857142857142858,3.5714285714285716,5.0,9.0,2.4285714285714284,0.0,H,1,0,0,2.0,2.0,2.0
2023-2024,x-00005,2024-03-30,t-00055,t-00026,3.0,3.0,4.0,9.0,4.89,4.13,1.71,1578.44628906,1751.54907227,-10,5,-17,-4,0.0,17,27,2.0,2.0,1.0,3.0,9.0,3.0,0.0,0.0,16.0,3.0,12.0,9.0,1.0,0.0,D,0,1,0,0.0,1.0,0.0
2023-2024,x-00005,2024-03-30,t-00011,t-00036,1.0,1.0,5.0,5.0,3.39,4.06,2.06,1722.21020508,1814.65649414,-5,1,-7,0,2.0,24,32,1.6666666666666667,10.0,3.6666666666666665,5.333333333333333,12.0,2.3333333333333335,0.0,1.0,18.0,5.0,7.0,11.0,2.3333333333333335,0.0,D,0,1,0,1.0,0.0,1.0
2023-2024,x-00005,2024-03-30,t-00018,t-00014,2.0,2.0,13.0,7.0,1.25,6.66,11.18,1789.40246582,1633.85009766,1,-9,3,-8,4.0,31,16,4.0,9.0,5.0,3.0,8.0,4.0,0.0,1.0,10.0,3.0,7.0,11.0,2.0,0.0,D,0,1,0,2.0,2.0,1.0
2023-2024,x-00005,2024-03-30,t-00042,t-00022,1.0,1.0,5.0,3.0,2.25,3.4,3.43,1660.91333008,1703.23583984,-2,-1,0,-11,1.0,23,19,1.18,12.124,3.964,5.192,10.844,1.624,0.032,1.5,12.5,3.75,6.75,14.0,2.25,0.0,D,0,1,0,1.0,0.0,0.0
2023-2024,x-00005,2024-03-31,t-00033,t-00012,2.0,1.0,8.0,3.0,1.29,6.6,9.25,1967.69360352,1775.88269043,9,2,10,-3,1.0,39,28,1.6666666666666667,11.666666666666666,4.333333333333333,3.6666666666666665,14.666666666666666,2.0,0.0,2.6666666666666665,12.0,6.0,5.666666666666667,11.0,1.0,0.0,H,1,0,0,3.0,2.0,1.0
2023-2024,x-00005,2024-03-31,t-00035,t-00002,0.0,0.0,1.0,2.0,2.09,3.6,3.72,2052.29907227,1956.63500977,4,21,7,17,14.0,36,43,2.375,14.375,6.0,5.125,9.75,2.375,0.0,0.5,7.375,1.375,2.875,10.0,1.75,0.375,D,0,1,0,6.0,0.0,0.0
2023-2024,x-00005,2024-04-02,t-00009,t-00022,1.0,0.0,6.0,2.0,1.89,3.89,4.14,1716.7779541,1703.3392334,3,1,1,-10,-3.0,33,18,1.4827586206896552,14.172413793103448,4.9655172413793105,6.379310344827586,13.241379310344827,2.0344827586206895,0.06896551724137931,1.4,12.0,3.6,6.6,13.6,2.0,0.0,H,1,0,0,1.0,1.0,2.0
2023-2024,x-00005,2024-04-02,t-00069,t-00064,1.0,1.0,4.0,4.0,3.47,4.26,1.99,1784.5690918,1843.97827148,3,3,-4,-1,0.0,24,24,2.0,11.0,5.0,4.0,12.0,3.0,0.0,1.0,23.0,7.0,8.0,11.0,3.0,0.0,D,0,1,0,2.0,1.0,3.0
2023-2024,x-00005,2024-04-02,t-00040,t-00025,1.0,1.0,6.0,3.0,2.03,3.78,3.72,1808.19360352,1701.75842285,0,-5,3,-5,4.0,26,27,1.0,13.0,3.6666666666666665,6.222222222222222,9.222222222222221,1.0,0.0,2.0,11.88888888888889,4.333333333333333,5.0,13.666666666666666,2.2222222222222223,0.0,D,0,1,0,4.0,0.0,2.0
2023-2024,x-00005,2024-04-02,t-00014,t-00071,1.0,1.0,6.0,2.0,2.36,3.54,3.08,1639.07580566,1741.81323242,-4,-2,-6,-2,4.0,23,18,0.0,12.0,3.0,8.0,15.0,4.0,0.0,1.0,7.0,4.0,6.0,11.0,2.0,0.0,D,0,1,0,3.0,1.0,0.0
2023-2024,x-00005,2024-04-02,t-00042,t-00026,3.0,1.0,4.0,3.0,2.74,3.48,2.66,1660.80993652,1748.0435791,-4,6,-1,-1,-1.0,20,32,2.3333333333333335,9.0,4.333333333333333,3.6666666666666665,11.333333333333334,1.6666666666666667,0.3333333333333333,2.0,11.333333333333334,5.0,5.333333333333333,10.333333333333334,1.6666666666666667,0.3333333333333333,H,1,0,0,0.0,0.0,1.0
2023-2024,x-00005,2024-04-03,t-00035,t-00003,4.0,1.0,11.0,3.0,1.21,7.5,13.5,2048.39575195,1843.50671387,4,1,5,7,8.0,32,25,2.0,13.75,7.75,5.25,12.75,1.5,0.0,0.75,10.25,3.5,3.5,11.5,1.75,0.0,H,1,0,0,4.0,0.0,0.0
2023-2024,x-00005,2024-04-03,t-00011,t-00012,0.0,0.0,2.0,6.0,2.57,3.63,2.75,1723.54150391,1773.12060547,-4,2,-4,-4,1.0,27,28,2.0,7.333333333333333,3.3333333333333335,1.6666666666666667,10.0,1.6666666666666667,0.0,1.6666666666666667,24.0,9.666666666666666,10.666666666666666,13.666666666666666,2.0,0.0,D,0,1,0,1.0,0.0,1.0
2023-2024,x-00005,2024-04-03,t-00002,t-00034,2.0,0.0,4.0,1.0,1.13,10.5,19.5,1960.53833008,1609.03405762,15,-3,9,-5,0.0,33,18,4.0,23.0,9.0,8.0,7.0,1.0,0.0,3.0,6.0,4.0,3.0,14.0,2.0,0.0,H,1,0,0,0.0,0.0,0.0
2023-2024,x-00005,2024-04-04,t-00033,t-00055,3.0,1.0,9.0,3.0,1.06,18.5,31.0,1970.45568848,1581.9519043,8,-12,9,-2,3.0,37,18,1.8,16.6,6.4,7.0,6.6,0.8,0.0,0.2,8.4,1.8,3.8,10.4,1.2,0.0,H,1,0,0,2.0,0.0,0.0
2023-2024,x-00005,2024-04-04,t-00018,t-00036,4.0,3.0,10.0,5.0,1.82,4.41,3.98,1784.17675781,1813.32519531,3,0,1,1,-2.0,38,32,1.0,13.0,3.0,4.0,12.0,0.0,0.0,2.0,28.0,9.0,12.0,12.0,4.0,0.0,H,1,0,0,1.0,4.0,1.0
2023-2024,x-00005,2024-04-06,t-00071,t-00069,1.0,2.0,7.0,4.0,2.91,3.42,2.55,1740.20263672,1784.94665527,-3,1,2,-4,6.0,13,22,0.0,12.0,3.6666666666666665,4.666666666666667,11.0,1.3333333333333333,0.0,3.0,17.0,6.0,5.333333333333333,9.666666666666666,1.6666666666666667,0.0,A,0,0,1,4.0,0.0,1.0
2023-2024,x-00005,2024-04-06,t-00034,t-00009,2.0,1.0,9.0,1.0,3.82,4.07,1.92,1607.39782715,1723.32531738,-4,5,0,-2,0.0,14,35,3.0,8.0,4.0,3.0,11.0,2.0,0.0,4.0,24.0,10.0,11.0,16.0,1.0,0.0,H,1,0,0,0.0,0.0,0.0
2023-2024,x-00005,2024-04-06,t-00003,t-00011,3.0,3.0,3.0,3.0,1.65,4.22,5.31,1838.91540527,1723.59912109,-4,-2,-3,-3,4.0,22,21,1.5,14.5,3.5,8.0,7.0,3.0,0.5,1.0,5.0,4.0,7.5,15.5,4.5,0.5,D,0,1,0,1.0,1.0,0.0
2023-2024,x-00005,2024-04-06,t-00025,t-00014,1.0,0.0,3.0,1.0,1.76,3.92,4.79,1705.89123535,1640.68652344,-5,-1,-4,-7,3.0,26,29,2.0,9.0,6.0,6.0,8.0,1.0,0.0,0.0,14.0,2.0,8.0,9.0,0.0,0.0,H,1,0,0,3.0,0.0,2.0
2023-2024,x-00005,2024-04-06,t-00012,t-00002,0.0,3.0,2.0,7.0,6.55,4.6,1.51,1773.06311035,1962.17468262,-3,12,6,18,-2.0,24,30,1.6666666666666667,9.0,4.0,3.3333333333333335,11.0,2.6666666666666665,0.0,2.0,18.0,6.0,6.333333333333333,11.666666666666666,1.6666666666666667,0.0,A,0,0,1,2.0,2.0,2.0
2023-2024,x-00005,2024-04-06,t-00026,t-00040,0.0,1.0,4.0,5.0,2.47,3.7,2.83,1735.20751953,1804.06079102,3,0,7,-3,-9.0,30,27,1.1428571428571428,10.428571428571429,3.2857142857142856,3.7142857142857144,12.857142857142858,3.142857142857143,0.42857142857142855,1.8571428571428572,16.857142857142858,6.428571428571429,7.571428571428571,7.714285714285714,0.2857142857142857,0.14285714285714285,A,0,0,1,0.0,0.0,3.0
2023-2024,x-00005,2024-04-06,t-00022,t-00035,2.0,4.0,4.0,8.0,8.8,5.35,1.37,1696.79187012,2052.98706055,0,6,4,6,-7.0,16,32,1.1666666666666667,10.5,3.3333333333333335,5.833333333333333,13.666666666666666,2.0,0.0,2.503875968992248,17.65891472868217,6.5271317829457365,7.352713178294573,8.934108527131784,1.313953488372093,0.050387596899224806,A,0,0,1,0.0,2.0,4.0
2023-2024,x-00005,2024-04-07,t-00064,t-00042,3.0,1.0,7.0,6.0,1.42,5.5,6.9,1843.60070801,1673.64599609,4,0,4,-4,2.0,24,21,2.066666666666667,15.366666666666667,5.7,5.933333333333334,10.966666666666667,2.3,0.13333333333333333,1.1865079365079365,12.13888888888889,3.9682539682539684,5.178571428571429,10.841269841269842,1.6150793650793651,0.031746031746031744,H,1,0,0,1.0,0.0,0.0
2023-2024,x-00005,2024-04-07,t-00055,t-00018,2.0,2.0,6.0,3.0,6.69,5.28,1.44,1580.66967773,1791.67468262,-9,2,-16,0,2.0,20,43,0.5,10.0,2.5,5.0,11.5,2.5,0.0,1.5,16.0,5.5,5.5,7.5,1.5,0.0,D,0,1,0,1.0,0.0,1.0
2023-2024,x-00005,2024-04-07,t-00036,t-00033,2.0,2.0,5.0,7.0,5.0,4.85,1.6,1805.82727051,1971.73791504,-2,7,5,8,-6.0,28,38,0.6666666666666666,8.666666666666666,3.0,3.0,11.0,3.3333333333333335,0.3333333333333333,2.6666666666666665,23.0,7.0,8.0,11.0,1.6666666666666667,0.0,D,0,1,0,2.0,2.0,2.0
2023-2024,x-00005,2024-04-13,t-00040,t-00064,4.0,0.0,5.0,2.0,2.65,4.1,2.48,1803.17456055,1839.75817871,4,4,4,1,1.0,30,25,1.0,9.0,3.0,6.0,12.0,3.0,0.0,4.0,23.0,12.0,3.0,10.0,1.0,0.0,H,1,0,0,1.0,1.0,4.0
2023-2024,x-00005,2024-04-13,t-00009,t-00036,2.0,2.0,5.0,2.0,2.38,4.1,2.74,1705.48742676,1800.89550781,2,-1,2,-1,-3.0,33,24,3.0,10.0,4.0,4.0,10.0,1.0,0.0,0.0,20.0,3.0,10.0,7.0,3.0,0.0,D,0,1,0,1.0,0.0,3.0
2023-2024,x-00005,2024-04-13,t-00011,t-00055,2.0,0.0,5.0,2.0,1.49,5.03,6.25,1719.7800293,1576.84350586,-2,-8,-5,-2,0.0,19,22,0.0,10.0,4.0,4.0,13.0,1.0,0.0,1.0,9.0,4.0,3.0,14.0,5.0,0.0,H,1,0,0,0.0,0.0,0.0
2023-2024,x-00005,2024-04-13,t-00014,t-00012,1.0,1.0,3.0,8.0,3.97,4.06,1.88,1627.19689941,1757.04577637,0,-6,-6,0,-1.0,24,19,1.0,6.0,3.0,1.0,8.0,4.0,0.0,1.0,29.0,11.0,9.0,5.0,0.0,0.0,D,0,1,0,1.0,2.0,2.0
2023-2024,x-00005,2024-04-13,t-00042,t-00071,2.0,2.0,9.0,4.0,2.07,3.52,3.81,1661.07788086,1723.83764648,-1,-5,2,-2,0.0,25,18,1.1857707509881423,12.142292490118576,3.9762845849802373,5.16600790513834,10.845849802371541,1.6205533596837944,0.03162055335968379,1.2153846153846153,10.738461538461538,3.9692307692307693,4.123076923076923,11.307692307692308,2.0923076923076924,0.046153846153846156,D,0,1,0,0.0,1.0,0.0
2023-2024,x-00005,2024-04-13,t-00035,t-00034,5.0,1.0,13.0,2.0,1.08,13.5,26.0,2049.05395508,1608.82507324,7,-3,6,-7,0.0,34,21,2.0,18.0,6.0,3.0,6.0,1.0,0.0,1.0,4.0,2.0,6.0,16.0,2.0,0.0,H,1,0,0,0.0,0.0,0.0
2023-2024,x-00005,2024-04-14,t-00002,t-00003,0.0,2.0,4.0,2.0,1.24,7.0,11.5,1958.49890137,1828.61437988,12,-5,13,4,1.0,29,17,2.0,16.0,5.0,6.0,7.5,1.5,0.0,1.5,8.5,4.0,2.5,14.5,3.0,0.0,A,0,0,1,3.0,0.0,1.0
2023-2024,x-00005,2024-04-14,t-00069,t-00026,0.0,2.0,4.0,10.0,2.44,3.68,2.89,1779.99865723,1719.68310547,0,-1,-4,-2,5.0,21,29,1.0,11.25,6.0,3.75,10.25,1.75,0.0,2.0,13.75,5.0,4.75,8.75,1.75,0.0,A,0,0,1,3.0,0.0,0.0
2023-2024,x-00005,2024-04-14,t-00033,t-00022,0.0,1.0,6.0,5.0,1.18,8.5,14.5,1937.80224609,1685.81542969,4,-5,8,-6,10.0,32,14,2.189189189189189,16.895752895752896,6.127413127413128,6.745173745173745,9.764478764478765,1.2432432432432432,0.04247104247104247,1.2857142857142858,10.0,3.4285714285714284,5.285714285714286,13.571428571428571,1.8571428571428572,0.0,A,0,0,1,5.0,1.0,0.0
2023-2024,x-00005,2024-04-15,t-00018,t-00025,6.0,0.0,10.0,2.0,1.67,4.25,5.1,1779.09008789,1702.97009277,2,-4,1,-5,6.0,40,26,1.2,18.8,5.2,7.2,10.0,1.4,0.0,1.0,8.2,2.8,5.0,9.6,1.2,0.0,H,1,0,0,3.0,3.0,0.0
2023-2024,x-00005,2024-04-20,t-00071,t-00002,0.0,2.0,3.0,9.0,11.75,6.6,1.26,1717.08557129,1925.61950684,-2,4,-2,20,-2.0,19,23,1.5,5.0,3.5,0.5,9.0,2.0,0.0,2.5,25.0,7.5,10.5,8.0,0.5,0.0,A,0,0,1,2.0,0.0,3.0
2023-2024,x-00005,2024-04-20,t-00055,t-00014,1.0,4.0,11.0,9.0,2.66,3.55,2.7,1565.45117188,1622.92883301,-4,0,-16,-6,4.0,24,23,0.8809523809523809,9.130952380952381,3.119047619047619,4.821428571428571,11.392857142857142,1.9166666666666667,0.08333333333333333,1.0,10.818181818181818,3.484848484848485,4.9393939393939394,11.333333333333334,1.8181818181818181,0.21212121212121213,A,0,0,1,2.0,0.0,0.0
2023-2024,x-00005,2024-04-20,t-00034,t-00011,1.0,5.0,3.0,9.0,2.92,3.54,2.48,1601.02880859,1718.25732422,-6,1,-3,-5,0.0,19,20,1.0,7.0,1.0,5.0,8.0,2.0,0.0,3.0,27.0,6.0,7.0,10.0,1.0,0.0,A,0,0,1,0.0,0.0,0.0
2023-2024,x-00005,2024-04-21,t-00025,t-00042,2.0,0.0,4.0,3.0,2.34,3.3,3.36,1684.39794922,1654.91467285,-8,0,-1,-5,0.0,17,30,1.6666666666666667,9.666666666666666,3.1666666666666665,2.5,10.333333333333334,1.8333333333333333,0.0,0.6666666666666666,16.0,3.3333333333333335,6.666666666666667,10.0,0.8333333333333334,0.0,H,1,0,0,0.0,1.0,0.0
2023-2024,x-00005,2024-04-21,t-00003,t-00009,3.0,1.0,4.0,6.0,1.87,4.11,4.03,1833.84594727,1700.2578125,1,2,-1,-1,2.0,18,26,2.0,11.0,3.0,7.0,12.0,3.0,0.0,2.0,15.0,7.0,7.0,16.0,5.0,0.0,H,1,0,0,1.0,0.0,1.0
2023-2024,x-00005,2024-04-21,t-00026,t-00033,1.0,3.0,5.0,7.0,4.65,4.5,1.68,1728.60229492,1917.14160156,2,2,6,6,-1.0,33,36,1.4285714285714286,9.142857142857142,3.5714285714285716,3.7142857142857144,10.285714285714286,1.0,0.0,2.2857142857142856,14.714285714285714,5.0,5.285714285714286,9.714285714285714,1.2857142857142858,0.0,A,0,0,1,0.0,2.0,1.0
2023-2024,x-00005,2024-04-21,t-00022,t-00069,5.0,2.0,7.0,1.0,2.23,3.55,3.36,1694.42871094,1756.26245117,-2,-2,0,-3,0.0,18,21,1.25,9.75,3.625,4.75,13.125,1.75,0.0,1.455958549222798,11.601036269430052,4.010362694300518,4.803108808290156,9.533678756476684,1.4404145077720207,0.046632124352331605,H,1,0,0,2.0,2.0,2.0
2023-2024,x-00005,2024-04-23,t-00002,t-00018,5.0,0.0,10.0,1.0,1.41,5.3,7.65,1931.63696289,1784.74694824,5,8,6,-1,3.0,26,44,2.0,13.0,3.0,7.0,14.0,3.0,0.0,2.0,11.0,5.0,2.0,7.0,3.0,0.0,H,1,0,0,3.0,1.0,2.0
2023-2024,x-00005,2024-04-24,t-00025,t-00033,2.0,0.0,6.0,7.0,7.65,5.35,1.4,1692.96252441,1923.58190918,-4,4,1,4,-3.0,15,37,0.5833333333333334,7.416666666666667,3.1666666666666665,3.9166666666666665,8.833333333333334,0.8333333333333334,0.08333333333333333,2.0,21.666666666666668,6.75,8.583333333333334,8.0,0.75,0.0,H,1,0,0,0.0,5.0,1.0
2023-2024,x-00005,2024-04-24,t-00036,t-00055,4.0,2.0,13.0,4.0,1.32,6.3,8.59,1793.20996094,1551.76660156,1,-7,4,-3,2.0,25,26,1.5,14.871428571428572,5.257142857142857,5.5,10.985714285714286,2.142857142857143,0.02857142857142857,0.8823529411764706,9.235294117647058,3.211764705882353,4.894117647058824,11.376470588235295,1.9058823529411764,0.08235294117647059,H,1,0,0,1.0,0.0,1.0
2023-2024,x-00005,2024-04-24,t-00071,t-00009,0.0,1.0,4.0,6.0,2.81,3.67,2.5,1711.06799316,1695.03356934,-5,-1,-3,-3,2.0,19,22,2.0,20.0,7.0,12.0,10.0,6.0,0.0,1.0,7.0,4.0,3.0,15.0,2.0,1.0,A,0,0,1,2.0,0.0,1.0
2023-2024,x-00005,2024-04-24,t-00022,t-00040,2.0,0.0,7.0,2.0,3.09,3.69,2.31,1708.83105469,1811.57678223,1,5,2,0,-1.0,21,28,1.6666666666666667,10.666666666666666,4.0,4.666666666666667,12.666666666666666,1.8888888888888888,0.0,1.4691943127962086,12.578199052132701,4.388625592417061,5.431279620853081,9.777251184834123,1.6824644549763033,0.03317535545023697,H,1,0,0,1.0,4.0,1.0
2023-2024,x-00005,2024-04-25,t-00012,t-00035,0.0,4.0,3.0,6.0,7.9,5.85,1.36,1748.39868164,2038.48059082,-3,9,1,6,-10.0,22,39,1.0,11.0,4.0,3.3333333333333335,13.0,2.3333333333333335,0.0,2.0,11.0,4.666666666666667,3.3333333333333335,10.333333333333334,1.3333333333333333,0.3333333333333333,A,0,0,1,1.0,1.0,4.0
2023-2024,x-00005,2024-04-27,t-00025,t-00011,1.0,0.0,1.0,4.0,3.0,3.44,2.48,1710.77856445,1730.81945801,-1,6,3,0,0.0,18,24,1.75,13.25,4.75,5.5,10.0,1.5,0.25,1.0,12.25,3.75,3.25,9.25,1.25,0.0,H,1,0,0,1.0,0.0,1.0
2023-2024,x-00005,2024-04-27,t-00026,t-00022,1.0,1.0,2.0,4.0,2.11,3.45,3.78,1722.1619873,1721.81286621,-3,3,2,-2,-3.0,31,25,1.395973154362416,12.48993288590604,4.181208053691275,5.402684563758389,11.06711409395973,1.8120805369127517,0.09395973154362416,1.7,11.6,4.3,4.9,12.4,2.0,0.0,D,0,1,0,0.0,1.0,2.0
2023-2024,x-00005,2024-04-27,t-00040,t-00055,5.0,1.0,7.0,5.0,1.2,7.87,12.52,1798.5949707,1548.78393555,4,-9,8,-7,4.0,27,26,1.0,11.5,2.5,3.5,9.0,2.0,0.0,1.5,12.0,4.5,6.0,14.5,1.5,0.0,H,1,0,0,2.0,0.0,0.0
2023-2024,x-00005,2024-04-27,t-00071,t-00034,2.0,1.0,5.0,6.0,1.93,3.85,3.96,1701.31103516,1588.4666748,-4,-10,-2,-8,0.0,20,18,1.0,3.0,3.0,1.0,17.0,2.0,1.0,1.0,20.0,4.0,10.0,12.0,0.0,0.0,H,1,0,0,0.0,0.0,0.0
2023-2024,x-00005,2024-04-27,t-00036,t-00014,1.0,1.0,10.0,7.0,1.5,5.29,5.72,1796.19262695,1636.61328125,1,2,6,-1,2.0,30,26,1.0,11.0,4.0,5.0,12.0,2.0,0.0,0.0,12.0,4.0,9.0,6.0,1.0,0.0,D,0,1,0,2.0,2.0,1.0
2023-2024,x-00005,2024-04-27,t-00003,t-00018,2.0,2.0,4.0,5.0,2.05,4.08,3.43,1839.07019043,1777.04223633,3,2,2,-3,-4.0,17,37,2.0,18.0,6.5,8.5,13.25,2.75,0.25,1.25,11.0,5.5,4.75,15.0,3.25,0.25,D,0,1,0,1.0,0.0,3.0
2023-2024,x-00005,2024-04-27,t-00069,t-00033,2.0,2.0,8.0,8.0,5.35,4.95,1.56,1741.86010742,1905.76574707,-5,1,0,4,-4.0,17,36,1.0,7.9,3.4,4.0,8.9,1.4,0.0,2.3,18.4,6.2,6.4,8.0,0.3,0.0,D,0,1,0,1.0,1.0,4.0
2023-2024,x-00005,2024-04-28,t-00042,t-00035,0.0,2.0,2.0,5.0,11.0,6.2,1.29,1646.35009766,2044.11242676,-2,13,3,9,0.0,27,39,1.3076923076923077,9.76923076923077,2.3846153846153846,2.6923076923076925,8.23076923076923,0.7692307692307693,0.15384615384615385,2.0,17.23076923076923,6.3076923076923075,8.076923076923077,9.076923076923077,1.9230769230769231,0.15384615384615385,A,0,0,1,0.0,1.0,0.0
2023-2024,x-00005,2024-04-28,t-00009,t-00012,3.0,0.0,6.0,1.0,1.96,4.17,3.57,1704.79052734,1742.7668457,-1,-8,3,1,3.0,24,22,1.0,12.0,4.0,4.0,17.0,3.0,0.0,3.0,13.0,4.0,4.0,12.0,3.0,0.0,H,1,0,0,3.0,0.0,1.0
2023-2024,x-00005,2024-04-28,t-00064,t-00002,2.0,3.0,2.0,3.0,4.35,4.21,1.78,1818.4407959,1939.3416748,-4,10,5,16,4.0,22,34,2.0,13.0,5.0,4.0,19.0,4.0,0.0,2.0,13.0,6.0,11.0,12.0,3.0,0.0,A,0,0,1,4.0,1.0,1.0
2023-2024,x-00005,2024-05-02,t-00018,t-00064,2.0,0.0,5.0,3.0,2.46,4.04,2.68,1780.27734375,1812.31103516,2,-2,6,-3,5.0,29,19,4.0,17.0,8.0,6.0,21.0,5.0,0.0,1.0,8.0,5.0,1.0,12.0,1.0,2.0,H,1,0,0,3.0,2.0,1.0
2023-2024,x-00005,2024-05-03,t-00034,t-00025,1.0,1.0,5.0,3.0,2.78,3.7,2.52,1579.14099121,1712.69311523,-10,0,-5,-9,0.0,21,16,2.0,9.0,2.0,6.0,10.0,1.0,0.0,1.0,23.0,5.0,3.0,8.0,0.0,0.0,D,0,1,0,0.0,0.0,0.0
2023-2024,x-00005,2024-05-04,t-00002,t-00009,3.0,0.0,9.0,2.0,1.21,7.25,14.0,1940.22131348,1712.58886719,9,1,9,0,9.0,33,24,4.0,15.0,8.0,6.0,10.0,1.0,0.0,0.0,8.0,1.0,6.0,11.0,0.0,0.0,H,1,0,0,4.0,0.0,0.0
2023-2024,x-00005,2024-05-04,t-00011,t-00026,0.0,0.0,3.0,3.0,2.09,3.8,3.49,1718.40478516,1715.34460449,5,-3,-1,0,1.0,23,24,2.6666666666666665,14.666666666666666,6.333333333333333,3.3333333333333335,10.333333333333334,1.3333333333333333,0.0,1.6666666666666667,12.333333333333334,5.333333333333333,4.666666666666667,14.333333333333334,2.6666666666666665,0.3333333333333333,D,0,1,0,1.0,0.0,0.0
2023-2024,x-00005,2024-05-04,t-00035,t-00071,5.0,1.0,12.0,1.0,1.1,13.5,24.0,2041.10253906,1700.13647461,15,-3,10,-4,8.0,43,23,2.5,21.5,6.5,6.0,10.5,3.0,0.0,1.5,8.0,1.5,2.0,14.0,3.5,0.0,H,1,0,0,4.0,0.0,1.0
2023-2024,x-00005,2024-05-04,t-00014,t-00040,1.0,4.0,5.0,11.0,3.37,4.21,2.02,1636.84887695,1797.2833252,2,7,-6,-4,-1.0,26,25,0.0,8.0,2.0,3.0,15.0,3.0,0.0,2.0,20.0,8.0,5.0,7.0,1.0,0.0,A,0,0,1,2.0,0.0,3.0
2023-2024,x-00005,2024-05-04,t-00055,t-00042,1.0,3.0,5.0,4.0,5.08,4.27,1.67,1539.59533691,1638.85974121,-11,-4,-14,-7,0.0,28,24,0.6666666666666666,8.333333333333334,3.0,6.666666666666667,12.0,2.6666666666666665,0.0,1.0,10.0,2.6666666666666665,4.333333333333333,8.333333333333334,0.6666666666666666,0.0,A,0,0,1,0.0,0.0,0.0
2023-2024,x-00005,2024-05-05,t-00033,t-00064,4.0,2.0,13.0,6.0,1.42,5.9,6.4,1897.46826172,1796.8092041,-1,-5,5,-5,4.0,35,18,1.0,12.0,4.0,5.0,17.0,4.0,2.0,2.0,24.0,8.0,12.0,11.0,5.0,0.0,H,1,0,0,4.0,2.0,0.0
2023-2024,x-00005,2024-05-05,t-00018,t-00069,5.0,0.0,14.0,2.0,1.5,5.15,5.91,1785.27893066,1739.65734863,3,-4,10,-3,6.0,24,21,1.0,24.0,6.0,8.0,9.5,1.5,0.0,2.0,7.5,3.5,2.0,9.0,2.0,0.5,H,1,0,0,4.0,1.0,1.0
2023-2024,x-00005,2024-05-05,t-00012,t-00003,1.0,0.0,8.0,1.0,2.41,3.85,2.84,1724.46838379,1813.33972168,-10,1,-3,1,-3.0,20,16,1.0,8.666666666666666,3.0,5.666666666666667,17.0,3.3333333333333335,0.0,3.3333333333333335,13.0,5.333333333333333,3.0,15.0,5.0,0.0,H,1,0,0,0.0,2.0,2.0
2023-2024,x-00005,2024-05-06,t-00022,t-00036,4.0,0.0,10.0,2.0,1.99,4.05,3.57,1718.13000488,1785.45690918,4,1,6,-2,-3.0,27,35,1.6363636363636365,11.818181818181818,4.2727272727272725,5.2727272727272725,12.636363636363637,2.0,0.0,1.5277777777777777,15.180555555555555,5.430555555555555,5.555555555555555,10.875,2.0972222222222223,0.027777777777777776,H,1,0,0,1.0,2.0,3.0
2023-2024,x-00005,2024-05-11,t-00071,t-00022,1.0,3.0,7.0,3.0,3.31,3.63,2.22,1693.41870117,1730.31616211,-6,10,-2,-2,2.0,17,33,1.2,10.628571428571428,3.9285714285714284,4.0285714285714285,11.428571428571429,2.1857142857142855,0.04285714285714286,1.8333333333333333,12.333333333333334,4.75,5.333333333333333,12.583333333333334,1.9166666666666667,0.0,A,0,0,1,3.0,0.0,2.0
2023-2024,x-00005,2024-05-11,t-00064,t-00014,2.0,1.0,9.0,3.0,1.31,6.53,8.32,1786.66821289,1623.328125,-7,-1,3,2,11.0,20,25,5.0,20.0,10.0,4.0,9.0,3.0,0.0,2.0,16.0,4.0,7.0,15.0,4.0,0.0,H,1,0,0,4.0,1.0,0.0
2023-2024,x-00005,2024-05-11,t-00026,t-00035,0.0,4.0,1.0,9.0,10.9,7.4,1.24,1712.68518066,2039.16235352,-1,16,3,9,-6.0,24,44,0.75,6.625,2.875,2.875,9.625,2.125,0.0,3.25,16.0,6.75,6.5,7.875,1.5,0.125,A,0,0,1,0.0,0.0,3.0
2023-2024,x-00005,2024-05-11,t-00069,t-00034,3.0,1.0,8.0,1.0,1.88,4.27,3.77,1723.35327148,1577.02612305,-9,-8,-2,-9,0.0,19,25,2.0,9.0,3.0,6.0,13.0,1.0,0.0,1.0,16.0,1.0,9.0,8.0,1.0,0.0,H,1,0,0,0.0,0.0,0.0
2023-2024,x-00005,2024-05-11,t-00040,t-00012,1.0,1.0,7.0,4.0,1.6,4.84,5.01,1802.14599609,1729.05041504,10,-9,12,-7,0.0,30,22,2.5,15.5,5.5,4.5,17.0,3.0,0.0,2.0,11.5,4.0,3.0,15.0,4.0,0.0,D,0,1,0,2.0,2.0,2.0
2023-2024,x-00005,2024-05-11,t-00042,t-00018,2.0,3.0,4.0,5.0,4.04,3.98,1.88,1644.18371582,1792.92504883,-4,8,-1,-5,0.0,24,35,2.5,13.5,5.5,6.0,9.0,1.5,0.0,2.0,10.0,5.5,3.5,7.5,2.5,0.0,A,0,0,1,0.0,1.0,0.0
2023-2024,x-00005,2024-05-11,t-00025,t-00055,1.0,0.0,6.0,1.0,1.44,5.07,7.03,1706.14990234,1525.61340332,-1,-13,4,-10,-3.0,16,27,0.6666666666666666,6.666666666666667,2.3333333333333335,4.0,11.0,1.0,0.0,1.3333333333333333,10.0,4.0,7.0,13.0,1.0,0.0,H,1,0,0,0.0,0.0,2.0
2023-2024,x-00005,2024-05-11,t-00009,t-00011,1.0,2.0,4.0,5.0,2.16,3.88,3.25,1704.37487793,1712.40625,-1,5,6,1,0.0,25,24,2.0,12.0,5.0,2.0,13.0,2.0,0.0,2.0,21.0,7.0,5.0,6.0,1.0,0.0,A,0,0,1,0.0,1.0,0.0
2023-2024,x-00005,2024-05-12,t-00036,t-00002,0.0,1.0,2.0,5.0,9.75,7.05,1.26,1764.6126709,1939.77722168,-2,9,3,12,2.0,32,35,2.0,8.666666666666666,4.0,3.0,9.666666666666666,2.6666666666666665,0.0,2.3333333333333335,19.333333333333332,4.333333333333333,9.666666666666666,8.333333333333334,2.0,0.0,A,0,0,1,3.0,2.0,1.0
2023-2024,x-00005,2024-05-13,t-00003,t-00033,3.0,3.0,5.0,7.0,3.9,4.58,1.8,1785.89672852,1898.95141602,3,1,0,1,1.0,14,41,0.8333333333333334,9.333333333333334,3.5,3.1666666666666665,8.666666666666666,1.6666666666666667,0.0,2.6666666666666665,16.0,6.166666666666667,6.833333333333333,10.5,1.0,0.0,D,0,1,0,1.0,0.0,3.0
2023-2024,x-00005,2024-05-14,t-00064,t-00035,0.0,2.0,5.0,5.0,6.6,6.35,1.38,1789.68395996,2043.98498535,-8,18,5,12,5.0,22,45,3.0,8.0,4.0,8.0,14.0,4.0,0.0,3.0,18.0,4.0,10.0,14.0,4.0,0.0,A,0,0,1,4.0,0.0,2.0
2023-2024,x-00005,2024-05-15,t-00012,t-00018,1.0,2.0,2.0,6.0,3.2,4.22,2.09,1732.65527344,1798.50402832,-6,3,-5,-4,0.0,24,30,2.0,18.0,9.0,8.0,12.0,5.0,0.0,3.0,8.0,5.0,5.0,16.0,3.0,1.0,A,0,0,1,1.0,2.0,3.0
2023-2024,x-00005,2024-05-15,t-00036,t-00040,3.0,2.0,8.0,8.0,2.73,3.9,2.47,1759.70214844,1798.5411377,-3,9,3,-2,9.0,29,32,0.0,9.666666666666666,1.3333333333333333,3.6666666666666665,12.666666666666666,1.6666666666666667,0.0,1.0,17.666666666666668,4.0,6.0,8.333333333333334,0.6666666666666666,0.0,H,1,0,0,5.0,1.0,0.0
2023-2024,x-00005,2024-05-19,t-00033,t-00071,2.0,0.0,14.0,3.0,1.13,10.69,16.27,1897.31982422,1681.17480469,2,-8,4,-9,11.0,42,20,1.5,15.5,6.0,6.0,6.5,2.0,0.0,1.0,8.0,2.0,3.5,8.5,1.5,0.0,H,1,0,0,5.0,0.0,0.0
2023-2024,x-00005,2024-05-19,t-00002,t-00025,2.0,1.0,5.0,2.0,1.22,7.16,13.07,1944.68774414,1709.01843262,12,6,9,-9,10.0,36,20,0.875,15.25,3.875,7.5,8.5,1.125,0.125,0.375,11.25,2.875,4.0,10.375,1.75,0.0,H,1,0,0,5.0,0.0,1.0
2023-2024,x-00005,2024-05-19,t-00035,t-00069,3.0,1.0,12.0,2.0,1.07,15.01,27.84,2048.72460938,1728.05700684,16,-8,13,-6,8.0,37,23,2.3,19.6,7.3,7.5,7.0,1.0,0.0,0.8,5.8,2.1,2.5,8.2,1.3,0.0,H,1,0,0,6.0,0.0,0.0
2023-2024,x-00005,2024-05-19,t-00012,t-00036,0.0,2.0,3.0,4.0,2.66,4.03,2.48,1725.0201416,1767.1262207,-7,-2,-6,-7,2.0,18,35,2.0,16.0,7.0,4.5,9.5,3.0,0.0,0.5,15.0,4.5,7.0,11.0,3.0,0.0,A,0,0,1,4.0,0.0,2.0
2023-2024,x-00005,2024-05-19,t-00055,t-00064,0.0,3.0,1.0,9.0,7.99,6.11,1.35,1522.74499512,1784.94433594,-12,-6,-11,-11,0.0,26,25,0.8876404494382022,9.438202247191011,3.235955056179775,4.898876404494382,11.303370786516854,1.853932584269663,0.0898876404494382,1.9189189189189189,15.243243243243244,5.54054054054054,6.1891891891891895,11.243243243243244,2.3783783783783785,0.10810810810810811,A,0,0,1,1.0,0.0,1.0
2023-2024,x-00005,2024-05-19,t-00014,t-00042,1.0,2.0,3.0,6.0,2.85,3.9,2.35,1620.31237793,1638.60473633,-1,-3,-4,-3,0.0,27,22,1.0810810810810811,11.162162162162161,3.7567567567567566,4.783783783783784,11.243243243243244,1.8918918918918919,0.1891891891891892,1.189922480620155,12.19767441860465,3.9844961240310077,5.166666666666667,10.84108527131783,1.6162790697674418,0.031007751937984496,A,0,0,1,0.0,0.0,0.0
2023-2024,x-00005,2024-05-19,t-00011,t-00040,2.0,4.0,5.0,7.0,2.99,4.05,2.24,1721.72021484,1791.11694336,6,4,2,0,-3.0,26,35,1.0,9.0,3.2,4.4,10.2,2.2,0.2,2.6,16.8,6.4,7.2,11.4,1.2,0.0,A,0,0,1,0.0,0.0,2.0
2023-2024,x-00005,2024-05-19,t-00022,t-00003,5.0,0.0,9.0,2.0,1.63,4.64,4.99,1742.55993652,1787.52832031,11,3,7,-1,3.0,31,16,1.9230769230769231,12.384615384615385,4.615384615384615,5.153846153846154,12.538461538461538,1.9230769230769231,0.07692307692307693,1.831858407079646,12.557522123893806,4.539823008849558,5.734513274336283,10.716814159292035,2.1946902654867255,0.04424778761061947,H,1,0,0,3.0,0.0,1.0
2023-2024,x-00005,2024-05-19,t-00034,t-00026,2.0,4.0,6.0,7.0,3.11,3.99,2.19,1572.3223877,1707.86254883,-11,-4,-4,-1,0.0,17,21,0.0,7.0,2.0,2.0,14.0,2.0,0.0,1.0,13.0,2.0,6.0,6.0,2.0,0.0,A,0,0,1,0.0,0.0,0.0
2023-2024,x-00005,2024-05-19,t-00018,t-00009,2.0,1.0,6.0,5.0,1.4,5.59,7.23,1806.13928223,1695.06091309,9,-2,14,-3,0.0,35,24,0.0,14.0,6.0,7.0,20.0,5.0,0.0,0.0,13.0,4.0,1.0,15.0,1.0,0.0,H,1,0,0,2.0,0.0,2.0
2024-2025,x-00005,2024-08-16,t-00036,t-00026,1.0,0.0,5.0,2.0,1.65,4.23,5.28,1779.00756836,1716.24890137,-2,-4,2,2,3.0,26,18,1.5,17.0,7.75,5.5,11.25,1.5,0.0,1.0,14.75,4.5,8.0,9.75,3.25,0.0,H,1,0,0,2.0,1.0,1.0
2024-2025,x-00005,2024-08-17,t-00040,t-00057,1.0,0.0,1.0,4.0,1.42,5.3,7.26,1801.77697754,1599.58837891,8,-7,9,-6,6.0,40,20,0.0,0.0,0.0,0.0,0.0,0.0,0.0,0.0,0.0,0.0,0.0,0.0,0.0,0.0,H,1,0,0,5.0,1.0,0.0
2024-2025,x-00005,2024-08-17,t-00042,t-00009,1.0,1.0,8.0,4.0,2.24,3.5,3.37,1647.68566895,1691.10290527,-2,-1,-1,-6,-2.0,19,23,1.5,9.5,5.5,6.0,11.0,1.0,0.5,2.0,13.5,4.5,8.5,14.5,3.0,0.5,D,0,1,0,0.0,0.0,2.0
2024-2025,x-00005,2024-08-17,t-00025,t-00012,0.0,3.0,1.0,5.0,3.15,3.41,2.4,1706.82666016,1713.13879395,3,-5,7,-4,-1.0,18,18,0.0,0.0,0.0,0.0,0.0,0.0,0.0,0.0,0.0,0.0,0.0,0.0,0.0,0.0,A,0,0,1,4.0,1.0,2.0
2024-2025,x-00005,2024-08-17,t-00030,t-00033,0.0,2.0,2.0,5.0,8.14,6.09,1.34,1568.3013916,1900.66357422,0,2,0,0,0.0,0,49,0.0,0.0,0.0,0.0,0.0,0.0,0.0,0.0,0.0,0.0,0.0,0.0,0.0,0.0,A,0,0,1,0.0,0.0,0.0
2024-2025,x-00005,2024-08-17,t-00069,t-00003,1.0,2.0,3.0,3.0,2.54,3.51,2.86,1726.22692871,1770.39428711,-8,-4,0,-7,2.0,21,16,1.0,8.0,2.5,6.5,16.0,3.0,0.0,0.5,14.5,3.5,6.5,7.5,2.0,0.0,A,0,0,1,2.0,3.0,0.0
2024-2025,x-00005,2024-08-17,t-00002,t-00071,2.0,0.0,6.0,3.0,1.15,9.05,18.76,1946.8795166,1677.83105469,11,-8,9,-8,6.0,32,20,2.3333333333333335,24.666666666666668,8.0,7.666666666666667,8.333333333333334,1.0,0.0,1.0,5.0,3.3333333333333335,0.6666666666666666,10.666666666666666,2.3333333333333335,0.0,H,1,0,0,3.0,2.0,1.0
2024-2025,x-00005,2024-08-18,t-00018,t-00035,0.0,2.0,3.0,5.0,3.86,3.91,1.97,1810.09716797,2050.5546875,10,14,15,14,-3.0,36,43,0.0,0.0,0.0,0.0,0.0,0.0,0.0,0.0,0.0,0.0,0.0,0.0,0.0,0.0,A,0,0,1,2.0,1.0,4.0
2024-2025,x-00005,2024-08-18,t-00011,t-00022,2.0,1.0,5.0,6.0,2.92,3.24,2.66,1711.06018066,1759.69396973,2,13,0,2,0.0,26,33,1.4210526315789473,11.508771929824562,4.280701754385965,4.447368421052632,9.728070175438596,1.7894736842105263,0.05263157894736842,2.142857142857143,12.571428571428571,4.928571428571429,4.928571428571429,12.357142857142858,1.8571428571428572,0.07142857142857142,H,1,0,0,0.0,3.0,0.0
2024-2025,x-00005,2024-08-19,t-00032,t-00064,1.0,1.0,3.0,7.0,4.64,4.33,1.71,1643.6541748,1790.53527832,-4,-2,-2,-5,-1.0,24,32,0.0,15.0,1.0,6.0,16.0,2.0,0.0,2.0,12.0,6.0,4.0,11.0,4.0,1.0,D,0,1,0,3.0,0.0,3.0
2024-2025,x-00005,2024-08-24,t-00003,t-00002,0.0,2.0,3.0,4.0,4.85,4.04,1.74,1778.88110352,1949.72546387,-5,8,4,7,0.0,15,28,1.6666666666666667,9.333333333333334,3.3333333333333335,3.6666666666666665,12.0,2.3333333333333335,0.0,1.3333333333333333,16.666666666666668,4.666666666666667,5.333333333333333,9.0,2.0,0.0,A,0,0,1,3.0,0.0,2.0
2024-2025,x-00005,2024-08-24,t-00012,t-00036,2.0,1.0,5.0,4.0,2.42,3.76,2.86,1729.67834473,1784.34533691,1,-1,-9,-3,-1.0,22,21,3.0,10.0,5.0,5.0,8.0,1.0,0.0,1.5064935064935066,15.012987012987013,5.35064935064935,5.558441558441558,10.818181818181818,2.0779220779220777,0.025974025974025976,H,1,0,0,4.0,0.0,3.0
2024-2025,x-00005,2024-08-24,t-00026,t-00032,2.0,1.0,6.0,4.0,1.88,3.81,4.26,1711.4395752,1646.46044922,-3,-4,-4,-5,0.0,15,21,3.3333333333333335,15.0,5.333333333333333,7.0,8.666666666666666,1.3333333333333333,0.0,0.6666666666666666,8.333333333333334,1.6666666666666667,2.3333333333333335,10.666666666666666,1.3333333333333333,0.0,H,1,0,0,1.0,1.0,1.0
2024-2025,x-00005,2024-08-24,t-00035,t-00030,4.0,1.0,5.0,1.0,1.1,11.0,31.0,2055.95288086,1565.40979004,14,-2,13,0,0.0,43,2,2.5355805243445695,17.65917602996255,6.588014981273409,7.333333333333333,8.827715355805243,1.2921348314606742,0.04868913857677903,0.0,7.0,2.0,2.0,9.0,3.0,0.0,H,1,0,0,0.0,0.0,0.0
2024-2025,x-00005,2024-08-24,t-00022,t-00069,0.0,2.0,2.0,3.0,1.97,3.84,3.84,1752.19470215,1718.26855469,10,-6,12,-10,3.0,32,23,2.066666666666667,12.666666666666666,5.0,5.066666666666666,12.533333333333333,2.066666666666667,0.06666666666666667,1.0,10.375,3.2916666666666665,4.875,13.416666666666666,2.2916666666666665,0.08333333333333333,A,0,0,1,3.0,2.0,2.0
2024-2025,x-00005,2024-08-24,t-00057,t-00042,0.0,1.0,1.0,8.0,2.33,3.54,3.11,1597.34350586,1647.64697266,-6,0,-8,-1,-1.0,21,24,0.0,19.0,4.0,12.0,16.0,4.0,0.0,1.1923076923076923,12.203846153846154,4.007692307692308,5.1461538461538465,10.842307692307692,1.6076923076923078,0.03076923076923077,A,0,0,1,0.0,0.0,1.0
2024-2025,x-00005,2024-08-24,t-00064,t-00025,4.0,0.0,7.0,1.0,1.37,5.66,8.0,1788.25744629,1690.81567383,0,-2,1,-8,8.0,36,13,2.0,11.0,6.0,4.0,10.0,0.5,0.0,1.5,16.0,6.5,8.5,13.0,3.5,0.0,H,1,0,0,5.0,1.0,1.0
2024-2025,x-00005,2024-08-25,t-00033,t-00011,2.0,0.0,8.0,2.0,1.22,7.75,12.5,1904.08361816,1719.08789062,6,-1,6,3,7.0,47,22,2.0,18.0,5.0,10.0,18.0,1.0,0.0,1.4260869565217391,11.486956521739131,4.28695652173913,4.443478260869565,9.695652173913043,1.7826086956521738,0.05217391304347826,H,1,0,0,3.0,0.0,0.0
2024-2025,x-00005,2024-08-25,t-00071,t-00018,2.0,6.0,4.0,8.0,3.91,3.94,1.93,1675.5135498,1806.05212402,-9,6,-5,-3,0.0,19,34,1.1643835616438356,10.547945205479452,3.9452054794520546,4.027397260273973,11.479452054794521,2.1780821917808217,0.0547945205479452,0.0,10.0,3.0,4.0,12.0,1.0,0.0,A,0,0,1,4.0,1.0,1.0
2024-2025,x-00005,2024-08-25,t-00009,t-00040,1.0,1.0,4.0,5.0,2.63,3.66,2.68,1691.67016602,1804.55029297,-2,5,4,3,-1.0,21,34,2.0,15.5,8.5,4.0,16.0,2.5,0.0,1.0,12.5,5.0,4.5,6.5,1.0,0.0,D,0,1,0,1.0,3.0,1.0
2024-2025,x-00005,2024-08-31,t-00030,t-00026,1.0,1.0,4.0,4.0,3.07,3.43,2.43,1564.64892578,1716.5345459,-5,-2,-2,1,0.0,3,19,0.5,4.0,1.5,1.5,12.0,3.0,0.0,1.3870967741935485,12.44516129032258,4.15483870967742,5.393548387096774,11.09032258064516,1.8129032258064517,0.0967741935483871,D,0,1,0,0.0,0.0,0.0
2024-2025,x-00005,2024-08-31,t-00025,t-00009,2.0,3.0,8.0,7.0,3.14,3.45,2.39,1682.30615234,1693.33972168,-7,-5,3,-5,5.0,13,19,2.0,16.0,5.5,8.0,12.5,1.5,0.0,1.0,11.0,4.0,8.0,14.5,1.5,0.0,A,0,0,1,4.0,0.0,1.0
2024-2025,x-00005,2024-08-31,t-00032,t-00003,1.0,2.0,3.0,5.0,4.01,3.87,1.92,1641.47790527,1771.80822754,-3,-7,-1,-6,2.0,16,14,1.0,5.5,2.5,4.0,11.5,2.5,0.0,1.0,10.5,3.0,5.5,8.0,2.0,0.0,A,0,0,1,1.0,1.0,2.0
2024-2025,x-00005,2024-08-31,t-00002,t-00012,1.0,1.0,7.0,4.0,1.37,5.48,8.43,1956.9107666,1737.63647461,9,1,9,0,-1.0,29,19,1.9022988505747127,14.471264367816092,4.971264367816092,5.7701149425287355,10.0,1.5517241379310345,0.08620689655172414,2.5,12.0,5.0,4.5,8.5,1.0,0.0,D,0,1,0,3.0,1.0,3.0
2024-2025,x-00005,2024-08-31,t-00011,t-00057,3.0,1.0,7.0,6.0,1.82,3.91,4.46,1715.25512695,1589.20019531,-2,-6,1,-6,6.0,20,17,1.4137931034482758,11.456896551724139,4.267241379310345,4.439655172413793,9.672413793103448,1.793103448275862,0.05172413793103448,0.0,12.0,2.5,8.0,15.0,3.5,0.0,H,1,0,0,2.0,0.0,0.0
2024-2025,x-00005,2024-08-31,t-00042,t-00071,1.0,1.0,5.0,3.0,2.0,3.7,3.88,1655.90270996,1663.48242188,3,-14,-1,-8,0.0,30,18,2.0,18.0,9.0,10.0,15.0,2.0,0.0,2.0,11.0,4.0,1.0,10.0,3.0,0.0,D,0,1,0,0.0,2.0,0.0
2024-2025,x-00005,2024-08-31,t-00069,t-00035,1.0,3.0,2.0,8.0,7.7,5.25,1.41,1733.01074219,2056.82617188,-4,13,-1,14,-9.0,18,36,0.0,10.0,1.0,7.0,10.0,2.0,0.0,3.0,13.0,7.0,5.0,10.0,1.0,0.0,A,0,0,1,0.0,2.0,5.0
2024-2025,x-00005,2024-09-01,t-00018,t-00022,1.0,1.0,7.0,3.0,1.68,4.24,5.05,1818.37097168,1737.56494141,5,8,12,1,11.0,28,30,3.0,12.0,5.5,4.5,12.5,2.0,0.0,1.9375,12.75,4.8125,4.9375,12.3125,2.0,0.0625,D,0,1,0,7.0,0.0,0.0
2024-2025,x-00005,2024-09-01,t-00040,t-00064,2.0,1.0,3.0,6.0,2.53,3.89,2.66,1802.99304199,1796.87939453,2,6,9,-5,6.0,28,37,2.5,13.5,4.0,11.0,13.0,1.5,0.0,2.0,17.0,7.0,3.0,11.0,2.5,0.0,H,1,0,0,2.0,1.0,4.0
2024-2025,x-00005,2024-09-01,t-00036,t-00033,0.0,3.0,3.0,3.0,3.51,4.11,2.0,1776.49963379,1908.02880859,2,8,3,2,-6.0,23,47,1.5,14.961538461538462,5.333333333333333,5.538461538461538,10.846153846153847,2.076923076923077,0.02564102564102564,2.0,18.5,6.5,9.5,14.0,1.5,0.0,A,0,0,1,2.0,3.0,2.0
2024-2025,x-00005,2024-09-14,t-00035,t-00011,2.0,1.0,7.0,5.0,1.21,7.2,13.92,2060.1875,1720.56262207,11,0,16,2,2.0,35,24,1.3333333333333333,20.5,7.5,8.5,8.333333333333334,0.6666666666666666,0.0,0.6666666666666666,8.0,3.5,3.3333333333333335,8.666666666666666,1.8333333333333333,0.0,H,1,0,0,2.0,0.0,1.0
2024-2025,x-00005,2024-09-14,t-00026,t-00069,1.0,1.0,5.0,3.0,2.36,3.41,3.21,1713.80615234,1729.64941406,-2,-1,-6,-7,2.0,20,18,1.0,10.0,5.0,4.0,12.0,2.0,0.0,1.0,8.0,2.0,3.0,17.0,0.0,0.0,D,0,1,0,1.0,1.0,2.0
2024-2025,x-00005,2024-09-14,t-00033,t-00042,0.0,1.0,5.0,3.0,1.22,7.11,12.95,1918.19824219,1654.55664062,9,1,7,0,4.0,37,31,2.3333333333333335,16.0,5.333333333333333,7.0,11.666666666666666,1.3333333333333333,0.0,1.1908396946564885,12.259541984732824,4.026717557251908,5.17175572519084,10.870229007633588,1.618320610687023,0.030534351145038167,A,0,0,1,2.0,0.0,0.0
2024-2025,x-00005,2024-09-14,t-00022,t-00032,2.0,2.0,4.0,4.0,1.67,4.02,5.43,1741.25500488,1635.51501465,4,-1,12,-5,0.0,23,15,1.8823529411764706,12.529411764705882,4.705882352941177,4.9411764705882355,12.352941176470589,2.0,0.058823529411764705,1.0,9.982758620689655,3.1379310344827585,3.413793103448276,11.672413793103448,2.2413793103448274,0.034482758620689655,D,0,1,0,3.0,2.0,1.0
2024-2025,x-00005,2024-09-14,t-00009,t-00018,0.0,1.0,7.0,3.0,3.17,3.79,2.23,1702.62670898,1814.68103027,-1,4,3,1,1.0,24,30,1.4390243902439024,14.341463414634147,4.878048780487805,6.195121951219512,13.024390243902438,2.097560975609756,0.07317073170731707,2.3333333333333335,12.333333333333334,6.0,4.333333333333333,11.333333333333334,2.6666666666666665,0.0,A,0,0,1,1.0,2.0,2.0
2024-2025,x-00005,2024-09-14,t-00057,t-00036,0.0,3.0,4.0,10.0,4.2,4.12,1.82,1583.89282227,1766.33032227,-6,0,-6,-4,-2.0,22,24,0.3333333333333333,14.0,3.6666666666666665,8.0,12.333333333333334,2.6666666666666665,0.0,1.481012658227848,14.873417721518987,5.30379746835443,5.531645569620253,10.79746835443038,2.1012658227848102,0.02531645569620253,A,0,0,1,0.0,3.0,3.0
2024-2025,x-00005,2024-09-14,t-00003,t-00025,3.0,2.0,8.0,2.0,1.68,4.0,5.44,1777.77111816,1673.01928711,-5,-8,0,-11,10.0,18,18,2.3333333333333335,13.5,6.333333333333333,4.833333333333333,10.0,2.1666666666666665,0.0,0.5,12.166666666666666,3.5,4.833333333333333,12.166666666666666,3.0,0.0,H,1,0,0,4.0,1.0,0.0
2024-2025,x-00005,2024-09-14,t-00012,t-00030,0.0,0.0,6.0,1.0,1.53,4.61,6.22,1744.21130371,1567.37731934,1,-5,-5,-3,0.0,19,7,2.0,15.333333333333334,4.666666666666667,5.333333333333333,8.0,1.3333333333333333,0.0,0.6666666666666666,6.333333333333333,2.3333333333333335,3.6666666666666665,13.0,2.6666666666666665,0.0,D,0,1,0,0.0,0.0,0.0
2024-2025,x-00005,2024-09-15,t-00064,t-00002,0.0,1.0,5.0,4.0,2.77,3.49,2.63,1790.56726074,1950.3359375,4,6,4,9,3.0,34,27,2.0,13.5,3.5,6.0,15.5,3.0,0.0,2.5,11.0,4.5,8.5,14.0,2.0,0.0,A,0,0,1,4.0,1.0,2.0
2024-2025,x-00005,2024-09-15,t-00071,t-00040,1.0,2.0,5.0,6.0,3.6,3.73,2.07,1664.82836914,1809.30517578,-10,3,-8,2,1.0,20,24,1.0,11.0,4.25,4.5,10.75,1.5,0.0,1.75,15.5,6.5,6.0,10.75,2.25,0.0,A,0,0,1,1.0,5.0,0.0
2024-2025,x-00005,2024-09-21,t-00064,t-00011,3.0,1.0,10.0,6.0,1.48,5.1,6.23,1789.84094238,1723.8293457,5,-2,1,1,1.0,34,24,2.5,18.5,5.5,5.5,13.0,3.0,0.0,2.0,10.0,5.5,3.0,13.5,2.0,0.0,H,1,0,0,2.0,0.0,1.0
2024-2025,x-00005,2024-09-21,t-00026,t-00040,3.0,1.0,11.0,4.0,3.02,3.57,2.41,1717.21252441,1819.29907227,2,5,-5,5,-10.0,24,22,1.0,10.875,3.375,5.0,12.5,2.875,0.375,1.75,16.25,6.25,7.0,8.375,0.5,0.125,H,1,0,0,0.0,0.0,4.0
2024-2025,x-00005,2024-09-21,t-00057,t-00030,1.0,1.0,3.0,6.0,2.42,3.48,3.06,1580.22961426,1577.62963867,-7,-5,-7,-3,0.0,25,8,0.25,12.0,3.75,6.0,12.0,2.25,0.25,0.5,6.25,2.0,3.25,13.75,2.75,0.0,D,0,1,0,0.0,0.0,0.0
2024-2025,x-00005,2024-09-21,t-00003,t-00071,3.0,1.0,4.0,4.0,1.67,4.21,5.16,1794.17895508,1663.76245117,-4,-9,1,-8,0.0,21,18,2.0,16.333333333333332,6.0,8.0,9.333333333333334,2.0,0.0,0.3333333333333333,10.333333333333334,3.0,4.0,17.0,3.3333333333333335,0.3333333333333333,H,1,0,0,1.0,2.0,2.0
2024-2025,x-00005,2024-09-21,t-00033,t-00009,3.0,0.0,13.0,6.0,1.25,6.85,10.91,1918.96020508,1700.74829102,8,-1,4,-2,18.0,35,27,1.75,15.5,5.25,7.0,12.5,2.0,0.0,1.4047619047619047,14.452380952380953,4.928571428571429,6.190476190476191,13.095238095238095,2.1904761904761907,0.07142857142857142,H,1,0,0,5.0,0.0,0.0
2024-2025,x-00005,2024-09-21,t-00032,t-00025,1.0,1.0,2.0,5.0,2.1,3.52,3.69,1644.2479248,1673.23718262,-1,-10,-3,-12,-3.0,18,14,1.0,11.5,3.0,3.5,13.0,2.0,0.0,1.5,11.0,3.0,3.0,15.5,2.5,0.0,D,0,1,0,2.0,1.0,3.0
2024-2025,x-00005,2024-09-21,t-00022,t-00036,0.0,0.0,4.0,6.0,2.8,3.55,2.57,1741.44995117,1778.92138672,2,2,9,0,3.0,24,26,4.0,18.0,10.0,6.0,12.0,1.0,0.0,0.0,7.0,2.0,3.0,8.0,1.0,0.0,D,0,1,0,2.0,2.0,3.0
2024-2025,x-00005,2024-09-21,t-00069,t-00018,0.0,3.0,7.0,5.0,3.59,3.94,2.01,1735.17089844,1825.48730469,-3,4,-3,7,3.0,13,27,1.037037037037037,10.666666666666666,3.2222222222222223,4.62962962962963,13.592592592592593,2.2962962962962963,0.07407407407407407,2.0,11.75,5.25,4.0,10.75,4.0,0.0,A,0,0,1,4.0,2.0,1.0
2024-2025,x-00005,2024-09-22,t-00035,t-00002,2.0,2.0,11.0,3.0,1.81,3.66,4.91,2060.79858398,1959.76721191,10,6,14,7,12.0,37,26,2.111111111111111,14.11111111111111,5.444444444444445,5.333333333333333,9.666666666666666,2.111111111111111,0.0,0.4444444444444444,7.222222222222222,1.4444444444444444,3.0,11.11111111111111,1.7777777777777777,0.3333333333333333,D,0,1,0,6.0,1.0,0.0
2024-2025,x-00005,2024-09-22,t-00012,t-00042,2.0,2.0,3.0,3.0,1.84,3.82,4.45,1742.88671875,1674.14599609,2,3,-1,3,1.0,23,30,1.5,16.75,5.0,6.25,9.5,2.0,0.0,1.1901140684410647,12.2319391634981,4.022813688212928,5.159695817490494,10.85171102661597,1.6273764258555132,0.030418250950570342,D,0,1,0,1.0,1.0,0.0
2024-2025,x-00005,2024-09-28,t-00040,t-00035,1.0,1.0,4.0,6.0,4.9,4.23,1.69,1805.36962891,2055.7277832,1,8,10,12,-6.0,19,36,0.75,7.583333333333333,2.75,3.1666666666666665,9.333333333333334,2.25,0.0,2.75,17.583333333333332,6.583333333333333,6.833333333333333,8.916666666666666,1.6666666666666667,0.08333333333333333,D,0,1,0,1.0,2.0,4.0
2024-2025,x-00005,2024-09-28,t-00025,t-00022,2.0,1.0,2.0,5.0,2.79,3.35,2.7,1672.88037109,1740.18395996,-9,-3,0,2,6.0,17,19,1.0,19.0,4.0,3.0,8.0,0.0,0.0,1.0,10.0,4.0,6.0,12.0,2.0,0.0,H,1,0,0,5.0,2.0,0.0
2024-2025,x-00005,2024-09-28,t-00002,t-00032,4.0,2.0,16.0,3.0,1.2,6.8,17.5,1962.97167969,1642.73840332,5,-2,11,-3,5.0,24,16,2.3333333333333335,16.666666666666668,6.666666666666667,7.666666666666667,11.0,1.3333333333333333,0.0,0.6666666666666666,5.666666666666667,2.0,3.3333333333333335,10.333333333333334,2.0,0.0,H,1,0,0,4.0,1.0,1.0
2024-2025,x-00005,2024-09-28,t-00071,t-00033,1.0,2.0,3.0,6.0,8.72,5.95,1.33,1657.4519043,1922.2331543,-9,9,-7,3,-2.0,19,34,1.1688311688311688,10.584415584415584,3.948051948051948,4.038961038961039,11.714285714285714,2.25974025974026,0.05194805194805195,2.0,16.2,6.8,6.2,12.0,1.8,0.0,A,0,0,1,1.0,0.0,5.0
2024-2025,x-00005,2024-09-28,t-00018,t-00012,4.0,2.0,7.0,5.0,1.81,4.2,4.15,1836.27294922,1738.61462402,6,4,6,0,2.0,26,23,2.2,11.8,5.2,4.2,10.4,3.6,0.0,1.6,16.2,4.6,6.8,10.0,2.2,0.0,H,1,0,0,4.0,2.0,1.0
2024-2025,x-00005,2024-09-28,t-00042,t-00026,0.0,1.0,1.0,2.0,2.65,3.16,3.0,1676.55175781,1729.27563477,2,2,-3,3,1.0,27,28,2.4285714285714284,10.0,4.285714285714286,3.5714285714285716,10.714285714285714,1.4285714285714286,0.2857142857142857,1.8571428571428572,12.285714285714286,4.714285714285714,5.714285714285714,10.0,1.4285714285714286,0.2857142857142857,A,0,0,1,1.0,0.0,1.0
2024-2025,x-00005,2024-09-28,t-00011,t-00069,1.0,1.0,3.0,3.0,2.26,3.56,3.27,1715.77160645,1722.51879883,-2,-4,3,-8,5.0,25,18,0.0,10.0,3.0,2.0,8.0,1.0,0.0,2.0,11.0,9.0,5.0,12.0,1.0,0.0,D,0,1,0,3.0,0.0,0.0
2024-2025,x-00005,2024-09-29,t-00030,t-00003,2.0,2.0,5.0,3.0,3.64,3.59,2.1,1578.171875,1798.62304688,-5,3,-2,-2,0.0,14,23,0.6,7.6,2.8,4.6,14.2,3.0,0.0,1.8235294117647058,12.512605042016807,4.5210084033613445,5.6722689075630255,10.756302521008404,2.2184873949579833,0.04201680672268908,D,0,1,0,0.0,0.0,0.0
2024-2025,x-00005,2024-09-29,t-00036,t-00064,0.0,3.0,2.0,10.0,2.12,3.89,3.27,1771.99353027,1799.45849609,0,4,-2,-2,-1.0,28,35,1.0,15.5,4.0,7.0,8.0,2.5,0.0,2.0,16.5,6.0,9.0,7.0,1.0,0.0,A,0,0,1,4.0,1.0,2.0
2024-2025,x-00005,2024-09-30,t-00009,t-00057,3.0,1.0,6.0,3.0,1.49,4.69,6.79,1695.60888672,1577.82104492,-3,-7,1,-8,-3.0,28,18,1.372093023255814,14.55813953488372,4.953488372093023,6.255813953488372,13.069767441860465,2.2325581395348837,0.06976744186046512,0.4,11.8,3.6,5.2,12.8,2.6,0.2,H,1,0,0,0.0,2.0,2.0
2024-2025,x-00005,2024-10-05,t-00002,t-00057,3.0,1.0,6.0,2.0,1.16,8.18,18.71,1980.42700195,1581.51977539,5,-8,8,-8,5.0,34,17,1.904494382022472,14.47752808988764,5.02808988764045,5.797752808988764,10.01685393258427,1.5842696629213484,0.09550561797752809,0.5,11.333333333333334,3.5,5.0,12.666666666666666,3.0,0.16666666666666666,H,1,0,0,3.0,3.0,0.0
2024-2025,x-00005,2024-10-05,t-00011,t-00071,5.0,3.0,12.0,6.0,2.11,3.61,3.6,1723.67822266,1663.44592285,-3,-8,1,-10,-4.0,23,19,1.25,12.0,4.5,6.25,7.25,1.75,0.0,1.0,10.5,3.25,4.75,11.25,1.25,0.0,H,1,0,0,0.0,1.0,2.0
2024-2025,x-00005,2024-10-05,t-00069,t-00030,4.0,1.0,13.0,2.0,1.92,3.84,4.05,1733.03955078,1591.76403809,-3,-3,-4,-3,0.0,18,17,1.0,11.10344827586207,3.3448275862068964,4.758620689655173,13.620689655172415,2.413793103448276,0.06896551724137931,0.8333333333333334,8.833333333333334,3.1666666666666665,5.5,13.5,3.1666666666666665,0.0,H,1,0,0,0.0,0.0,0.0
2024-2025,x-00005,2024-10-05,t-00025,t-00040,0.0,0.0,2.0,3.0,3.71,3.77,2.0,1690.60229492,1819.73474121,-5,0,-1,0,-1.0,18,22,1.9,11.7,4.2,4.8,13.7,2.3,0.0,1.0,13.5,3.9,6.3,9.2,0.9,0.0,D,0,1,0,3.0,2.0,2.0
2024-2025,x-00005,2024-10-05,t-00032,t-00009,1.0,0.0,2.0,2.0,3.7,3.81,2.02,1650.01062012,1710.33752441,-4,-1,-3,-6,3.0,16,30,1.0327868852459017,9.918032786885245,3.1311475409836067,3.377049180327869,11.62295081967213,2.262295081967213,0.03278688524590164,1.4090909090909092,14.545454545454545,4.9772727272727275,6.2727272727272725,13.204545454545455,2.227272727272727,0.06818181818181818,H,1,0,0,2.0,1.0,1.0
2024-2025,x-00005,2024-10-05,t-00022,t-00033,0.0,1.0,5.0,4.0,5.14,4.1,1.69,1740.88952637,1938.53405762,-3,8,7,6,-11.0,18,35,1.75,12.95,4.65,5.05,11.95,1.9,0.05,2.0,15.166666666666666,6.666666666666667,6.833333333333333,11.333333333333334,2.0,0.0,A,0,0,1,0.0,1.0,6.0
2024-2025,x-00005,2024-10-05,t-00035,t-00026,3.0,2.0,7.0,4.0,1.26,6.52,11.37,2060.79541016,1746.57043457,6,4,10,2,10.0,37,28,3.3333333333333335,16.0,7.0,6.555555555555555,7.666666666666667,1.3333333333333333,0.1111111111111111,0.6666666666666666,6.0,2.6666666666666665,2.6666666666666665,9.555555555555555,2.0,0.1111111111111111,H,1,0,0,4.0,0.0,0.0
2024-2025,x-00005,2024-10-06,t-00018,t-00042,1.0,1.0,8.0,9.0,1.52,4.7,6.34,1854.42822266,1677.6842041,10,1,6,5,-1.0,30,20,2.5,12.333333333333334,5.5,4.833333333333333,10.5,3.5,0.0,1.1886792452830188,12.19622641509434,4.007547169811321,5.1471698113207545,10.852830188679246,1.6377358490566039,0.033962264150943396,D,0,1,0,0.0,1.0,1.0
2024-2025,x-00005,2024-10-06,t-00003,t-00036,0.0,0.0,1.0,4.0,2.23,3.84,3.13,1812.45141602,1769.52490234,2,-4,1,0,-4.0,23,25,1.5,11.5,4.75,5.75,8.0,2.25,0.0,1.75,13.0,5.25,4.25,11.25,2.0,0.0,D,0,1,0,1.0,1.0,3.0
2024-2025,x-00005,2024-10-06,t-00012,t-00064,3.0,2.0,4.0,3.0,2.94,3.95,2.3,1741.71520996,1826.37011719,-1,7,-2,3,3.0,23,38,1.6666666666666667,16.0,4.666666666666667,6.0,9.666666666666666,2.1666666666666665,0.0,1.9545454545454546,15.727272727272727,5.886363636363637,6.613636363636363,11.340909090909092,2.3636363636363638,0.09090909090909091,H,1,0,0,3.0,1.0,3.0
2024-2025,x-00005,2024-10-19,t-00064,t-00069,4.0,1.0,7.0,4.0,1.45,5.45,6.25,1817.8951416,1738.89550781,2,-2,4,-5,5.0,34,28,1.9555555555555555,15.666666666666666,5.822222222222222,6.622222222222222,11.311111111111112,2.3555555555555556,0.08888888888888889,1.1,11.5,3.6666666666666665,4.766666666666667,13.566666666666666,2.3333333333333335,0.06666666666666667,H,1,0,0,3.0,2.0,2.0
2024-2025,x-00005,2024-10-19,t-00009,t-00002,2.0,0.0,4.0,1.0,5.17,3.71,1.76,1702.34118652,1981.57556152,-2,5,3,5,-7.0,28,36,0.0,7.5,1.5,3.5,11.5,1.5,0.0,3.5,20.0,8.5,6.0,13.0,1.5,0.0,H,1,0,0,1.0,1.0,3.0
2024-2025,x-00005,2024-10-19,t-00057,t-00032,2.0,3.0,7.0,4.0,2.23,3.5,3.41,1580.37109375,1658.00695801,-9,-2,-6,-5,-9.0,18,14,0.5714285714285714,10.857142857142858,3.2857142857142856,4.428571428571429,12.142857142857142,3.0,0.14285714285714285,1.032258064516129,9.85483870967742,3.1129032258064515,3.3225806451612905,11.629032258064516,2.2903225806451615,0.03225806451612903,A,0,0,1,1.0,2.0,3.0
2024-2025,x-00005,2024-10-19,t-00026,t-00003,1.0,3.0,4.0,5.0,2.48,3.46,2.98,1745.21484375,1809.49841309,2,4,-1,-4,-1.0,26,21,0.6,11.4,4.2,5.2,13.2,2.8,0.0,1.6,10.8,3.8,5.0,8.4,2.6,0.0,A,0,0,1,1.0,0.0,2.0
2024-2025,x-00005,2024-10-19,t-00036,t-00011,2.0,1.0,11.0,2.0,1.67,4.41,4.92,1772.47790527,1730.86865234,-3,1,-5,-5,5.0,25,33,1.0,16.25,5.0,6.25,11.75,2.25,0.0,1.5,15.25,4.0,7.5,10.75,2.25,0.0,H,1,0,0,3.0,0.0,0.0
2024-2025,x-00005,2024-10-19,t-00040,t-00012,0.0,1.0,6.0,5.0,1.75,4.08,4.67,1817.75646973,1750.19018555,0,-1,6,-2,1.0,20,22,1.4910714285714286,12.65625,4.4375,5.450892857142857,9.808035714285714,1.7276785714285714,0.03571428571428571,1.8571428571428572,15.285714285714286,4.571428571428571,5.714285714285714,10.285714285714286,2.142857142857143,0.0,A,0,0,1,2.0,3.0,2.0
2024-2025,x-00005,2024-10-19,t-00030,t-00025,0.0,2.0,2.0,8.0,2.44,3.43,3.06,1585.90820312,1692.58056641,-3,-1,-2,-6,0.0,18,19,0.8571428571428571,8.857142857142858,3.0,5.428571428571429,12.428571428571429,2.857142857142857,0.0,1.0122448979591836,10.73469387755102,3.5183673469387755,4.404081632653061,10.453061224489796,1.7836734693877552,0.024489795918367346,A,0,0,1,0.0,0.0,0.0
2024-2025,x-00005,2024-10-20,t-00071,t-00035,1.0,2.0,2.0,7.0,8.08,5.46,1.38,1656.25549316,2062.15112305,-6,4,-7,10,-7.0,21,39,1.3333333333333333,6.0,1.3333333333333333,1.3333333333333333,15.0,3.6666666666666665,0.0,3.3333333333333335,21.0,8.333333333333334,6.0,8.333333333333334,2.0,0.0,A,0,0,1,2.0,1.0,3.0
2024-2025,x-00005,2024-10-20,t-00033,t-00018,2.0,1.0,5.0,2.0,1.72,4.4,4.55,1943.14672852,1848.45141602,7,6,8,10,4.0,31,30,1.8571428571428572,15.285714285714286,6.285714285714286,7.0,11.857142857142858,2.0,0.0,2.2857142857142856,13.714285714285714,5.857142857142857,5.714285714285714,10.714285714285714,3.857142857142857,0.0,H,1,0,0,3.0,3.0,1.0
2024-2025,x-00005,2024-10-21,t-00042,t-00022,1.0,0.0,6.0,7.0,2.38,3.3,3.29,1683.66101074,1736.27685547,0,-2,-4,0,1.0,21,21,1.0,12.0,5.0,4.0,14.0,1.0,0.0,1.0,10.0,3.0,6.0,12.0,1.0,0.0,H,1,0,0,1.0,1.0,0.0
2024-2025,x-00005,2024-10-25,t-00032,t-00042,1.0,3.0,1.0,5.0,3.07,3.4,2.46,1673.09545898,1698.94213867,0,1,1,3,4.0,15,22,1.0634920634920635,9.984126984126984,3.126984126984127,3.365079365079365,11.603174603174603,2.3015873015873014,0.031746031746031744,1.1872659176029963,12.239700374531836,4.033707865168539,5.142322097378277,10.846441947565543,1.6404494382022472,0.03745318352059925,A,0,0,1,1.0,0.0,0.0
2024-2025,x-00005,2024-10-26,t-00011,t-00030,4.0,3.0,9.0,5.0,1.68,4.16,5.19,1733.06689453,1583.6192627,-2,-5,3,-6,0.0,28,16,1.4426229508196722,11.459016393442623,4.344262295081967,4.450819672131147,9.508196721311476,1.7868852459016393,0.04918032786885246,0.75,9.375,2.875,5.375,12.375,2.625,0.0,H,1,0,0,0.0,0.0,0.0
2024-2025,x-00005,2024-10-26,t-00012,t-00071,2.0,2.0,6.0,7.0,1.58,4.41,5.79,1768.90112305,1662.16430664,0,-7,0,-8,5.0,23,20,1.75,14.625,4.625,5.5,10.125,2.125,0.0,1.1875,10.5375,3.9375,3.9625,11.7,2.2875,0.05,D,0,1,0,2.0,3.0,1.0
2024-2025,x-00005,2024-10-26,t-00035,t-00057,1.0,0.0,8.0,2.0,1.12,10.5,23.0,2073.35571289,1580.25488281,3,-8,7,-9,13.0,38,19,2.5328467153284673,17.740875912408757,6.605839416058394,7.412408759124087,8.755474452554745,1.3211678832116789,0.04744525547445255,0.75,11.25,3.75,5.125,11.875,3.25,0.25,H,1,0,0,5.0,1.0,0.0
2024-2025,x-00005,2024-10-26,t-00003,t-00009,1.0,1.0,8.0,3.0,1.79,3.97,4.54,1834.56469727,1728.59997559,5,-1,1,-4,4.0,21,25,2.5,12.5,3.5,7.5,10.0,2.0,0.0,1.5,14.5,6.5,5.5,15.0,4.0,0.0,D,0,1,0,2.0,0.0,1.0
2024-2025,x-00005,2024-10-26,t-00025,t-00026,1.0,1.0,5.0,3.0,2.71,3.36,2.73,1709.84179688,1741.38513184,2,0,-2,1,-2.0,19,26,0.5714285714285714,12.571428571428571,4.714285714285714,5.142857142857143,10.0,1.7142857142857142,0.0,1.5714285714285714,15.714285714285714,4.428571428571429,8.0,9.857142857142858,1.4285714285714286,0.2857142857142857,D,0,1,0,1.0,0.0,3.0
2024-2025,x-00005,2024-10-27,t-00018,t-00040,2.0,1.0,7.0,3.0,1.82,4.03,4.29,1857.30163574,1814.01794434,5,-2,1,1,5.0,25,23,2.125,13.5,5.375,5.75,11.0,3.75,0.0,1.4844444444444445,12.693333333333333,4.444444444444445,5.466666666666667,9.813333333333333,1.728888888888889,0.035555555555555556,H,1,0,0,6.0,1.0,0.0
2024-2025,x-00005,2024-10-27,t-00022,t-00064,1.0,0.0,6.0,3.0,3.78,3.97,1.95,1735.96813965,1834.84545898,-3,6,2,4,-2.0,25,35,1.0,4.0,1.0,1.0,16.0,2.0,0.0,3.0,14.0,6.0,11.0,7.0,1.0,0.0,H,1,0,0,1.0,2.0,4.0
2024-2025,x-00005,2024-10-27,t-00002,t-00033,2.0,2.0,3.0,4.0,2.27,3.46,3.35,1971.04333496,1962.43310547,3,5,7,7,-1.0,30,33,1.9,14.511111111111111,5.011111111111111,5.8277777777777775,10.022222222222222,1.5722222222222222,0.1,1.875,14.5,6.125,6.25,11.875,2.25,0.0,D,0,1,0,3.0,2.0,2.0
2024-2025,x-00005,2024-10-27,t-00069,t-00036,2.0,1.0,3.0,5.0,3.39,3.72,2.15,1738.74816895,1784.82861328,-3,1,-1,4,2.0,30,33,0.0,7.5,1.5,7.0,10.0,1.5,0.0,1.5,21.5,7.5,8.0,10.0,3.0,0.0,H,1,0,0,4.0,1.0,2.0
2024-2025,x-00005,2024-11-02,t-00040,t-00002,,,,,,,,1808.8314209,1969.03271484,-4,2,1,2,-2.0,20,29,0.7142857142857143,9.857142857142858,3.2857142857142856,5.428571428571429,11.428571428571429,2.5714285714285716,0.0,1.2857142857142858,15.857142857142858,4.142857142857143,6.285714285714286,10.428571428571429,2.142857142857143,0.0,D,0,1,0,3.0,0.0,4.0
2024-2025,x-00005,2024-11-02,t-00033,t-00012,,,,,,,,1964.44372559,1764.390625,6,0,7,2,1.0,32,23,1.8888888888888888,13.88888888888889,5.888888888888889,5.888888888888889,12.11111111111111,2.2222222222222223,0.0,1.7777777777777777,15.11111111111111,4.777777777777778,5.888888888888889,10.333333333333334,2.2222222222222223,0.0,D,0,1,0,4.0,2.0,1.0
2024-2025,x-00005,2024-11-02,t-00009,t-00035,,,,,,,,1733.09277344,2073.80615234,0,3,2,7,-8.0,21,39,0.5,9.0,2.5,2.0,11.5,1.5,0.0,3.5,18.0,7.0,10.0,7.0,1.0,0.0,D,0,1,0,0.0,0.0,5.0
2024-2025,x-00005,2024-11-02,t-00057,t-00025,,,,,,,,1579.80419922,1708.96386719,-6,3,-5,-4,3.0,17,22,0.6666666666666666,10.555555555555555,3.5555555555555554,4.666666666666667,11.555555555555555,3.2222222222222223,0.2222222222222222,1.0161943319838056,10.732793522267206,3.54251012145749,4.417004048582996,10.441295546558704,1.777327935222672,0.024291497975708502,D,0,1,0,4.0,0.0,2.0
2024-2025,x-00005,2024-11-02,t-00042,t-00069,,,,,,,,1711.70996094,1746.24499512,2,-2,-1,-3,3.0,24,30,1.1940298507462686,12.26865671641791,4.037313432835821,5.149253731343284,10.83955223880597,1.6417910447761195,0.03731343283582089,1.125,11.5,3.65625,4.8125,13.375,2.4375,0.09375,D,0,1,0,2.0,0.0,0.0
2024-2025,x-00005,2024-11-02,t-00030,t-00032,,,,,,,,1580.42822266,1660.32763672,-6,-2,-4,-2,0.0,20,12,1.0,9.555555555555555,3.111111111111111,5.333333333333333,12.11111111111111,2.4444444444444446,0.1111111111111111,1.0625,10.0,3.09375,3.40625,11.671875,2.34375,0.03125,D,0,1,0,0.0,0.0,0.0
2024-2025,x-00005,2024-11-02,t-00071,t-00022,,,,,,,,1666.67480469,1744.9744873,-6,-2,-9,-1,2.0,22,27,1.0,13.0,7.0,8.0,13.0,3.0,0.0,3.0,13.0,3.0,3.0,12.0,2.0,1.0,D,0,1,0,3.0,0.0,3.0
2024-2025,x-00005,2024-11-03,t-00064,t-00003,,,,,,,,1825.83911133,1830.07189941,6,4,6,-1,-1.0,33,21,2.5,13.5,6.5,6.5,13.0,1.0,0.0,1.0,12.5,3.0,4.5,12.0,2.0,0.5,D,0,1,0,2.0,0.0,3.0
2024-2025,x-00005,2024-11-03,t-00036,t-00018,,,,,,,,1777.33178711,1862.48815918,-3,5,-3,8,8.0,28,29,0.0,0.0,0.0,0.0,0.0,0.0,0.0,0.0,0.0,0.0,0.0,0.0,0.0,0.0,D,0,1,0,4.0,3.0,0.0
2024-2025,x-00005,2024-11-04,t-00026,t-00011,,,,,,,,1742.26293945,1736.25793457,0,0,-3,-5,-2.0,24,32,1.25,13.0,4.75,5.0,12.25,2.25,0.25,2.0,12.75,5.5,4.25,8.5,1.25,0.0,D,0,1,0,1.0,0.0,1.0
